cluster,day0_usage,day0_found,day15_usage,day15_found,vdjdb_yfv,vdjdb_yfv_day0,vdjdb_yfv_day15,delta,cluster_size,yfv_15_frac_in_cluster
0,0.0,0,3.8066669965778065e-06,1,0,0,0,39.06666996577807,1,0.0
1,0.006226709345967015,2,0.005178970448844107,3,0,0,0,0.8317374374403307,4,0.0
2,3.8083849210807435e-06,1,1.142000098973342e-05,3,0,0,0,2.9475093222261024,3,0.0
3,7.616769842161487e-06,2,3.8066669965778065e-06,1,0,0,0,0.5062567727798837,3,0.0
4,0.0,0,7.613333993155613e-06,2,0,0,0,77.13333993155614,2,0.0
5,0.0023059770697143904,2,0.0017453568179309242,3,0,0,0,0.7568943990874948,3,0.0
6,2.475450198702483e-05,5,5.710000494866709e-06,1,0,0,0,0.23376048725095322,5,0.0
7,3.8083849210807435e-06,1,3.8066669965778065e-06,1,0,0,0,0.9995604515579641,2,0.0
8,3.8083849210807435e-06,1,3.8066669965778065e-06,1,0,0,0,0.9995604515579641,2,0.0
9,0.0011406112838636827,2,0.0008355634057488285,1,0,0,0,0.7325809936045937,2,0.0
10,0.0009559046151912666,2,0.0006204867204421824,1,0,0,0,0.6491461553436355,2,0.0
11,1.7137732144863347e-05,4,0.0,0,0,0,0,0.0058012271660572755,4,0.0
12,9.520962302701859e-06,2,0.0,0,0,0,0,0.01039397067088777,2,0.0
13,0.0008111859881901984,2,0.0006357133884284937,1,0,0,0,0.7837105505135794,2,0.0
14,4.570061905296892e-05,7,5.329333795208929e-05,12,0,0,0,1.16577764790339,16,0.0
15,3.8083849210807435e-06,1,3.8066669965778065e-06,1,0,0,0,0.9995604515579641,2,0.0
16,0.001409102420799875,57,0.0010335100895708744,59,10,4,8,0.7334716959854418,91,0.08791208791208792
17,8.75928531848571e-05,19,7.232667293497833e-05,17,0,0,0,0.8259130625195013,33,0.0
18,1.5233539684322974e-05,4,3.8066669965778065e-06,1,0,0,0,0.2547792014763549,5,0.0
19,1.7137732144863347e-05,4,1.5226667986311226e-05,4,0,0,0,0.8891348268732905,8,0.0
20,1.142515476324223e-05,2,1.713000148460013e-05,4,0,0,0,1.494990899345895,5,0.0
21,0.0007388266746896643,4,0.0005081900440431371,2,0,0,0,0.6878761607254328,4,0.0
22,0.0007711979465188505,1,0.0006737800583942716,2,1,1,1,0.8736961655813277,2,0.5
23,3.8083849210807435e-06,1,7.613333993155613e-06,2,0,0,0,1.9735348868920333,2,0.0
24,0.0,0,7.613333993155613e-06,2,0,0,0,77.13333993155614,2,0.0
25,0.003427546428972669,375,0.008129137371191905,372,7,4,5,2.371667422426762,659,0.007587253414264037
26,2.285030952648446e-05,3,2.474333547775574e-05,5,0,0,0,1.0824836784482903,7,0.0
27,3.8083849210807435e-06,1,9.516667491444516e-06,2,0,0,0,2.4605221045590673,3,0.0
28,0.0001675689365275527,29,0.00016559001435113458,28,5,4,4,0.9881974430243199,49,0.08163265306122448
29,0.0,0,1.142000098973342e-05,2,0,0,0,115.20000989733421,2,0.0
30,7.616769842161487e-06,2,0.0,0,0,0,0,0.012958790017766002,2,0.0
31,0.0005179403492669812,1,0.00046822004057907015,2,0,0,0,0.9040223242103353,2,0.0
32,0.0005179403492669812,2,0.0,0,0,0,0,0.00019303515670448916,2,0.0
33,1.5233539684322974e-05,2,2.855000247433355e-05,3,0,0,0,1.8684532772054803,3,0.0
34,1.5233539684322974e-05,3,2.284000197946684e-05,4,0,0,0,1.4960669520372207,5,0.0
35,3.8083849210807435e-06,1,3.8066669965778065e-06,1,0,0,0,0.9995604515579641,2,0.0
36,7.616769842161487e-06,2,3.8066669965778065e-06,1,0,0,0,0.5062567727798837,3,0.0
37,0.0006778925159523724,16,0.0005348367130191818,13,0,0,0,0.7890009114153113,20,0.0
38,0.0004741439226745526,2,0.0002969200257330689,3,0,0,0,0.6263022287307144,3,0.0
39,6.283835119783226e-05,4,3.0453335972622452e-05,3,0,0,0,0.4854486237903668,5,0.0
40,0.0,0,9.516667491444516e-06,2,0,0,0,96.16667491444517,2,0.0
41,1.142515476324223e-05,3,1.1420000989733419e-05,1,0,0,0,0.9995528239217014,3,0.0
42,2.475450198702483e-05,2,1.9033334982889032e-05,3,0,0,0,0.7698136535939241,4,0.0
43,0.0004189223413188818,2,0.00031214669371938013,1,0,0,0,0.7451791060509494,2,0.0
44,7.616769842161487e-06,2,0.0,0,0,0,0,0.012958790017766002,2,0.0
45,6.283835119783227e-05,14,5.139000445380039e-05,11,0,0,0,0.8181022138942498,24,0.0
46,0.00047604811513509294,9,0.00040731336863382526,11,0,0,0,0.8556441907120304,15,0.0
47,7.616769842161487e-06,1,3.8066669965778065e-06,1,0,0,0,0.5062567727798837,2,0.0
48,0.0003960720317923973,1,0.0002512400217741352,2,0,0,0,0.634421416971309,2,0.0
49,3.8083849210807435e-06,1,1.713000148460013e-05,3,0,0,0,4.408470975227205,3,0.0
50,5.712577381621115e-06,1,1.713000148460013e-05,4,0,0,0,2.964261867563253,5,0.0
51,0.0003922636468713166,4,0.00011229667639904529,3,0,0,0,0.2864604743464116,5,0.0
52,0.000481760692516714,26,0.0007327833968412277,27,19,10,12,1.5209445556005932,47,0.2553191489361702
53,3.8083849210807435e-06,1,7.613333993155613e-06,2,0,0,0,1.9735348868920333,3,0.0
54,0.00034846722027888805,2,0.00020746335131349044,1,0,0,0,0.595475819979341,2,0.0
55,0.0003351378730551054,3,0.0001713000148460013,2,0,0,0,0.511278792231888,3,0.0
56,7.616769842161487e-06,2,3.8066669965778065e-06,1,0,0,0,0.5062567727798837,3,0.0
57,0.00032180852583132285,5,0.0003197600277125357,3,0,0,0,0.9936363968195718,5,0.0
58,0.0003218085258313228,7,0.0006338100549302048,14,7,2,5,1.9692241865702182,20,0.25
59,0.00029134144646267686,1,0.0002569500222690019,2,0,0,0,0.8819954244288337,2,0.0
60,0.0002989582163048384,2,0.00022078668580151277,2,0,0,0,0.7386076481388386,2,0.0
61,3.8083849210807435e-06,1,1.9033334982889032e-05,3,0,0,0,4.895458192894239,4,0.0
62,0.000297054023844298,1,0.00018081668233744583,2,0,0,0,0.6088313393738262,2,0.0
63,0.0,0,7.613333993155613e-06,2,0,0,0,77.13333993155614,2,0.0
64,2.6658694447565206e-05,3,5.139000445380039e-05,3,0,0,0,1.924234553172885,4,0.0
65,3.8083849210807435e-06,1,3.8066669965778065e-06,1,0,0,0,0.9995604515579641,2,0.0
66,0.00046462296037185066,3,0.00019223668332717922,1,0,0,0,0.41387385545418276,3,0.0
67,0.0002570659821729502,2,0.0003483100301868693,2,0,0,0,1.3548060565512718,2,0.0
68,0.0008683117620064094,29,0.000609066719452449,29,2,1,2,0.7014722118053865,35,0.05714285714285714
69,0.00023802405756754647,1,0.00016178334735455677,2,0,0,0,0.679827771323092,2,0.0
70,0.00023802405756754647,1,0.0002683700232587353,2,0,0,0,1.1274376306248723,2,0.0
71,0.0,0,7.613333993155613e-06,2,0,0,0,77.13333993155614,2,0.0
72,3.8083849210807435e-06,1,7.613333993155613e-06,2,0,0,0,1.9735348868920333,3,0.0
73,0.0010168387739285586,132,0.0011134500964990082,152,1,1,0,1.095002103417916,256,0.0
74,0.0006797967084129127,57,0.0006471333894182271,77,0,0,0,0.9519584098723881,120,0.0
75,3.8083849210807435e-06,1,3.8066669965778065e-06,1,0,0,0,0.9995604515579641,2,0.0
76,0.00024564082740970795,4,0.00015607334685969007,2,0,0,0,0.6355205543412298,4,0.0
77,0.00021898213296214276,2,0.00014465334586995663,1,0,0,0,0.6607263856380744,2,0.0
78,3.8083849210807435e-06,1,3.8066669965778065e-06,1,0,0,0,0.9995604515579641,2,0.0
79,0.0002227905178832235,3,0.0002855000247433355,3,0,0,0,1.2813466784305587,4,0.0
80,3.8083849210807435e-06,1,1.3323334488022323e-05,2,0,0,0,3.4344965398931366,3,0.0
81,0.00021326955558052165,2,0.00025124002177413524,1,0,0,0,1.1779563447573675,2,0.0
82,9.520962302701859e-06,1,3.8066669965778065e-06,1,0,0,0,0.4060578218335493,2,0.0
83,0.00020565278573836013,1,0.00020936668481177933,2,0,0,0,1.018050297885842,2,0.0
84,0.00020946117065944088,3,0.0002931133587364911,4,0,0,0,1.3991779002465772,5,0.0
85,3.8083849210807435e-06,1,3.8066669965778065e-06,1,0,0,0,0.9995604515579641,2,0.0
86,0.00018280247621187568,1,8.945667441957844e-05,3,0,0,0,0.4896416728433752,3,0.0
87,0.0003046707936864595,6,0.0003254700282074024,5,0,0,0,1.0682454977701723,7,0.0
88,3.8083849210807436e-05,4,5.329333795208929e-05,3,0,0,0,1.398322564530163,5,0.0
89,0.00018661086113295642,2,0.00018843001633060143,2,0,0,0,1.009743167519053,3,0.0
90,0.0001751857063697142,1,0.0001732033483442902,2,0,0,0,0.988690703500702,2,0.0
91,0.00018280247621187568,3,0.0001161033433956231,2,0,0,0,0.6353295253423045,3,0.0
92,0.0,0,9.516667491444516e-06,2,0,0,0,96.16667491444517,2,0.0
93,0.00017328151390917383,1,4.948667095551148e-05,2,0,0,0,0.28599745057877124,2,0.0
94,3.0467079368645948e-05,4,7.613333993155613e-06,2,0,0,0,0.25234121651372204,5,0.0
95,0.0003408504504367265,28,0.00027217669025531314,20,0,0,0,0.7985814064963148,38,0.0
96,0.0001675689365275527,1,0.00014465334586995663,2,0,0,0,0.8633283473243095,2,0.0
97,3.8083849210807435e-06,1,1.3323334488022323e-05,3,0,0,0,3.4344965398931366,3,0.0
98,0.00016376055160647197,1,0.00011039334290075639,2,0,0,0,0.6743132609861924,2,0.0
99,0.00015804797422485086,1,0.00012181334389048981,2,0,0,0,0.7708814765920204,2,0.0
100,0.00015995216668539123,2,0.0001237166773887787,2,0,0,0,0.7736020071016013,3,0.0
101,0.0001618563591459316,2,0.0001827200158357347,1,0,0,0,1.1288227075480488,2,0.0
102,0.00020946117065944088,9,0.00015988001385626788,6,1,1,0,0.763404849060766,12,0.0
103,0.0,0,9.516667491444516e-06,2,0,0,0,96.16667491444517,2,0.0
104,5.712577381621115e-06,1,7.613333993155613e-06,2,0,0,0,1.3270075367159038,3,0.0
105,0.00014662281946160863,1,0.00016178334735455677,3,0,0,0,1.1033276756034192,3,0.0
106,0.0,0,7.613333993155613e-06,2,0,0,0,77.13333993155614,2,0.0
107,0.00019232343851457756,2,0.000177010015340868,2,0,0,0,0.9204180982736703,2,0.0
108,0.0001428144345405279,1,7.803667342984503e-05,2,0,0,0,0.5467374494469761,2,0.0
109,0.00014091024207998752,2,0.00012562001088706762,1,0,0,0,0.8915665205067405,2,0.0
110,0.00013710185715890677,2,0.0001294266778836454,1,0,0,0,0.9440592173153167,2,0.0
111,0.00016376055160647197,8,5.51966714503782e-05,5,1,0,1,0.33746176799879735,12,0.08333333333333333
112,0.0,0,9.516667491444516e-06,2,0,0,0,96.16667491444517,2,0.0
113,0.0002703953293967328,21,0.00019223668332717924,13,0,0,0,0.7110536206156852,27,0.0
114,3.8083849210807435e-06,1,3.8066669965778065e-06,1,0,0,0,0.9995604515579641,2,0.0
115,0.00013710185715890677,2,6.0906671945244904e-05,1,0,0,0,0.44464902449962584,2,0.0
116,0.00013138927977728566,2,0.00013513667837851214,5,0,0,0,1.0284996511318167,6,0.0
117,0.00031228756352862097,9,0.00020936668481177936,9,0,0,0,0.6705346475567617,13,0.0
118,3.8083849210807435e-06,1,3.8066669965778065e-06,1,0,0,0,0.9995604515579641,2,0.0
119,0.00013138927977728566,2,9.326334141615626e-05,2,0,0,0,0.7100452719361876,2,0.0
120,3.8083849210807435e-06,1,3.8066669965778065e-06,1,0,0,0,0.9995604515579641,2,0.0
121,0.00013138927977728566,2,2.8550002474333546e-05,2,0,0,0,0.21788850408839747,2,0.0
122,0.00012758089485620492,2,0.00015988001385626788,4,0,0,0,1.2529675174695356,5,0.0
123,0.00019041924605403717,6,0.0002455300212792685,8,0,0,0,1.2892661836883408,8,0.0
124,0.0,0,9.516667491444516e-06,2,0,0,0,96.16667491444517,2,0.0
125,0.00024373663494916758,3,0.00019223668332717922,2,0,0,0,0.7887932154545829,3,0.0
126,0.00011805993255350305,1,0.0001161033433956231,2,0,0,0,0.9834411791239471,2,0.0
127,0.0007293057123869623,100,0.0009687967506290517,100,41,25,24,1.3283372123017256,175,0.13714285714285715
128,1.3329347223782603e-05,2,3.8066669965778065e-06,1,0,0,0,0.2909052042127054,3,0.0
129,0.00024564082740970795,23,0.0002341100202895351,34,0,0,0,0.953077365117892,53,0.0
130,0.00012186831747458379,2,8.374667392471174e-05,1,0,0,0,0.687446343942426,2,0.0
131,0.00011996412501404342,2,4.948667095551148e-05,1,0,0,0,0.4130015602055279,2,0.0
132,0.00015043120438268937,7,0.00012562001088706762,12,0,0,0,0.8351757458038715,13,0.0
133,5.9029966276751525e-05,11,3.426000296920026e-05,7,0,0,0,0.5810928896590591,17,0.0
134,3.8083849210807435e-06,1,3.8066669965778065e-06,1,0,0,0,0.9995604515579641,2,0.0
135,7.616769842161487e-06,2,0.0,0,0,0,0,0.012958790017766002,2,0.0
136,9.520962302701859e-06,2,9.516667491444516e-06,2,0,0,0,0.9995535985775418,4,0.0
137,3.8083849210807435e-06,1,3.8066669965778065e-06,1,0,0,0,0.9995604515579641,2,0.0
138,6.0934158737291896e-05,15,5.71000049486671e-05,14,0,0,0,0.937180197647549,29,0.0
139,4.570061905296892e-05,10,3.426000296920026e-05,7,0,0,0,0.7502082652957711,15,0.0
140,3.8083849210807435e-06,1,3.8066669965778065e-06,1,0,0,0,0.9995604515579641,2,0.0
141,7.616769842161487e-06,2,0.0,0,0,0,0,0.012958790017766002,2,0.0
142,4.189223413188818e-05,2,2.2840001979466837e-05,1,0,0,0,0.5462915335111116,2,0.0
143,1.3329347223782601e-05,3,0.0,0,0,0,0,0.007446378318590627,3,0.0
144,1.3329347223782603e-05,3,0.0,0,0,0,0,0.007446378318590626,3,0.0
145,3.8083849210807435e-06,1,3.8066669965778065e-06,1,0,0,0,0.9995604515579641,2,0.0
146,2.8562886908105577e-05,7,5.9003338446956e-05,6,0,0,0,2.0620162454830107,13,0.0
147,3.8083849210807435e-06,1,3.8066669965778065e-06,1,0,0,0,0.9995604515579641,2,0.0
148,3.4275464289726694e-05,6,3.8066669965778065e-06,1,0,0,0,0.11364695946071443,7,0.0
149,1.5233539684322974e-05,4,2.474333547775574e-05,4,0,0,0,1.620195727093307,7,0.0
150,7.616769842161487e-06,2,7.613333993155613e-06,2,0,0,0,0.9995547555420015,4,0.0
151,7.616769842161487e-06,2,0.0,0,0,0,0,0.012958790017766002,2,0.0
152,3.8083849210807435e-06,1,3.8066669965778065e-06,1,0,0,0,0.9995604515579641,2,0.0
153,7.616769842161487e-06,2,0.0,0,0,0,0,0.012958790017766002,2,0.0
154,1.142515476324223e-05,2,9.516667491444516e-06,2,0,0,0,0.8344067987803035,4,0.0
155,7.616769842161487e-06,2,3.8066669965778065e-06,1,0,0,0,0.5062567727798837,2,0.0
156,0.00013329347223782603,22,9.516667491444516e-05,19,0,0,0,0.7141779377674123,37,0.0
157,3.8083849210807435e-06,1,3.8066669965778065e-06,1,0,0,0,0.9995604515579641,2,0.0
158,7.616769842161487e-06,2,0.0,0,0,0,0,0.012958790017766002,2,0.0
159,3.8083849210807435e-06,1,3.8066669965778065e-06,1,0,0,0,0.9995604515579641,2,0.0
160,9.520962302701859e-06,2,0.0,0,0,0,0,0.01039397067088777,2,0.0
161,6.474254365837264e-05,13,9.326334141615626e-05,5,0,0,0,1.4398469916301768,18,0.0
162,1.142515476324223e-05,2,1.3323334488022323e-05,1,0,0,0,1.1646988490630994,3,0.0
163,7.616769842161487e-06,2,0.0,0,0,0,0,0.012958790017766002,2,0.0
164,9.520962302701859e-06,2,9.516667491444516e-06,2,0,0,0,0.9995535985775418,3,0.0
165,7.616769842161487e-06,2,5.710000494866709e-06,1,0,0,0,0.7529057641609425,3,0.0
166,1.142515476324223e-05,3,0.0,0,0,0,0,0.00867667307331396,3,0.0
167,0.00011234735517188194,1,0.00010849000940246748,2,0,0,0,0.9656964295556948,2,0.0
168,3.8083849210807435e-06,1,3.8066669965778065e-06,1,0,0,0,0.9995604515579641,2,0.0
169,5.712577381621115e-06,1,3.8066669965778065e-06,1,0,0,0,0.672105804376964,2,0.0
170,2.285030952648446e-05,4,1.142000098973342e-05,3,0,0,0,0.5019540575886107,6,0.0
171,0.00011044316271134157,1,3.8066669965778065e-06,1,0,0,0,0.0353406479492466,2,0.0
172,7.616769842161487e-06,1,0.00014465334586995663,8,0,0,0,18.758282134978234,9,0.0
173,0.00011996412501404342,2,7.994000692813394e-05,2,0,0,0,0.6666438198651927,2,0.0
174,0.0004722397302140122,48,0.0004396700381047367,55,0,0,0,0.9310460458312102,84,0.0
175,9.520962302701859e-06,2,0.0,0,0,0,0,0.01039397067088777,2,0.0
176,7.616769842161487e-06,2,0.0,0,0,0,0,0.012958790017766002,2,0.0
177,3.8083849210807435e-06,1,3.8066669965778065e-06,1,0,0,0,0.9995604515579641,2,0.0
178,5.712577381621115e-06,1,3.8066669965778065e-06,1,0,0,0,0.672105804376964,2,0.0
179,3.8083849210807435e-06,1,5.710000494866709e-06,1,0,0,0,1.4865476692249984,2,0.0
180,0.0002037485932778198,3,0.0001237166773887787,2,0,0,0,0.607395299608628,3,0.0
181,0.0004379642659242855,20,0.00038637670015264735,18,0,0,0,0.8822374482821785,25,0.0
182,0.00011805993255350305,2,0.00010087667540931187,2,0,0,0,0.8545762783301305,2,0.0
183,7.616769842161487e-06,2,0.0,0,0,0,0,0.012958790017766002,2,0.0
184,9.520962302701859e-06,2,0.0,0,0,0,0,0.01039397067088777,2,0.0
185,9.520962302701859e-06,2,0.0,0,0,0,0,0.01039397067088777,2,0.0
186,0.00013138927977728566,6,0.00014465334586995663,8,0,0,0,1.1008756464035503,12,0.0
187,7.616769842161487e-06,2,0.0,0,0,0,0,0.012958790017766002,2,0.0
188,0.00011425154763242231,3,0.00014275001237166774,2,0,0,0,1.2492180064834137,4,0.0
189,7.616769842161487e-06,2,3.8066669965778065e-06,1,0,0,0,0.5062567727798837,2,0.0
190,0.0001751857063697142,7,0.0001789133488391569,7,0,0,0,1.0212660949180894,7,0.0
191,2.094611706594409e-05,4,5.710000494866709e-06,1,0,0,0,0.27606044747647057,4,0.0
192,3.8083849210807435e-06,1,3.8066669965778065e-06,1,0,0,0,0.9995604515579641,2,0.0
193,0.00010473058532972044,2,8.184334042642283e-05,1,0,0,0,0.7816739758600885,2,0.0
194,0.00010473058532972044,2,8.374667392471174e-05,1,0,0,0,0.7998302562271437,2,0.0
195,0.00012567670239566452,3,9.707000841273407e-05,2,0,0,0,0.772559675694626,3,0.0
196,9.520962302701859e-06,2,1.142000098973342e-05,3,0,0,0,1.1973855241588727,4,0.0
197,7.616769842161487e-06,2,1.3323334488022323e-05,3,0,0,0,1.739501729685178,5,0.0
198,0.0008473656449404654,101,0.0016825468124873903,113,0,0,0,1.9855044538184161,187,0.0
199,9.520962302701859e-06,2,0.0,0,0,0,0,0.01039397067088777,2,0.0
200,0.00010282639286918007,2,8.755334092128955e-05,2,0,0,0,0.85161189931816,3,0.0
201,0.00010473058532972044,2,5.3293337952089286e-05,1,0,0,0,0.5093297703542612,2,0.0
202,9.901800794809932e-05,1,0.00014846001286653444,6,0,0,0,1.4988195983955226,6,0.0
203,2.285030952648446e-05,4,3.8066669965778065e-06,1,0,0,0,0.17022284566879356,5,0.0
204,0.0001142515476324223,3,0.0001199100103922009,2,0,0,0,1.0494830448466468,3,0.0
205,0.00010473058532972044,3,0.00011039334290075639,6,1,0,1,1.0540181813659157,8,0.125
206,7.616769842161487e-06,2,0.0,0,0,0,0,0.012958790017766002,2,0.0
207,9.901800794809932e-05,2,0.0,0,0,0,0,0.001008898403732675,2,0.0
208,0.0002075569781989005,21,0.00026075668926557973,23,0,0,0,1.2561903362367282,39,0.0
209,0.0001142515476324223,2,0.00012181334389048981,2,0,0,0,1.066127624983044,2,0.0
210,0.0001009222004086397,2,6.281000544353381e-05,1,0,0,0,0.6227344602380446,2,0.0
211,0.0001009222004086397,1,6.0906671945244904e-05,2,0,0,0,0.603893715425619,2,0.0
212,1.7137732144863347e-05,4,7.613333993155613e-06,2,0,0,0,0.447468027019674,5,0.0
213,1.7137732144863347e-05,4,1.713000148460013e-05,4,0,0,0,0.9995515268366946,8,0.0
214,1.7137732144863347e-05,3,1.3323334488022323e-05,3,0,0,0,0.7787181269098864,4,0.0
215,9.711381548755895e-05,2,2.855000247433355e-05,1,0,0,0,0.29471122320057547,2,0.0
216,1.3329347223782603e-05,3,0.0,0,0,0,0,0.007446378318590626,3,0.0
217,3.8083849210807435e-06,1,3.8066669965778065e-06,1,0,0,0,0.9995604515579641,2,0.0
218,0.00018280247621187568,8,0.00010849000940246748,4,0,0,0,0.5937044246283246,8,0.0
219,0.00010282639286918007,3,0.00015607334685969007,3,0,0,0,1.5173304194016313,4,0.0
220,1.142515476324223e-05,1,3.8066669965778065e-06,1,0,0,0,0.3389687233561098,2,0.0
221,1.142515476324223e-05,1,7.613333993155613e-06,2,0,0,0,0.6692607736389057,2,0.0
222,3.8083849210807435e-06,1,1.1420000989733419e-05,1,0,0,0,2.947509322226102,2,0.0
223,7.616769842161487e-06,1,1.142000098973342e-05,2,0,0,0,1.4928527383041192,2,0.0
224,1.5233539684322974e-05,3,3.8066669965778065e-06,1,0,0,0,0.2547792014763549,4,0.0
225,7.616769842161487e-06,1,1.3323334488022323e-05,2,0,0,0,1.739501729685178,2,0.0
226,9.140123810593784e-05,1,3.997000346406696e-05,2,0,0,0,0.4379176095702106,2,0.0
227,0.0009121081885988381,129,0.0008526934072334287,130,2,0,2,0.9348670817605013,228,0.008771929824561403
228,1.142515476324223e-05,2,0.0,0,0,0,0,0.00867667307331396,2,0.0
229,3.8083849210807435e-06,1,1.9033334982889032e-05,2,0,0,0,4.895458192894239,2,0.0
230,9.520962302701858e-05,2,6.661667244011161e-05,1,0,0,0,0.6999993318743756,2,0.0
231,3.4275464289726694e-05,7,2.6646668976044647e-05,7,0,0,0,0.7780744065190136,14,0.0
232,1.142515476324223e-05,3,2.4743335477755744e-05,4,0,0,0,2.1555749999114866,6,0.0
233,0.0001808982837513353,3,7.613333993155613e-06,2,0,0,0,0.04261550901638706,4,0.0
234,3.8083849210807435e-06,1,7.613333993155613e-06,1,0,0,0,1.9735348868920333,2,0.0
235,0.0,0,1.3323334488022323e-05,2,0,0,0,134.23334488022326,2,0.0
236,1.7137732144863347e-05,2,1.713000148460013e-05,2,0,0,0,0.9995515268366946,2,0.0
237,1.142515476324223e-05,2,5.710000494866709e-06,1,0,0,0,0.5041147484975076,3,0.0
238,9.140123810593784e-05,2,5.9003338446956e-05,2,0,0,0,0.6459293848956189,3,0.0
239,0.00015995216668539123,3,0.000118006676893912,3,0,0,0,0.7379261358333876,3,0.0
240,3.8083849210807435e-06,1,3.8066669965778065e-06,1,0,0,0,0.9995604515579641,2,0.0
241,7.616769842161487e-06,2,0.0,0,0,0,0,0.012958790017766002,2,0.0
242,3.8083849210807435e-06,1,3.8066669965778065e-06,1,0,0,0,0.9995604515579641,2,0.0
243,1.142515476324223e-05,3,9.516667491444516e-06,2,0,0,0,0.8344067987803035,4,0.0
244,9.140123810593784e-05,2,0.00011229667639904529,1,0,0,0,1.2283623558067622,2,0.0
245,0.00029324563892321726,36,0.00015036334636482336,30,4,2,2,0.5129217087294313,55,0.03636363636363636
246,3.8083849210807435e-06,1,9.516667491444516e-06,2,0,0,0,2.4605221045590673,3,0.0
247,2.475450198702483e-05,2,5.710000494866709e-06,1,0,0,0,0.23376048725095322,2,0.0
248,3.237127182918632e-05,5,2.284000197946684e-05,6,0,0,0,0.706470695085234,9,0.0
249,3.8083849210807435e-06,1,3.8066669965778065e-06,1,0,0,0,0.9995604515579641,2,0.0
250,3.8083849210807435e-06,1,3.8066669965778065e-06,1,0,0,0,0.9995604515579641,2,0.0
251,9.520962302701859e-06,2,0.0,0,0,0,0,0.01039397067088777,2,0.0
252,9.901800794809932e-05,4,0.00011229667639904529,2,0,0,0,1.1339682740385482,5,0.0
253,8.188027580323598e-05,1,7.232667293497833e-05,2,0,0,0,0.8834646166452571,2,0.0
254,0.00013710185715890677,4,0.00016178334735455677,4,0,0,0,1.1798918083671708,5,0.0
255,8.188027580323598e-05,1,0.00012181334389048981,2,0,0,0,1.4871058031458533,2,0.0
256,8.949704564539747e-05,2,8.565000742300064e-05,2,0,0,0,0.9570628898008263,2,0.0
257,9.520962302701858e-05,4,0.00012942667788364543,10,0,0,0,1.3590094449007204,11,0.0
258,2.475450198702483e-05,6,2.2840001979466837e-05,5,0,0,0,0.9229717011204872,11,0.0
259,7.616769842161487e-06,2,3.8066669965778065e-06,1,0,0,0,0.5062567727798837,3,0.0
260,1.142515476324223e-05,3,0.0,0,0,0,0,0.00867667307331396,3,0.0
261,8.949704564539747e-05,2,8.374667392471174e-05,1,0,0,0,0.9358196279881342,2,0.0
262,1.3329347223782601e-05,3,9.516667491444516e-06,2,0,0,0,0.7160934430538777,5,0.0
263,0.00012377250993512415,2,0.00020175335081862376,2,0,0,0,1.6295249924647575,2,0.0
264,1.3329347223782601e-05,3,2.6646668976044647e-05,5,0,0,0,1.9916581595773943,5,0.0
265,3.8083849210807435e-06,1,7.613333993155613e-06,2,0,0,0,1.9735348868920333,3,0.0
266,3.8083849210807435e-06,1,2.0936668481177935e-05,3,0,0,0,5.382445410561274,4,0.0
267,9.520962302701859e-06,2,0.0,0,0,0,0,0.01039397067088777,2,0.0
268,8.568866072431673e-05,2,8.374667392471174e-05,4,0,0,0,0.9773631295417282,5,0.0
269,3.8083849210807435e-06,1,3.8066669965778065e-06,1,0,0,0,0.9995604515579641,2,0.0
270,1.3329347223782601e-05,2,7.613333993155613e-06,2,0,0,0,0.5743640301068202,4,0.0
271,7.616769842161487e-05,10,7.803667342984503e-05,14,0,0,0,1.0245054596757108,22,0.0
272,0.0001751857063697142,21,0.0001865266828323125,23,0,0,0,1.0646999501412728,39,0.0
273,9.330543056647821e-05,2,4.187333696235587e-05,1,0,0,0,0.4493672017547496,2,0.0
274,8.75928531848571e-05,8,9.136000791786735e-05,10,0,0,0,1.042958514818409,14,0.0
275,0.0003046707936864595,22,0.00013894334537508992,14,0,0,0,0.45622267046406756,27,0.0
276,9.520962302701859e-06,2,3.8066669965778065e-06,1,0,0,0,0.4060578218335493,3,0.0
277,1.5233539684322974e-05,3,1.5226667986311226e-05,4,0,0,0,0.9995518518128743,7,0.0
278,7.807189088215524e-05,1,7.613333993155613e-05,2,0,0,0,0.9752014320144629,2,0.0
279,3.8083849210807435e-06,1,3.8066669965778065e-06,1,0,0,0,0.9995604515579641,2,0.0
280,0.00010282639286918007,3,6.281000544353381e-05,1,1,1,1,0.611213544843573,3,0.3333333333333333
281,3.8083849210807435e-06,1,3.8066669965778065e-06,1,0,0,0,0.9995604515579641,2,0.0
282,9.520962302701859e-06,2,0.0,0,0,0,0,0.01039397067088777,2,0.0
283,8.75928531848571e-05,3,8.755334092128955e-05,5,1,1,0,0.9995494243586276,6,0.0
284,0.0,0,7.613333993155613e-06,2,0,0,0,77.13333993155614,2,0.0
285,3.8083849210807435e-06,1,3.8066669965778065e-06,1,0,0,0,0.9995604515579641,2,0.0
286,7.616769842161487e-06,2,2.284000197946684e-05,4,0,0,0,2.972746686590472,6,0.0
287,7.616769842161487e-06,2,0.0,0,0,0,0,0.012958790017766002,2,0.0
288,7.616769842161487e-06,2,0.0,0,0,0,0,0.012958790017766002,2,0.0
289,8.188027580323598e-05,2,6.0906671945244904e-05,1,0,0,0,0.7441628043758888,2,0.0
290,1.3329347223782601e-05,3,9.516667491444516e-06,2,0,0,0,0.7160934430538777,4,0.0
291,7.616769842161487e-05,1,9.136000791786736e-05,2,0,0,0,1.1991971674858732,2,0.0
292,7.616769842161487e-06,1,3.8066669965778065e-06,1,0,0,0,0.5062567727798837,2,0.0
293,1.9041924605403718e-05,4,9.516667491444516e-06,2,0,0,0,0.5023877008025491,6,0.0
294,0.0003180001409102421,47,0.00027979002424846877,34,1,1,1,0.8798802271748913,73,0.0136986301369863
295,3.8083849210807435e-06,1,3.8066669965778065e-06,1,0,0,0,0.9995604515579641,2,0.0
296,7.616769842161487e-06,2,1.713000148460013e-05,2,0,0,0,2.2327997124472954,3,0.0
297,3.8083849210807435e-06,1,3.8066669965778065e-06,1,0,0,0,0.9995604515579641,2,0.0
298,9.140123810593784e-05,3,9.136000791786736e-05,5,0,0,0,0.9995494029488132,7,0.0
299,9.520962302701859e-06,1,3.8066669965778065e-06,1,0,0,0,0.4060578218335493,2,0.0
300,3.8083849210807435e-06,1,3.8066669965778065e-06,1,0,0,0,0.9995604515579641,2,0.0
301,0.00011615574009296268,2,8.755334092128955e-05,2,0,0,0,0.7539700048461992,2,0.0
302,7.997608334269561e-05,2,5.519667145037819e-05,2,0,0,0,0.6905516496571039,2,0.0
303,3.8083849210807435e-06,1,7.613333993155613e-06,1,0,0,0,1.9735348868920333,2,0.0
304,0.0001142515476324223,6,6.661667244011161e-05,6,0,0,0,0.5834348010275229,10,0.0
305,8.75928531848571e-05,3,2.0936668481177935e-05,5,0,0,0,0.23989034131244996,7,0.0
306,5.712577381621115e-06,1,2.0936668481177935e-05,3,0,0,0,3.6191635999021923,3,0.0
307,0.001654743248209583,236,0.001903333498288903,278,11,6,7,1.1502198171024816,449,0.015590200445434299
308,7.42635059610745e-05,1,3.8066669965778064e-05,2,0,0,0,0.5132446281615121,2,0.0
309,7.42635059610745e-05,1,5.9003338446956e-05,3,0,0,0,0.7947895635514224,3,0.0
310,7.42635059610745e-05,1,2.6646668976044643e-05,2,0,0,0,0.35967466340337906,2,0.0
311,3.8083849210807435e-06,1,1.3323334488022323e-05,2,0,0,0,3.4344965398931366,3,0.0
312,0.00011425154763242231,6,0.00010087667540931187,5,0,0,0,0.8830372434826738,7,0.0
313,1.3329347223782603e-05,2,1.713000148460013e-05,2,0,0,0,1.283011094842107,2,0.0
314,7.42635059610745e-05,1,0.0001237166773887787,2,0,0,0,1.6650193638475088,2,0.0
315,1.5233539684322974e-05,3,3.8066669965778065e-06,1,0,0,0,0.2547792014763549,4,0.0
316,3.8083849210807435e-06,1,9.516667491444516e-06,1,0,0,0,2.4605221045590673,2,0.0
317,7.616769842161487e-05,2,6.661667244011162e-05,2,0,0,0,0.8747697101241433,3,0.0
318,7.235931350053413e-05,1,4.948667095551148e-05,2,0,0,0,0.684338127977792,2,0.0
319,7.807189088215524e-05,2,3.8066669965778064e-05,1,1,1,0,0.4882403321075427,2,0.0
320,3.8083849210807435e-06,1,3.8066669965778065e-06,1,0,0,0,0.9995604515579641,2,0.0
321,3.8083849210807435e-06,1,5.710000494866709e-06,1,0,0,0,1.4865476692249984,2,0.0
322,0.00021326955558052165,21,7.803667342984503e-05,16,0,0,0,0.36620347836061234,32,0.0
323,0.0,0,1.5226667986311226e-05,3,0,0,0,153.26667986311224,3,0.0
324,0.0,0,9.516667491444516e-06,2,0,0,0,96.16667491444517,2,0.0
325,5.712577381621115e-06,1,3.8066669965778065e-06,1,0,0,0,0.672105804376964,2,0.0
326,0.00012567670239566455,9,0.00014846001286653444,17,0,0,0,1.1811409429323314,22,0.0
327,8.75928531848571e-05,2,4.187333696235587e-05,1,0,0,0,0.4786403388412486,2,0.0
328,5.712577381621115e-06,1,3.8066669965778065e-06,1,0,0,0,0.672105804376964,2,0.0
329,7.616769842161487e-05,2,3.426000296920026e-05,1,0,0,0,0.4505184197280347,2,0.0
330,3.8083849210807435e-06,1,3.8066669965778065e-06,1,0,0,0,0.9995604515579641,2,0.0
331,2.6658694447565202e-05,3,9.516667491444516e-06,2,0,0,0,0.3593847790402774,4,0.0
332,5.712577381621115e-06,1,3.8066669965778065e-06,1,0,0,0,0.672105804376964,2,0.0
333,1.142515476324223e-05,2,0.0,0,0,0,0,0.00867667307331396,2,0.0
334,8.378446826377636e-05,4,4.948667095551148e-05,1,0,0,0,0.591130539202862,4,0.0
335,7.616769842161487e-06,2,3.235666947091135e-05,5,0,0,0,4.205991643495766,6,0.0
336,7.616769842161487e-06,2,0.0,0,0,0,0,0.012958790017766002,2,0.0
337,0.00011805993255350305,2,7.423000643326722e-05,4,0,0,0,0.6290627019409515,4,0.0
338,7.616769842161487e-06,2,3.8066669965778065e-06,1,0,0,0,0.5062567727798837,3,0.0
339,7.997608334269561e-05,3,7.613333993155613e-05,5,0,0,0,0.9520113465753066,5,0.0
340,5.712577381621115e-06,1,3.8066669965778065e-06,1,0,0,0,0.672105804376964,2,0.0
341,2.8562886908105577e-05,3,1.9033334982889032e-05,4,0,0,0,0.6675299331930977,5,0.0
342,5.9029966276751525e-05,8,3.0453335972622452e-05,7,0,0,0,0.5167149230158666,13,0.0
343,0.00011615574009296266,8,0.00010087667540931187,6,1,1,1,0.8685736749735277,10,0.1
344,7.42635059610745e-05,2,8.755334092128955e-05,3,0,0,0,1.1787144754467547,4,0.0
345,7.807189088215524e-05,2,8.945667441957844e-05,2,0,0,0,1.1456378169818848,2,0.0
346,1.7137732144863347e-05,2,1.142000098973342e-05,3,0,0,0,0.6683014269464823,4,0.0
347,3.8083849210807435e-06,1,3.8066669965778065e-06,1,0,0,0,0.9995604515579641,2,0.0
348,0.00019803601589619868,27,0.00021698001880493496,28,13,7,7,1.0956111024189608,50,0.14
349,0.0001294850873167453,3,0.0001161033433956231,3,0,0,0,0.8967339205597543,3,0.0
350,6.855092857945339e-05,1,7.042333943668942e-05,2,0,0,0,1.027274370441603,2,0.0
351,6.855092857945339e-05,1,3.997000346406697e-05,2,0,0,0,0.5836775159958953,2,0.0
352,0.0,0,7.613333993155613e-06,2,0,0,0,77.13333993155614,2,0.0
353,0.0,0,7.613333993155613e-06,2,0,0,0,77.13333993155614,2,0.0
354,7.42635059610745e-05,2,6.0906671945244904e-05,1,0,0,0,0.820384557677778,2,0.0
355,3.8083849210807435e-06,1,2.474333547775574e-05,5,0,0,0,6.356419845895342,6,0.0
356,3.4275464289726694e-05,6,5.519667145037819e-05,5,0,0,0,1.6086087153418878,10,0.0
357,7.616769842161487e-06,2,9.516667491444516e-06,2,0,0,0,1.2462037469230602,4,0.0
358,5.712577381621115e-06,1,3.8066669965778065e-06,1,0,0,0,0.672105804376964,2,0.0
359,7.616769842161487e-06,2,1.5226667986311226e-05,2,0,0,0,1.9861507210662366,3,0.0
360,0.00018661086113295645,23,0.0003368900291971359,37,3,1,2,1.8048764123966303,57,0.03508771929824561
361,0.00013900604961944715,4,4.5680003958933675e-05,4,0,0,0,0.32910145952799447,6,0.0
362,9.520962302701859e-06,1,7.613333993155613e-06,2,0,0,0,0.801721672996211,2,0.0
363,6.855092857945339e-05,2,9.897334191102296e-05,1,0,0,0,1.4431464214844536,2,0.0
364,0.0,0,1.713000148460013e-05,2,0,0,0,172.3000148460013,2,0.0
365,3.8083849210807435e-06,1,3.8066669965778065e-06,1,0,0,0,0.9995604515579641,2,0.0
366,6.855092857945339e-05,2,8.945667441957844e-05,1,0,0,0,1.30452240447017,2,0.0
367,7.045512103999376e-05,2,5.9003338446956e-05,4,0,0,0,0.837690270752333,5,0.0
368,6.474254365837264e-05,1,4.948667095551148e-05,2,0,0,0,0.7647243330977611,2,0.0
369,7.997608334269561e-05,3,0.00029692002573306894,11,0,0,0,3.7092226958945353,13,0.0
370,3.8083849210807435e-06,1,9.516667491444516e-06,2,0,0,0,2.4605221045590673,3,0.0
371,5.712577381621115e-06,1,9.516667491444516e-06,2,0,0,0,1.6544584028853737,3,0.0
372,0.0001085389702508012,7,7.803667342984503e-05,3,0,0,0,0.7192324563594508,8,0.0
373,6.474254365837264e-05,1,5.9003338446956e-05,3,0,0,0,0.911490128430895,3,0.0
374,3.8083849210807435e-06,1,3.8066669965778065e-06,1,0,0,0,0.9995604515579641,2,0.0
375,7.807189088215524e-05,3,8.945667441957846e-05,3,0,0,0,1.145637816981885,4,0.0
376,3.8083849210807435e-06,1,3.8066669965778065e-06,1,0,0,0,0.9995604515579641,2,0.0
377,3.8083849210807435e-06,1,3.8066669965778065e-06,1,0,0,0,0.9995604515579641,2,0.0
378,0.0,0,9.516667491444516e-06,2,0,0,0,96.16667491444517,2,0.0
379,5.712577381621115e-06,1,3.8066669965778065e-06,1,0,0,0,0.672105804376964,2,0.0
380,7.616769842161487e-05,2,2.0936668481177935e-05,2,0,0,0,0.27582671191787234,2,0.0
381,2.475450198702483e-05,2,1.713000148460013e-05,2,0,0,0,0.6932346298306425,3,0.0
382,0.0,0,7.613333993155613e-06,2,0,0,0,77.13333993155614,2,0.0
383,0.0,0,9.516667491444516e-06,2,0,0,0,96.16667491444517,2,0.0
384,3.8083849210807435e-06,1,3.8066669965778065e-06,1,0,0,0,0.9995604515579641,2,0.0
385,6.0934158737291896e-05,1,5.519667145037819e-05,2,0,0,0,0.9059954719518711,2,0.0
386,6.474254365837264e-05,2,4.758333745722258e-05,1,0,0,0,0.7353711740311344,2,0.0
387,6.474254365837264e-05,2,4.187333696235587e-05,1,0,0,0,0.6473116968312541,2,0.0
388,0.0016909229049598502,272,0.0036296569812369383,335,86,54,53,2.146485994122663,541,0.09796672828096119
389,9.711381548755895e-05,6,4.7583337457222574e-05,3,0,0,0,0.49049959841690305,7,0.0
390,6.664673611891302e-05,2,1.3323334488022322e-05,1,0,0,0,0.20110847763563908,2,0.0
391,6.0934158737291896e-05,1,0.00013323334488022322,2,0,0,0,2.18456922547466,2,0.0
392,6.474254365837264e-05,2,5.71000049486671e-05,1,0,0,0,0.8821369693642683,2,0.0
393,9.52096230270186e-05,3,5.9003338446956e-05,4,1,1,1,0.6201193181742125,4,0.25
394,5.9029966276751525e-05,1,5.519667145037819e-05,2,0,0,0,0.9351717061966177,2,0.0
395,6.283835119783227e-05,2,9.897334191102296e-05,3,0,0,0,1.5741331004939838,4,0.0
396,6.283835119783227e-05,2,9.516667491444516e-05,2,1,1,1,1.5136506295660053,3,0.3333333333333333
397,0.00034846722027888805,57,0.00026646668976044644,51,0,0,0,0.7647497362120479,97,0.0
398,5.9029966276751525e-05,1,7.994000692813394e-05,2,0,0,0,1.353628489377369,2,0.0
399,5.9029966276751525e-05,1,3.426000296920026e-05,2,0,0,0,0.5810928896590591,2,0.0
400,7.045512103999376e-05,3,8.755334092128955e-05,3,0,0,0,1.24233846713414,5,0.0
401,6.474254365837264e-05,2,5.71000049486671e-05,1,0,0,0,0.8821369693642683,2,0.0
402,0.0001409102420799875,5,0.00010468334240588968,5,0,0,0,0.7430902951464459,7,0.0
403,8.188027580323598e-05,4,9.516667491444516e-05,6,0,0,0,1.1620682411839938,7,0.0
404,6.0934158737291896e-05,2,3.235666947091135e-05,1,0,0,0,0.5317787636037378,2,0.0
405,6.855092857945339e-05,3,6.281000544353381e-05,1,0,0,0,0.916375156830176,3,0.0
406,6.0934158737291896e-05,2,4.758333745722258e-05,2,1,0,1,0.7812565691691601,3,0.3333333333333333
407,6.664673611891302e-05,2,7.613333993155613e-06,2,1,1,0,0.11556121604828558,4,0.0
408,7.616769842161487e-05,4,4.948667095551149e-05,2,4,3,2,0.6501660857967917,5,0.4
409,8.568866072431673e-05,4,3.8066669965778064e-05,3,0,0,0,0.4448917799104859,5,0.0
410,6.855092857945339e-05,2,3.426000296920026e-05,2,0,0,0,0.5005031057873252,2,0.0
411,9.901800794809932e-05,6,9.516667491444515e-05,6,0,0,0,0.9611439625010338,8,0.0
412,5.9029966276751525e-05,2,4.948667095551149e-05,2,0,0,0,0.8386047562318291,3,0.0
413,6.283835119783227e-05,3,4.187333696235587e-05,6,1,0,1,0.6668960365743029,8,0.125
414,5.9029966276751525e-05,2,2.0936668481177935e-05,1,0,0,0,0.3557700064078853,2,0.0
415,5.522158135567078e-05,1,5.710000494866709e-05,2,0,0,0,1.0339546257891588,2,0.0
416,0.00010663477779026082,9,7.042333943668942e-05,6,0,0,0,0.660734400696194,12,0.0
417,5.522158135567078e-05,1,4.948667095551148e-05,2,0,0,0,0.8963350240607061,2,0.0
418,0.00017328151390917383,8,0.00014275001237166774,8,0,0,0,0.8239056699349155,11,0.0
419,5.9029966276751525e-05,2,2.855000247433355e-05,1,0,0,0,0.4845259396942703,2,0.0
420,0.00013138927977728566,10,8.755334092128955e-05,10,1,1,1,0.6666196747731474,14,0.07142857142857142
421,6.0934158737291896e-05,2,1.5226667986311226e-05,1,0,0,0,0.25111623234263775,2,0.0
422,5.7125773816211154e-05,2,3.235666947091135e-05,1,0,0,0,0.5671687302150014,2,0.0
423,5.9029966276751525e-05,2,5.9003338446956e-05,4,0,0,0,0.9995496728398102,5,0.0
424,5.712577381621115e-05,2,2.474333547775574e-05,1,0,0,0,0.4341284323658725,2,0.0
425,7.045512103999374e-05,5,3.997000346406697e-05,2,0,0,0,0.5679248064977953,6,0.0
426,5.902996627675152e-05,3,9.326334141615626e-05,4,2,2,2,1.5789513726285427,5,0.4
427,5.1413196434590034e-05,1,3.426000296920026e-05,2,0,0,0,0.6670136071410283,2,0.0
428,8.75928531848571e-05,3,3.235666947091135e-05,2,0,0,0,0.37011761269179466,3,0.0
429,5.5221581355670776e-05,2,4.187333696235587e-05,1,0,0,0,0.7587154223322534,2,0.0
430,5.902996627675152e-05,2,4.3776670460644776e-05,4,0,0,0,0.7420378062670404,5,0.0
431,5.5221581355670776e-05,1,3.8066669965778065e-06,1,0,0,0,0.07061741368998938,2,0.0
432,8.188027580323598e-05,2,5.71000049486671e-05,3,0,0,0,0.6977288669527659,3,0.0
433,7.235931350053413e-05,2,5.9003338446956e-05,2,0,0,0,0.8156762131968076,2,0.0
434,5.5221581355670776e-05,2,6.0906671945244904e-05,4,1,1,0,1.1027644266533856,5,0.0
435,5.5221581355670776e-05,2,3.997000346406697e-05,1,0,0,0,0.7243105219001403,2,0.0
436,4.950900397404966e-05,1,5.519667145037819e-05,2,0,0,0,1.1146499026528276,2,0.0
437,0.0009616171925728878,119,0.001119160096993875,148,6,3,6,1.1638141707745828,232,0.02586206896551724
438,8.949704564539747e-05,2,6.47133389418227e-05,2,0,0,0,0.7233870098612132,2,0.0
439,7.235931350053413e-05,3,6.661667244011161e-05,2,0,0,0,0.9207466813720201,3,0.0
440,5.1413196434590034e-05,2,7.803667342984503e-05,1,0,0,0,1.5168282855260344,2,0.0
441,4.760481151350929e-05,1,4.187333696235587e-05,2,0,0,0,0.8798554198347402,2,0.0
442,5.1413196434590034e-05,2,5.3293337952089286e-05,1,0,0,0,1.0364982499171178,2,0.0
443,6.664673611891302e-05,3,1.5226667986311226e-05,2,0,0,0,0.22962423149809025,3,0.0
444,5.1413196434590034e-05,2,4.187333696235587e-05,1,0,0,0,0.8148074642514641,2,0.0
445,5.7125773816211154e-05,4,5.710000494866709e-05,5,0,0,0,0.9995496982246702,8,0.0
446,4.570061905296892e-05,1,7.423000643326723e-05,2,0,0,0,1.6229039687717706,2,0.0
447,5.9029966276751525e-05,2,7.423000643326722e-05,2,0,0,0,1.2570615394125801,2,0.0
448,0.00011996412501404342,14,8.565000742300064e-05,14,0,0,0,0.7142017435513798,26,0.0
449,4.950900397404966e-05,2,5.139000445380039e-05,2,0,0,0,1.0379165137186521,3,0.0
450,0.00012186831747458378,9,0.00012181334389048981,9,3,3,0,0.9995492798028847,16,0.0
451,5.902996627675152e-05,4,2.6646668976044643e-05,4,0,0,0,0.45233695637267407,5,0.0
452,7.235931350053413e-05,5,9.897334191102297e-05,6,0,0,0,1.3672961711166731,9,0.0
453,5.1413196434590034e-05,2,0.0,0,0,0,0,0.0019412501440670082,2,0.0
454,4.570061905296892e-05,1,1.713000148460013e-05,2,0,0,0,0.37619582094891424,2,0.0
455,0.00011234735517188192,3,0.000118006676893912,3,0,0,0,1.050328633460338,3,0.0
456,4.379642659242855e-05,1,9.326334141615626e-05,2,0,0,0,2.1269007220797325,2,0.0
457,6.664673611891302e-05,2,4.5680003958933675e-05,2,0,0,0,0.685876293297309,2,0.0
458,5.5221581355670776e-05,4,5.329333795208929e-05,2,0,0,0,0.9651448249249327,5,0.0
459,4.379642659242855e-05,1,9.516667491444516e-06,2,0,0,0,0.2190763175493479,2,0.0
460,0.00012186831747458379,13,7.803667342984503e-05,11,0,0,0,0.6406309035633573,19,0.0
461,5.3317388895130405e-05,3,3.045333597262245e-05,2,0,0,0,0.5719735952014631,3,0.0
462,7.807189088215524e-05,6,5.5196671450378186e-05,4,0,0,0,0.7073728270656567,7,0.0
463,4.570061905296892e-05,2,1.5226667986311226e-05,1,1,1,0,0.3346388826881524,2,0.0
464,4.570061905296892e-05,2,2.0936668481177935e-05,2,0,0,0,0.459309697470438,3,0.0
465,0.000778814716361012,119,0.0006813933923874273,112,14,8,11,0.874926841248135,199,0.05527638190954774
466,7.42635059610745e-05,9,0.00013323334488022322,9,3,1,2,1.7929943344792862,16,0.125
467,6.855092857945339e-05,2,0.00011229667639904529,3,2,1,2,1.6372200453044508,3,0.6666666666666666
468,6.0934158737291896e-05,4,4.5680003958933675e-05,3,0,0,0,0.7500718434734822,5,0.0
469,4.570061905296892e-05,2,5.710000494866709e-06,1,0,0,0,0.12685419138434306,2,0.0
470,4.570061905296892e-05,2,3.616333646748916e-05,1,0,0,0,0.7917652035565329,2,0.0
471,4.189223413188818e-05,1,2.6646668976044647e-05,2,0,0,0,0.6369432236455761,2,0.0
472,0.0002037485932778198,9,0.000177010015340868,9,0,0,0,0.8688311873680163,12,0.0
473,6.0934158737291896e-05,1,6.852000593840052e-05,4,0,0,0,1.1242885518216157,4,0.0
474,4.760481151350929e-05,2,5.710000494866709e-05,3,0,0,0,1.19904058173396,4,0.0
475,3.998804167134781e-05,1,3.426000296920026e-05,2,0,0,0,0.8571135315337302,2,0.0
476,4.379642659242855e-05,2,3.8066669965778065e-06,1,0,0,0,0.08899738087682166,3,0.0
477,3.998804167134781e-05,1,2.2840001979466837e-05,2,0,0,0,0.5722405241826213,2,0.0
478,4.379642659242855e-05,2,1.1420000989733419e-05,1,0,0,0,0.26243596310685663,2,0.0
479,7.045512103999376e-05,6,4.7583337457222574e-05,4,0,0,0,0.6758309921996102,7,0.0
480,0.00012186831747458379,16,0.00016178334735455677,22,5,2,4,1.327257362456366,32,0.125
481,0.0005236529266486022,85,0.0006014533854592934,80,7,6,1,1.1485441987093454,145,0.006896551724137931
482,3.998804167134781e-05,1,2.6646668976044643e-05,2,0,0,0,0.6671981932996576,2,0.0
483,4.570061905296892e-05,2,0.0,0,0,0,0,0.002183376602057472,2,0.0
484,5.1413196434590034e-05,4,5.519667145037819e-05,3,0,0,0,1.0734467141947268,6,0.0
485,3.8083849210807436e-05,1,3.6163336467489164e-05,2,0,0,0,0.9497035321736318,2,0.0
486,4.189223413188818e-05,2,5.3293337952089286e-05,2,2,2,1,1.2715050545868267,3,0.3333333333333333
487,7.045512103999376e-05,6,3.0453335972622452e-05,4,0,0,0,0.43304207437052616,9,0.0
488,8.75928531848571e-05,4,5.9003338446956e-05,5,0,0,0,0.6739812459102658,7,0.0
489,4.189223413188818e-05,2,5.3293337952089286e-05,2,0,0,0,1.2715050545868267,3,0.0
490,3.8083849210807436e-05,1,4.3776670460644776e-05,2,0,0,0,1.1490897687765345,2,0.0
491,0.00015423958930377011,26,0.0049258270935716815,71,37,11,31,31.916160434226022,89,0.34831460674157305
492,5.331738889513041e-05,4,5.519667145037819e-05,4,0,0,0,1.035181101025683,4,0.0
493,4.950900397404966e-05,4,1.9033334982889032e-05,2,0,0,0,0.3856827077781611,5,0.0
494,4.189223413188818e-05,2,7.613333993155613e-05,3,0,0,0,1.815415195393613,4,0.0
495,0.00013138927977728566,9,7.042333943668942e-05,8,0,0,0,0.5363428832840265,13,0.0
496,4.379642659242855e-05,2,4.948667095551148e-05,3,0,0,0,1.1296288742570315,3,0.0
497,4.570061905296892e-05,2,4.3776670460644776e-05,2,0,0,0,0.9579929565995805,2,0.0
498,3.8083849210807436e-05,1,3.8066669965778064e-05,2,0,0,0,0.9995500913243573,2,0.0
499,5.522158135567078e-05,2,3.426000296920026e-05,1,0,0,0,0.6210958206038005,2,0.0
500,4.189223413188818e-05,2,5.71000049486671e-05,1,0,0,0,1.3621567447212912,2,0.0
501,0.00020755697819890053,6,0.00013133001138193433,3,0,0,0,0.6329188285502567,7,0.0
502,5.7125773816211154e-05,3,3.616333646748916e-05,1,0,0,0,0.6336888791395658,3,0.0
503,0.00015043120438268937,3,0.00015988001385626788,2,0,0,0,1.0627697726350291,3,0.0
504,4.379642659242855e-05,2,2.8550002474333546e-05,2,0,0,0,0.6526727731244352,2,0.0
505,5.331738889513041e-05,4,6.47133389418227e-05,5,0,0,0,1.2133378340349983,8,0.0
506,5.7125773816211154e-05,2,4.568000395893368e-05,2,0,0,0,0.799989251450977,2,0.0
507,4.950900397404966e-05,4,4.3776670460644776e-05,2,0,0,0,0.8844497358503014,4,0.0
508,3.6179656750267065e-05,1,2.6646668976044643e-05,2,0,0,0,0.7372359986798318,2,0.0
509,3.998804167134781e-05,2,2.0936668481177935e-05,1,0,0,0,0.5247616896241032,2,0.0
510,3.998804167134781e-05,2,2.0936668481177935e-05,1,0,0,0,0.5247616896241032,2,0.0
511,3.6179656750267065e-05,1,3.8066669965778065e-06,1,0,0,0,0.10768202751943204,2,0.0
512,4.379642659242855e-05,3,4.5680003958933675e-05,5,0,0,0,1.0429095831420139,6,0.0
513,0.00023802405756754647,23,0.00019604335032375703,19,0,0,0,0.8237023689558072,30,0.0
514,4.760481151350929e-05,2,3.8066669965778065e-06,1,0,0,0,0.08189251508669092,3,0.0
515,3.998804167134781e-05,2,4.187333696235587e-05,1,0,0,0,1.0470288697678027,2,0.0
516,3.6179656750267065e-05,1,3.616333646748916e-05,3,3,1,3,0.9995501533299984,3,1.0
517,4.760481151350929e-05,4,2.855000247433355e-05,4,0,0,0,0.600568403172923,6,0.0
518,4.189223413188818e-05,2,3.8066669965778064e-05,2,0,0,0,0.9088982940489693,2,0.0
519,4.950900397404967e-05,3,4.948667095551148e-05,4,0,0,0,0.9995498192515643,4,0.0
520,3.8083849210807436e-05,2,6.471333894182272e-05,3,0,0,0,1.6974019194345171,4,0.0
521,3.4275464289726694e-05,1,4.187333696235587e-05,3,0,0,0,1.221026037891213,3,0.0
522,3.8083849210807436e-05,2,0.0,0,0,0,0,0.002618908309843637,2,0.0
523,3.8083849210807436e-05,2,5.710000494866709e-06,1,0,0,0,0.15215858576202068,2,0.0
524,6.664673611891302e-05,4,4.187333696235587e-05,4,0,0,0,0.6288447855724068,6,0.0
525,7.045512103999376e-05,7,2.4743335477755744e-05,3,0,0,0,0.3521124350941648,7,0.0
526,3.4275464289726694e-05,1,1.5226667986311226e-05,2,0,0,0,0.44586068298986403,2,0.0
527,3.8083849210807436e-05,2,2.474333547775574e-05,1,0,0,0,0.6506241772692775,2,0.0
528,3.4275464289726694e-05,1,3.997000346406696e-05,2,0,0,0,1.165657083969688,2,0.0
529,6.855092857945339e-05,6,1.713000148460013e-05,3,0,0,0,0.2509798751616146,7,0.0
530,4.379642659242855e-05,2,5.710000494866709e-06,1,0,0,0,0.1323570264343304,2,0.0
531,3.8083849210807436e-05,2,3.997000346406697e-05,1,0,0,0,1.0493966504750831,2,0.0
532,6.474254365837264e-05,3,0.0001218133438904898,6,0,0,0,1.8801443776295783,7,0.0
533,4.950900397404967e-05,2,4.948667095551148e-05,2,0,0,0,0.9995498192515643,2,0.0
534,9.520962302701858e-05,5,5.71000049486671e-05,8,0,0,0,0.6001493147491719,10,0.0
535,4.379642659242855e-05,3,3.8066669965778064e-05,6,0,0,0,0.869471000911979,8,0.0
536,3.4275464289726694e-05,1,1.5226667986311226e-05,2,2,1,2,0.44586068298986403,2,1.0
537,5.5221581355670776e-05,3,4.5680003958933675e-05,3,0,0,0,0.8275252231964798,4,0.0
538,5.522158135567078e-05,3,5.139000445380039e-05,4,3,3,3,0.9307399244928194,4,0.75
539,4.570061905296893e-05,1,3.426000296920026e-05,2,0,0,0,0.750208265295771,2,0.0
540,4.189223413188818e-05,3,2.6646668976044643e-05,2,0,0,0,0.636943223645576,4,0.0
541,8.75928531848571e-05,11,2.474333547775574e-05,5,0,0,0,0.2832994317722315,16,0.0
542,3.237127182918632e-05,1,5.3293337952089286e-05,2,0,0,0,1.644325428118817,2,0.0
543,3.8083849210807436e-05,2,4.758333745722258e-05,1,0,0,0,1.2487828870779858,2,0.0
544,3.237127182918632e-05,1,4.568000395893368e-05,2,0,0,0,1.4098617448604216,2,0.0
545,3.237127182918632e-05,1,9.516667491444516e-06,2,0,0,0,0.29615924938304133,2,0.0
546,4.379642659242855e-05,2,5.519667145037819e-05,2,0,0,0,1.2597078109295576,2,0.0
547,7.235931350053413e-05,8,3.0453335972622452e-05,3,0,0,0,0.421661957539761,8,0.0
548,3.998804167134781e-05,2,3.235666947091135e-05,3,0,0,0,0.809634696975212,4,0.0
549,0.00016376055160647197,28,9.326334141615626e-05,14,0,0,0,0.5697731424728629,39,0.0
550,3.237127182918632e-05,1,4.3776670460644776e-05,2,0,0,0,1.3512458240458225,2,0.0
551,3.998804167134781e-05,2,3.8066669965778064e-05,2,0,0,0,0.9520712006507664,2,0.0
552,3.6179656750267065e-05,2,3.426000296920026e-05,1,0,0,0,0.9470873223999652,2,0.0
553,3.237127182918632e-05,1,1.3323334488022323e-05,2,0,0,0,0.41339109101223925,2,0.0
554,5.331738889513041e-05,2,1.9033334982889032e-05,1,0,0,0,0.3581855155902846,2,0.0
555,5.522158135567078e-05,2,2.474333547775574e-05,2,0,0,0,0.4490713184432345,2,0.0
556,5.331738889513041e-05,4,4.5680003958933675e-05,2,0,0,0,0.8570243680163676,5,0.0
557,4.950900397404967e-05,3,2.6646668976044643e-05,2,0,0,0,0.5391494856465119,4,0.0
558,5.331738889513041e-05,2,6.852000593840052e-05,1,0,0,0,1.2846005272387244,2,0.0
559,4.570061905296892e-05,2,1.9033334982889032e-05,2,0,0,0,0.41775275920967614,2,0.0
560,3.4275464289726694e-05,2,5.519667145037819e-05,1,0,0,0,1.6086087153418878,2,0.0
561,0.00015233539684322974,15,0.0001351366783785121,13,0,0,0,0.887173721977413,19,0.0
562,3.8083849210807436e-05,3,3.6163336467489164e-05,2,0,0,0,0.9497035321736318,4,0.0
563,9.711381548755895e-05,14,0.00011039334290075639,21,0,0,0,1.1366012366307843,31,0.0
564,3.0467079368645948e-05,1,2.6646668976044643e-05,2,0,0,0,0.8750155241681326,2,0.0
565,3.4275464289726694e-05,2,1.3323334488022323e-05,3,0,0,0,0.3904917290683391,4,0.0
566,0.0001428144345405279,19,7.994000692813394e-05,19,0,0,0,0.5600554428631636,35,0.0
567,3.8083849210807436e-05,3,4.187333696235587e-05,1,0,0,0,1.0992432096258087,3,0.0
568,7.235931350053413e-05,9,6.661667244011161e-05,10,2,1,1,0.9207466813720201,16,0.0625
569,3.8083849210807436e-05,3,3.997000346406697e-05,5,0,0,0,1.0493966504750831,7,0.0
570,4.950900397404967e-05,5,5.710000494866709e-06,1,0,0,0,0.1171158465085472,5,0.0
571,3.8083849210807436e-05,2,3.997000346406697e-05,2,0,0,0,1.0493966504750831,3,0.0
572,3.6179656750267065e-05,2,4.3776670460644776e-05,6,0,0,0,1.2094014770501318,6,0.0
573,0.0003351378730551054,53,0.0004016033681389586,64,17,12,11,1.1982636820778534,95,0.11578947368421053
574,3.0467079368645948e-05,1,1.9033334982889032e-05,2,0,0,0,0.6259458011063683,2,0.0
575,0.00014662281946160863,8,0.00011610334339562309,8,0,0,0,0.7919923010069252,10,0.0
576,6.664673611891302e-05,3,9.897334191102297e-05,3,0,0,0,1.4843174014459422,4,0.0
577,3.0467079368645948e-05,1,3.045333597262245e-05,2,0,0,0,0.9995503856990146,2,0.0
578,3.998804167134781e-05,2,1.713000148460013e-05,1,0,0,0,0.42980402050706695,2,0.0
579,4.379642659242855e-05,3,1.713000148460013e-05,3,0,0,0,0.3925148997793828,4,0.0
580,3.998804167134781e-05,3,0.0,0,0,0,0,0.0024945094804038072,3,0.0
581,3.4275464289726694e-05,2,0.0,0,0,0,0,0.002909051617664567,2,0.0
582,3.4275464289726694e-05,2,3.045333597262245e-05,4,0,0,0,0.8888123143620634,5,0.0
583,3.0467079368645948e-05,1,5.139000445380039e-05,2,0,0,0,1.6844921241188664,2,0.0
584,3.6179656750267065e-05,2,1.5226667986311226e-05,2,0,0,0,0.42245901309963196,3,0.0
585,3.237127182918632e-05,2,2.2840001979466837e-05,1,0,0,0,0.7064706950852339,2,0.0
586,3.237127182918632e-05,2,1.1420000989733419e-05,1,0,0,0,0.35477517019764027,2,0.0
587,3.998804167134781e-05,3,4.187333696235587e-05,1,0,0,0,1.0470288697678027,3,0.0
588,3.237127182918632e-05,2,6.0906671945244904e-05,1,0,0,0,1.878789111377213,2,0.0
589,6.0934158737291896e-05,8,6.47133389418227e-05,6,0,0,0,1.06191910043026,12,0.0
590,3.237127182918632e-05,2,9.516667491444516e-06,1,0,0,0,0.29615924938304133,2,0.0
591,3.6179656750267065e-05,2,4.758333745722258e-05,1,0,0,0,1.3143271389101985,2,0.0
592,2.8562886908105577e-05,1,2.2840001979466837e-05,2,0,0,0,0.8003381534111846,2,0.0
593,2.8562886908105577e-05,1,2.0936668481177935e-05,2,0,0,0,0.7339340433021412,2,0.0
594,2.8562886908105577e-05,1,4.948667095551148e-05,2,0,0,0,1.7299956949377933,2,0.0
595,4.570061905296893e-05,3,4.948667095551149e-05,2,0,0,0,1.082663771381866,3,0.0
596,0.00022469471034376387,33,0.0002284000197946684,40,1,0,1,1.0164830811420706,67,0.014925373134328358
597,3.237127182918632e-05,2,2.0936668481177935e-05,2,0,0,0,0.647854774270635,3,0.0
598,2.8562886908105577e-05,1,4.5680003958933675e-05,2,0,0,0,1.5971874747197063,2,0.0
599,4.189223413188818e-05,3,2.474333547775574e-05,2,0,0,0,0.5916173785783438,3,0.0
600,2.8562886908105577e-05,1,4.948667095551149e-05,5,0,0,0,1.7299956949377935,5,0.0
601,3.237127182918632e-05,2,1.9033334982889032e-05,1,0,0,0,0.589238853456036,2,0.0
602,3.237127182918632e-05,2,2.0936668481177935e-05,1,0,0,0,0.647854774270635,2,0.0
603,2.8562886908105577e-05,1,2.8550002474333546e-05,2,0,0,0,0.999550483738315,2,0.0
604,2.8562886908105577e-05,1,1.9033334982889032e-05,2,0,0,0,0.6675299331930977,2,0.0
605,0.00010282639286918008,13,7.994000692813393e-05,13,6,3,5,0.7776431748644407,20,0.25
606,2.8562886908105577e-05,1,0.000571000049486671,2,0,0,0,19.9247218648157,2,0.0
607,5.331738889513041e-05,2,4.5680003958933675e-05,1,0,0,0,0.8570243680163676,2,0.0
608,5.7125773816211154e-05,7,0.0001617833473545568,7,0,0,0,2.8288537936501927,12,0.0
609,2.8562886908105577e-05,1,3.8066669965778064e-05,2,0,0,0,1.3315710342835325,2,0.0
610,3.998804167134781e-05,3,4.5680003958933675e-05,2,0,0,0,1.141986538884839,4,0.0
611,0.000415113956397801,66,0.0008222400712608062,81,0,0,0,1.9805212676255823,120,0.0
612,2.8562886908105577e-05,1,1.1420000989733419e-05,2,0,0,0,0.4019134927569239,2,0.0
613,9.901800794809934e-05,5,0.00013133001138193433,6,0,0,0,1.3259952868580083,7,0.0
614,3.237127182918632e-05,2,3.6163336467489164e-05,2,0,0,0,1.1167821407874268,3,0.0
615,3.0467079368645948e-05,2,1.1420000989733419e-05,1,0,0,0,0.37687607804460416,2,0.0
616,2.6658694447565206e-05,1,2.474333547775574e-05,2,0,0,0,0.9284210605430436,2,0.0
617,9.330543056647821e-05,10,0.00014846001286653444,21,0,0,0,1.5904858204234902,26,0.0
618,3.6179656750267065e-05,2,2.6646668976044647e-05,2,0,0,0,0.7372359986798319,2,0.0
619,2.6658694447565206e-05,1,1.713000148460013e-05,3,0,0,0,0.6439029197916605,3,0.0
620,3.8083849210807435e-06,1,7.613333993155613e-06,2,0,0,0,1.9735348868920333,3,0.0
621,2.475450198702483e-05,6,1.3323334488022323e-05,3,0,0,0,0.5400765823040795,9,0.0
622,3.8083849210807435e-06,1,1.1420000989733419e-05,2,0,0,0,2.947509322226102,2,0.0
623,7.616769842161487e-06,2,3.8066669965778065e-06,1,0,0,0,0.5062567727798837,3,0.0
624,3.8083849210807435e-06,1,3.8066669965778065e-06,1,0,0,0,0.9995604515579641,2,0.0
625,7.616769842161487e-06,1,3.8066669965778065e-06,1,0,0,0,0.5062567727798837,2,0.0
626,7.616769842161487e-06,2,7.613333993155613e-06,2,0,0,0,0.9995547555420015,4,0.0
627,9.520962302701859e-06,1,7.613333993155613e-06,2,0,0,0,0.801721672996211,3,0.0
628,7.616769842161487e-06,2,1.142000098973342e-05,3,0,0,0,1.4928527383041192,4,0.0
629,3.8083849210807435e-06,1,1.142000098973342e-05,2,0,0,0,2.9475093222261024,3,0.0
630,0.0,0,1.142000098973342e-05,3,0,0,0,115.20000989733421,3,0.0
631,9.520962302701859e-06,2,1.142000098973342e-05,3,0,0,0,1.1973855241588727,5,0.0
632,2.285030952648446e-05,3,7.042333943668942e-05,10,1,0,1,3.0728709499671933,12,0.08333333333333333
633,2.475450198702483e-05,5,1.9033334982889032e-05,3,0,0,0,0.7698136535939241,6,0.0
634,1.142515476324223e-05,2,7.613333993155613e-06,2,1,1,1,0.6692607736389057,3,0.3333333333333333
635,1.7137732144863347e-05,4,1.142000098973342e-05,3,0,0,0,0.6683014269464823,7,0.0
636,9.520962302701859e-06,2,3.8066669965778065e-06,1,0,0,0,0.4060578218335493,3,0.0
637,3.8083849210807435e-06,1,3.8066669965778065e-06,1,0,0,0,0.9995604515579641,2,0.0
638,0.0,0,7.613333993155613e-06,2,0,0,0,77.13333993155614,2,0.0
639,1.5233539684322974e-05,1,1.3323334488022323e-05,3,0,0,0,0.8754230767567879,3,0.0
640,7.616769842161487e-06,2,5.710000494866709e-06,1,0,0,0,0.7529057641609425,3,0.0
641,3.8083849210807435e-06,1,9.516667491444516e-06,2,0,0,0,2.4605221045590673,3,0.0
642,1.3329347223782603e-05,3,3.8066669965778065e-06,1,0,0,0,0.2909052042127054,4,0.0
643,0.0,0,7.613333993155613e-06,2,0,0,0,77.13333993155614,2,0.0
644,3.237127182918632e-05,5,1.713000148460013e-05,4,0,0,0,0.530622932641437,8,0.0
645,1.142515476324223e-05,1,1.713000148460013e-05,2,0,0,0,1.494990899345895,2,0.0
646,3.8083849210807435e-06,1,7.613333993155613e-06,2,0,0,0,1.9735348868920333,3,0.0
647,1.9041924605403718e-05,1,3.997000346406696e-05,2,0,0,0,2.0933111110862543,2,0.0
648,1.7137732144863347e-05,4,7.613333993155613e-06,2,0,0,0,0.447468027019674,6,0.0
649,7.616769842161487e-06,2,9.516667491444516e-06,2,0,0,0,1.2462037469230602,4,0.0
650,3.8083849210807435e-06,1,3.8066669965778065e-06,1,0,0,0,0.9995604515579641,2,0.0
651,1.142515476324223e-05,3,0.0,0,0,0,0,0.00867667307331396,3,0.0
652,9.520962302701859e-06,2,0.0,0,0,0,0,0.01039397067088777,2,0.0
653,0.0,0,7.613333993155613e-06,2,0,0,0,77.13333993155614,2,0.0
654,1.142515476324223e-05,2,3.8066669965778065e-06,1,0,0,0,0.3389687233561098,3,0.0
655,3.8083849210807435e-06,1,3.8066669965778065e-06,1,0,0,0,0.9995604515579641,2,0.0
656,7.616769842161487e-06,1,3.8066669965778065e-06,1,0,0,0,0.5062567727798837,2,0.0
657,3.0467079368645948e-05,2,3.8066669965778065e-06,1,0,0,0,0.12780635498283993,3,0.0
658,7.616769842161487e-06,2,1.3323334488022323e-05,3,0,0,0,1.739501729685178,4,0.0
659,3.8083849210807435e-06,1,3.8066669965778065e-06,1,0,0,0,0.9995604515579641,2,0.0
660,7.616769842161487e-06,1,3.8066669965778065e-06,1,0,0,0,0.5062567727798837,2,0.0
661,0.0,0,7.613333993155613e-06,2,0,0,0,77.13333993155614,2,0.0
662,0.0,0,7.613333993155613e-06,2,0,0,0,77.13333993155614,2,0.0
663,1.142515476324223e-05,2,2.2840001979466837e-05,4,0,0,0,1.9904289747700885,6,0.0
664,9.520962302701859e-06,2,0.0,0,0,0,0,0.01039397067088777,2,0.0
665,5.712577381621115e-06,1,2.474333547775574e-05,2,0,0,0,4.274065332241132,2,0.0
666,0.0,0,7.613333993155613e-06,2,0,0,0,77.13333993155614,2,0.0
667,7.616769842161487e-06,2,0.0,0,0,0,0,0.012958790017766002,2,0.0
668,1.5233539684322974e-05,3,7.613333993155613e-06,2,0,0,0,0.5030367515885281,5,0.0
669,1.142515476324223e-05,3,7.613333993155613e-06,2,0,0,0,0.6692607736389057,5,0.0
670,0.0,0,7.613333993155613e-06,2,0,0,0,77.13333993155614,2,0.0
671,3.8083849210807435e-06,1,1.142000098973342e-05,2,0,0,0,2.9475093222261024,3,0.0
672,1.142515476324223e-05,2,3.8066669965778065e-06,1,0,0,0,0.3389687233561098,2,0.0
673,9.520962302701859e-06,2,3.8066669965778065e-06,1,0,0,0,0.4060578218335493,3,0.0
674,3.8083849210807435e-06,1,3.8066669965778065e-06,1,0,0,0,0.9995604515579641,2,0.0
675,3.8083849210807435e-06,1,3.8066669965778065e-06,1,0,0,0,0.9995604515579641,2,0.0
676,3.8083849210807435e-06,1,3.8066669965778065e-06,1,0,0,0,0.9995604515579641,2,0.0
677,3.8083849210807435e-06,1,3.8066669965778065e-06,1,0,0,0,0.9995604515579641,2,0.0
678,1.3329347223782603e-05,3,5.3293337952089286e-05,6,0,0,0,3.9758699408361973,9,0.0
679,9.520962302701859e-06,2,0.0,0,0,0,0,0.01039397067088777,2,0.0
680,3.8083849210807435e-06,1,3.8066669965778065e-06,1,0,0,0,0.9995604515579641,2,0.0
681,3.8083849210807435e-06,1,3.8066669965778065e-06,1,0,0,0,0.9995604515579641,2,0.0
682,0.0,0,1.3323334488022323e-05,3,0,0,0,134.23334488022326,3,0.0
683,3.8083849210807435e-06,1,3.8066669965778065e-06,1,0,0,0,0.9995604515579641,2,0.0
684,2.285030952648446e-05,3,3.8066669965778065e-06,1,0,0,0,0.17022284566879356,4,0.0
685,1.7137732144863347e-05,4,1.713000148460013e-05,4,0,0,0,0.9995515268366946,8,0.0
686,1.7137732144863347e-05,3,3.8066669965778065e-06,1,0,0,0,0.22663462709286558,4,0.0
687,7.616769842161487e-06,2,0.0,0,0,0,0,0.012958790017766002,2,0.0
688,3.8083849210807435e-06,1,3.8066669965778065e-06,1,0,0,0,0.9995604515579641,2,0.0
689,3.6179656750267065e-05,3,7.613333993155613e-06,2,2,2,1,0.2126076893794987,4,0.25
690,3.8083849210807435e-06,1,1.3323334488022323e-05,3,0,0,0,3.4344965398931366,4,0.0
691,7.616769842161487e-06,2,0.0,0,0,0,0,0.012958790017766002,2,0.0
692,3.8083849210807435e-06,1,3.8066669965778065e-06,1,0,0,0,0.9995604515579641,2,0.0
693,3.8083849210807435e-06,1,3.8066669965778065e-06,1,0,0,0,0.9995604515579641,2,0.0
694,5.712577381621115e-06,1,3.8066669965778065e-06,1,0,0,0,0.672105804376964,2,0.0
695,0.0,0,7.613333993155613e-06,2,0,0,0,77.13333993155614,2,0.0
696,3.8083849210807435e-06,1,3.8066669965778065e-06,1,0,0,0,0.9995604515579641,2,0.0
697,3.8083849210807435e-06,1,3.8066669965778065e-06,1,0,0,0,0.9995604515579641,2,0.0
698,1.142515476324223e-05,2,0.0,0,0,0,0,0.00867667307331396,2,0.0
699,9.520962302701859e-06,2,3.8066669965778065e-06,1,0,0,0,0.4060578218335493,3,0.0
700,7.616769842161487e-06,2,0.0,0,0,0,0,0.012958790017766002,2,0.0
701,0.0,0,7.613333993155613e-06,2,0,0,0,77.13333993155614,2,0.0
702,0.0,0,7.613333993155613e-06,2,0,0,0,77.13333993155614,2,0.0
703,9.520962302701859e-06,2,3.8066669965778065e-06,1,0,0,0,0.4060578218335493,3,0.0
704,3.8083849210807435e-06,1,3.8066669965778065e-06,1,0,0,0,0.9995604515579641,2,0.0
705,1.5233539684322974e-05,2,0.0,0,0,0,0,0.006521651364181754,2,0.0
706,7.616769842161487e-06,2,0.0,0,0,0,0,0.012958790017766002,2,0.0
707,5.712577381621115e-06,1,3.8066669965778065e-06,1,0,0,0,0.672105804376964,2,0.0
708,1.142515476324223e-05,2,1.142000098973342e-05,2,0,0,0,0.9995528239217015,3,0.0
709,7.616769842161487e-06,1,7.613333993155613e-06,2,0,0,0,0.9995547555420015,2,0.0
710,3.8083849210807435e-06,1,3.8066669965778065e-06,1,0,0,0,0.9995604515579641,2,0.0
711,3.8083849210807435e-06,1,3.8066669965778065e-06,1,0,0,0,0.9995604515579641,2,0.0
712,7.616769842161487e-06,2,0.0,0,0,0,0,0.012958790017766002,2,0.0
713,1.9041924605403718e-05,3,1.142000098973342e-05,3,0,0,0,0.6018204139452809,6,0.0
714,3.8083849210807435e-06,1,3.8066669965778065e-06,1,0,0,0,0.9995604515579641,2,0.0
715,9.520962302701859e-06,2,0.0,0,0,0,0,0.01039397067088777,2,0.0
716,7.616769842161487e-06,2,0.0,0,0,0,0,0.012958790017766002,2,0.0
717,3.8083849210807435e-06,1,3.8066669965778065e-06,1,0,0,0,0.9995604515579641,2,0.0
718,5.3317388895130405e-05,8,4.5680003958933675e-05,10,1,1,0,0.8570243680163677,15,0.0
719,0.0,0,9.516667491444516e-06,2,0,0,0,96.16667491444517,2,0.0
720,3.0467079368645948e-05,7,1.5226667986311226e-05,4,0,0,0,0.5014109395754862,10,0.0
721,0.0,0,9.516667491444516e-06,2,0,0,0,96.16667491444517,2,0.0
722,7.616769842161487e-06,2,0.0,0,0,0,0,0.012958790017766002,2,0.0
723,1.142515476324223e-05,2,0.0,0,0,0,0,0.00867667307331396,2,0.0
724,1.5233539684322974e-05,2,1.5226667986311224e-05,2,0,0,0,0.9995518518128743,4,0.0
725,0.0,0,9.516667491444516e-06,2,0,0,0,96.16667491444517,2,0.0
726,7.616769842161487e-06,2,0.0,0,0,0,0,0.012958790017766002,2,0.0
727,3.8083849210807435e-06,1,1.9033334982889032e-05,5,0,0,0,4.895458192894239,6,0.0
728,3.8083849210807435e-06,1,3.8066669965778065e-06,1,0,0,0,0.9995604515579641,2,0.0
729,1.5233539684322974e-05,4,1.713000148460013e-05,4,0,0,0,1.1236806268689608,8,0.0
730,3.8083849210807435e-06,1,9.516667491444516e-06,2,0,0,0,2.4605221045590673,3,0.0
731,2.6658694447565206e-05,6,4.5680003958933675e-05,5,3,0,3,1.7108459476093474,10,0.3
732,6.855092857945339e-05,9,5.9003338446956e-05,10,0,0,0,0.8609255500244625,15,0.0
733,3.8083849210807435e-06,1,3.8066669965778065e-06,1,0,0,0,0.9995604515579641,2,0.0
734,9.520962302701859e-06,2,1.5226667986311226e-05,2,0,0,0,1.593049375321534,3,0.0
735,3.8083849210807435e-06,1,3.8066669965778065e-06,1,0,0,0,0.9995604515579641,2,0.0
736,3.8083849210807435e-06,1,3.8066669965778065e-06,1,0,0,0,0.9995604515579641,2,0.0
737,9.520962302701859e-06,2,0.0,0,0,0,0,0.01039397067088777,2,0.0
738,7.616769842161487e-06,2,0.0,0,0,0,0,0.012958790017766002,2,0.0
739,0.0,0,9.516667491444516e-06,2,0,0,0,96.16667491444517,2,0.0
740,1.142515476324223e-05,3,0.0,0,0,0,0,0.00867667307331396,3,0.0
741,1.142515476324223e-05,3,3.8066669965778065e-06,1,0,0,0,0.3389687233561098,4,0.0
742,3.8083849210807435e-06,1,5.710000494866709e-06,1,0,0,0,1.4865476692249984,2,0.0
743,7.616769842161487e-06,2,9.516667491444516e-06,2,0,0,0,1.2462037469230602,4,0.0
744,3.237127182918632e-05,6,5.9003338446956e-05,5,0,0,0,1.820173190562614,8,0.0
745,0.0,0,9.516667491444516e-06,2,0,0,0,96.16667491444517,2,0.0
746,5.712577381621115e-06,1,1.3323334488022323e-05,3,0,0,0,2.3093601352243134,4,0.0
747,9.520962302701859e-06,2,3.8066669965778065e-06,1,0,0,0,0.4060578218335493,2,0.0
748,0.0,0,9.516667491444516e-06,2,0,0,0,96.16667491444517,2,0.0
749,1.142515476324223e-05,3,0.0,0,0,0,0,0.00867667307331396,3,0.0
750,1.5233539684322974e-05,3,1.713000148460013e-05,3,0,0,0,1.1236806268689608,5,0.0
751,9.520962302701859e-06,2,3.8066669965778065e-06,1,0,0,0,0.4060578218335493,3,0.0
752,1.142515476324223e-05,3,7.613333993155613e-06,2,0,0,0,0.6692607736389057,5,0.0
753,7.616769842161487e-06,2,9.516667491444516e-06,2,0,0,0,1.2462037469230602,4,0.0
754,3.8083849210807435e-06,1,3.8066669965778065e-06,1,0,0,0,0.9995604515579641,2,0.0
755,3.8083849210807435e-06,1,5.710000494866709e-06,1,0,0,0,1.4865476692249984,2,0.0
756,1.142515476324223e-05,3,1.5226667986311226e-05,3,0,0,0,1.329844874204497,6,0.0
757,4.570061905296892e-05,9,3.045333597262245e-05,3,0,0,0,0.6670943887742473,11,0.0
758,3.8083849210807435e-06,1,3.8066669965778065e-06,1,0,0,0,0.9995604515579641,2,0.0
759,3.8083849210807435e-06,1,3.8066669965778065e-06,1,0,0,0,0.9995604515579641,2,0.0
760,3.8083849210807435e-06,1,3.8066669965778065e-06,1,0,0,0,0.9995604515579641,2,0.0
761,7.616769842161487e-06,2,0.0,0,1,1,0,0.012958790017766002,2,0.0
762,9.520962302701859e-06,2,0.0,0,0,0,0,0.01039397067088777,2,0.0
763,3.8083849210807435e-06,1,3.8066669965778065e-06,1,0,0,0,0.9995604515579641,2,0.0
764,3.8083849210807435e-06,1,3.8066669965778065e-06,1,0,0,0,0.9995604515579641,2,0.0
765,7.616769842161487e-06,1,1.142000098973342e-05,2,0,0,0,1.4928527383041192,2,0.0
766,9.520962302701859e-06,2,3.8066669965778065e-06,1,0,0,0,0.4060578218335493,3,0.0
767,1.7137732144863347e-05,4,3.8066669965778065e-06,1,0,0,0,0.22663462709286558,5,0.0
768,9.520962302701859e-06,2,0.0,0,0,0,0,0.01039397067088777,2,0.0
769,7.616769842161487e-06,2,0.0,0,0,0,0,0.012958790017766002,2,0.0
770,7.616769842161487e-06,2,0.0,0,0,0,0,0.012958790017766002,2,0.0
771,3.8083849210807435e-06,1,3.8066669965778065e-06,1,0,0,0,0.9995604515579641,2,0.0
772,1.142515476324223e-05,3,0.0,0,0,0,0,0.00867667307331396,3,0.0
773,3.8083849210807435e-06,1,3.8066669965778065e-06,1,0,0,0,0.9995604515579641,2,0.0
774,9.520962302701859e-06,2,5.710000494866709e-06,1,0,0,0,0.6038897474148801,2,0.0
775,3.8083849210807435e-06,1,5.710000494866709e-06,1,0,0,0,1.4865476692249984,2,0.0
776,1.142515476324223e-05,2,7.613333993155613e-06,2,0,0,0,0.6692607736389057,4,0.0
777,3.8083849210807435e-06,1,5.710000494866709e-06,1,0,0,0,1.4865476692249984,2,0.0
778,3.8083849210807435e-06,1,3.8066669965778065e-06,1,0,0,0,0.9995604515579641,2,0.0
779,9.520962302701859e-06,2,7.613333993155613e-06,1,0,0,0,0.801721672996211,2,0.0
780,3.8083849210807435e-06,1,3.8066669965778065e-06,1,0,0,0,0.9995604515579641,2,0.0
781,6.664673611891302e-05,9,9.707000841273407e-05,14,0,0,0,1.455801647583491,20,0.0
782,2.285030952648446e-05,2,3.6163336467489164e-05,3,0,0,0,1.5800804963280164,5,0.0
783,3.8083849210807435e-06,1,1.142000098973342e-05,2,0,0,0,2.9475093222261024,3,0.0
784,3.8083849210807435e-06,1,3.8066669965778065e-06,1,0,0,0,0.9995604515579641,2,0.0
785,7.616769842161487e-06,2,0.0,0,0,0,0,0.012958790017766002,2,0.0
786,3.8083849210807435e-06,1,1.142000098973342e-05,3,0,0,0,2.9475093222261024,4,0.0
787,3.8083849210807435e-06,1,3.8066669965778065e-06,1,0,0,0,0.9995604515579641,2,0.0
788,1.142515476324223e-05,3,0.0001674933478494235,3,0,0,0,14.541526885516332,6,0.0
789,3.8083849210807435e-06,1,3.8066669965778065e-06,1,0,0,0,0.9995604515579641,2,0.0
790,7.616769842161487e-06,2,0.0,0,0,0,0,0.012958790017766002,2,0.0
791,3.8083849210807435e-06,1,3.8066669965778065e-06,1,0,0,0,0.9995604515579641,2,0.0
792,0.00013138927977728566,27,0.0001294266778836454,17,13,11,4,0.9850740539687762,39,0.10256410256410256
793,9.520962302701859e-06,2,0.0,0,0,0,0,0.01039397067088777,2,0.0
794,3.8083849210807435e-06,1,3.8066669965778065e-06,1,0,0,0,0.9995604515579641,2,0.0
795,9.520962302701859e-06,2,0.0,0,0,0,0,0.01039397067088777,2,0.0
796,5.712577381621115e-06,1,3.8066669965778065e-06,1,0,0,0,0.672105804376964,2,0.0
797,1.5233539684322974e-05,3,0.0,0,0,0,0,0.006521651364181754,3,0.0
798,3.8083849210807435e-06,1,1.5226667986311226e-05,2,0,0,0,3.9214837575601704,3,0.0
799,1.3329347223782603e-05,2,0.0,0,0,0,0,0.007446378318590626,2,0.0
800,3.8083849210807435e-06,1,3.8066669965778065e-06,1,0,0,0,0.9995604515579641,2,0.0
801,3.8083849210807435e-06,1,5.710000494866709e-06,1,0,0,0,1.4865476692249984,2,0.0
802,3.8083849210807435e-06,1,3.8066669965778065e-06,1,0,0,0,0.9995604515579641,2,0.0
803,1.142515476324223e-05,3,0.0,0,0,0,0,0.00867667307331396,3,0.0
804,7.616769842161487e-06,2,0.0,0,0,0,0,0.012958790017766002,2,0.0
805,3.8083849210807435e-06,1,3.8066669965778065e-06,1,0,0,0,0.9995604515579641,2,0.0
806,5.712577381621115e-06,1,1.9033334982889032e-05,5,0,0,0,3.2917127337327226,6,0.0
807,1.3329347223782601e-05,3,9.516667491444516e-06,2,0,0,0,0.7160934430538777,5,0.0
808,0.0,0,4.758333745722258e-05,4,0,0,0,476.83337457222586,4,0.0
809,5.712577381621115e-06,1,7.613333993155613e-06,1,0,0,0,1.3270075367159038,2,0.0
810,7.616769842161487e-06,2,0.0,0,0,0,0,0.012958790017766002,2,0.0
811,3.8083849210807435e-06,1,3.8066669965778065e-06,1,0,0,0,0.9995604515579641,2,0.0
812,0.0,0,9.516667491444516e-06,2,0,0,0,96.16667491444517,2,0.0
813,7.616769842161487e-06,2,1.142000098973342e-05,2,0,0,0,1.4928527383041192,4,0.0
814,0.0,0,7.613333993155613e-06,2,0,0,0,77.13333993155614,2,0.0
815,5.712577381621115e-06,1,9.516667491444516e-06,2,0,0,0,1.6544584028853737,3,0.0
816,3.8083849210807435e-06,1,3.8066669965778065e-06,1,0,0,0,0.9995604515579641,2,0.0
817,0.0,0,7.613333993155613e-06,2,0,0,0,77.13333993155614,2,0.0
818,3.8083849210807435e-06,1,3.8066669965778065e-06,1,0,0,0,0.9995604515579641,2,0.0
819,3.8083849210807435e-06,1,5.710000494866709e-06,1,0,0,0,1.4865476692249984,2,0.0
820,3.8083849210807435e-06,1,1.3323334488022323e-05,3,0,0,0,3.4344965398931366,4,0.0
821,0.0,0,7.613333993155613e-06,2,0,0,0,77.13333993155614,2,0.0
822,1.9041924605403718e-05,3,7.613333993155613e-06,2,0,0,0,0.40295498765981763,5,0.0
823,3.8083849210807435e-06,1,9.516667491444516e-06,2,0,0,0,2.4605221045590673,2,0.0
824,1.3329347223782603e-05,2,0.0,0,0,0,0,0.007446378318590626,2,0.0
825,9.520962302701859e-06,2,3.8066669965778065e-06,1,0,0,0,0.4060578218335493,3,0.0
826,3.8083849210807435e-06,1,3.8066669965778065e-06,1,0,0,0,0.9995604515579641,2,0.0
827,5.712577381621115e-06,1,2.0936668481177935e-05,4,0,0,0,3.6191635999021923,4,0.0
828,3.8083849210807435e-06,1,3.8066669965778065e-06,1,0,0,0,0.9995604515579641,2,0.0
829,7.616769842161487e-06,2,0.0,0,0,0,0,0.012958790017766002,2,0.0
830,1.142515476324223e-05,2,0.0,0,0,0,0,0.00867667307331396,2,0.0
831,2.094611706594409e-05,3,1.9033334982889032e-05,1,0,0,0,0.909114727573656,3,0.0
832,3.8083849210807435e-06,1,5.710000494866709e-06,1,0,0,0,1.4865476692249984,2,0.0
833,1.3329347223782601e-05,3,1.142000098973342e-05,3,0,0,0,0.8578228560009351,6,0.0
834,0.0,0,1.3323334488022323e-05,3,0,0,0,134.23334488022326,3,0.0
835,0.0,0,7.613333993155613e-06,2,0,0,0,77.13333993155614,2,0.0
836,3.8083849210807435e-06,1,1.142000098973342e-05,2,2,1,2,2.9475093222261024,2,1.0
837,9.520962302701859e-06,2,3.8066669965778065e-06,1,0,0,0,0.4060578218335493,2,0.0
838,3.8083849210807435e-06,1,5.710000494866709e-06,1,0,0,0,1.4865476692249984,2,0.0
839,0.0,0,9.516667491444516e-06,2,0,0,0,96.16667491444517,2,0.0
840,3.8083849210807435e-06,1,1.9033334982889032e-05,4,0,0,0,4.895458192894239,5,0.0
841,3.8083849210807435e-06,1,1.5226667986311226e-05,3,0,0,0,3.9214837575601704,3,0.0
842,1.142515476324223e-05,2,0.0,0,0,0,0,0.00867667307331396,2,0.0
843,3.8083849210807435e-06,1,3.8066669965778065e-06,1,0,0,0,0.9995604515579641,2,0.0
844,7.616769842161487e-06,2,0.0,0,0,0,0,0.012958790017766002,2,0.0
845,3.8083849210807435e-06,1,1.142000098973342e-05,2,0,0,0,2.9475093222261024,3,0.0
846,0.0,0,9.516667491444516e-06,2,0,0,0,96.16667491444517,2,0.0
847,1.142515476324223e-05,2,0.0,0,0,0,0,0.00867667307331396,2,0.0
848,0.0,0,1.142000098973342e-05,3,0,0,0,115.20000989733421,3,0.0
849,3.8083849210807435e-06,1,3.8066669965778065e-06,1,0,0,0,0.9995604515579641,2,0.0
850,9.520962302701859e-06,2,3.8066669965778065e-06,1,0,0,0,0.4060578218335493,3,0.0
851,3.8083849210807435e-06,1,3.8066669965778065e-06,1,0,0,0,0.9995604515579641,2,0.0
852,3.8083849210807435e-06,1,3.8066669965778065e-06,1,0,0,0,0.9995604515579641,2,0.0
853,9.520962302701859e-06,2,1.142000098973342e-05,2,0,0,0,1.1973855241588727,3,0.0
854,7.616769842161487e-06,2,0.0,0,0,0,0,0.012958790017766002,2,0.0
855,3.8083849210807435e-06,1,3.8066669965778065e-06,1,0,0,0,0.9995604515579641,2,0.0
856,3.8083849210807435e-06,1,3.8066669965778065e-06,1,0,0,0,0.9995604515579641,2,0.0
857,3.8083849210807435e-06,1,3.8066669965778065e-06,1,0,0,0,0.9995604515579641,2,0.0
858,7.616769842161487e-06,2,3.8066669965778065e-06,1,0,0,0,0.5062567727798837,3,0.0
859,3.8083849210807435e-06,1,3.8066669965778065e-06,1,0,0,0,0.9995604515579641,2,0.0
860,7.616769842161487e-06,2,0.0,0,0,0,0,0.012958790017766002,2,0.0
861,3.8083849210807435e-06,1,7.613333993155613e-06,2,0,0,0,1.9735348868920333,3,0.0
862,9.520962302701859e-06,2,3.8066669965778065e-06,1,0,0,0,0.4060578218335493,3,0.0
863,9.520962302701859e-06,2,0.0,0,0,0,0,0.01039397067088777,2,0.0
864,3.8083849210807435e-06,1,3.8066669965778065e-06,1,0,0,0,0.9995604515579641,2,0.0
865,3.8083849210807435e-06,1,1.1420000989733419e-05,2,1,0,1,2.947509322226102,3,0.3333333333333333
866,7.616769842161487e-06,1,3.8066669965778065e-06,1,0,0,0,0.5062567727798837,2,0.0
867,3.8083849210807435e-06,1,3.8066669965778065e-06,1,0,0,0,0.9995604515579641,2,0.0
868,2.094611706594409e-05,3,2.0936668481177935e-05,4,0,0,0,0.9995510533018253,7,0.0
869,1.3329347223782603e-05,2,0.0,0,0,0,0,0.007446378318590626,2,0.0
870,7.616769842161487e-06,2,0.0,0,0,0,0,0.012958790017766002,2,0.0
871,3.8083849210807435e-06,1,3.8066669965778065e-06,1,0,0,0,0.9995604515579641,2,0.0
872,9.520962302701859e-06,2,0.0,0,0,0,0,0.01039397067088777,2,0.0
873,3.8083849210807435e-06,1,3.8066669965778065e-06,1,0,0,0,0.9995604515579641,2,0.0
874,7.616769842161487e-06,2,0.0,0,0,0,0,0.012958790017766002,2,0.0
875,7.616769842161487e-06,2,0.0,0,0,0,0,0.012958790017766002,2,0.0
876,3.8083849210807435e-06,1,3.8066669965778065e-06,1,0,0,0,0.9995604515579641,2,0.0
877,3.8083849210807435e-06,1,3.8066669965778065e-06,1,0,0,0,0.9995604515579641,2,0.0
878,0.0,0,7.613333993155613e-06,2,0,0,0,77.13333993155614,2,0.0
879,3.8083849210807435e-06,1,3.8066669965778065e-06,1,0,0,0,0.9995604515579641,2,0.0
880,9.520962302701859e-06,2,9.516667491444516e-06,2,0,0,0,0.9995535985775418,4,0.0
881,1.3329347223782601e-05,3,1.142000098973342e-05,3,0,0,0,0.8578228560009351,5,0.0
882,3.8083849210807435e-06,1,3.8066669965778065e-06,1,0,0,0,0.9995604515579641,2,0.0
883,3.8083849210807435e-06,1,1.3323334488022323e-05,2,0,0,0,3.4344965398931366,3,0.0
884,3.8083849210807435e-06,1,7.613333993155613e-06,1,0,0,0,1.9735348868920333,2,0.0
885,2.6658694447565202e-05,5,0.0,0,1,1,0,0.003737103101048306,5,0.0
886,2.475450198702483e-05,4,3.426000296920026e-05,7,0,0,0,1.3824458437001768,11,0.0
887,3.8083849210807435e-06,1,3.8066669965778065e-06,1,0,0,0,0.9995604515579641,2,0.0
888,0.0,0,1.142000098973342e-05,2,0,0,0,115.20000989733421,2,0.0
889,3.8083849210807435e-06,1,7.613333993155613e-06,2,0,0,0,1.9735348868920333,2,0.0
890,3.8083849210807435e-06,1,3.8066669965778065e-06,1,0,0,0,0.9995604515579641,2,0.0
891,9.520962302701859e-06,2,3.8066669965778065e-06,1,0,0,0,0.4060578218335493,3,0.0
892,1.142515476324223e-05,2,0.0,0,0,0,0,0.00867667307331396,2,0.0
893,3.8083849210807435e-06,1,3.8066669965778065e-06,1,0,0,0,0.9995604515579641,2,0.0
894,3.8083849210807435e-06,1,3.8066669965778065e-06,1,0,0,0,0.9995604515579641,2,0.0
895,1.142515476324223e-05,2,0.0,0,0,0,0,0.00867667307331396,2,0.0
896,3.8083849210807435e-06,1,5.710000494866709e-06,1,0,0,0,1.4865476692249984,2,0.0
897,3.8083849210807435e-06,1,3.8066669965778065e-06,1,0,0,0,0.9995604515579641,2,0.0
898,3.8083849210807435e-06,1,3.8066669965778065e-06,1,0,0,0,0.9995604515579641,2,0.0
899,1.3329347223782601e-05,3,3.8066669965778065e-06,1,0,0,0,0.29090520421270544,4,0.0
900,1.7137732144863347e-05,4,2.474333547775574e-05,3,0,0,0,1.4412183266903111,6,0.0
901,1.142515476324223e-05,2,0.0,0,0,0,0,0.00867667307331396,2,0.0
902,3.8083849210807435e-06,1,3.0453335972622452e-05,7,0,0,0,7.817381498896446,8,0.0
903,7.616769842161487e-06,2,2.0936668481177935e-05,1,0,0,0,2.726097695209413,2,0.0
904,3.8083849210807435e-06,1,3.8066669965778065e-06,1,0,0,0,0.9995604515579641,2,0.0
905,1.3329347223782603e-05,2,9.516667491444516e-06,1,0,0,0,0.7160934430538776,2,0.0
906,3.8083849210807435e-06,1,7.613333993155613e-06,2,0,0,0,1.9735348868920333,3,0.0
907,3.8083849210807435e-06,1,5.710000494866709e-06,1,0,0,0,1.4865476692249984,2,0.0
908,3.8083849210807435e-06,1,3.8066669965778065e-06,1,0,0,0,0.9995604515579641,2,0.0
909,7.616769842161487e-06,2,0.0,0,0,0,0,0.012958790017766002,2,0.0
910,1.9041924605403718e-05,3,1.3323334488022322e-05,2,0,0,0,0.7012531270880124,4,0.0
911,3.8083849210807435e-06,1,3.8066669965778065e-06,1,0,0,0,0.9995604515579641,2,0.0
912,0.0,0,7.613333993155613e-06,2,0,0,0,77.13333993155614,2,0.0
913,7.616769842161487e-06,2,0.0,0,0,0,0,0.012958790017766002,2,0.0
914,7.616769842161487e-06,1,3.8066669965778065e-06,1,0,0,0,0.5062567727798837,2,0.0
915,0.0,0,1.142000098973342e-05,2,0,0,0,115.20000989733421,2,0.0
916,1.9041924605403718e-05,1,2.474333547775574e-05,2,0,0,0,1.2978494059444017,2,0.0
917,9.520962302701859e-06,2,3.8066669965778065e-06,1,0,0,0,0.4060578218335493,3,0.0
918,7.616769842161487e-06,2,0.0,0,0,0,0,0.012958790017766002,2,0.0
919,7.616769842161487e-06,2,0.0,0,0,0,0,0.012958790017766002,2,0.0
920,3.8083849210807435e-06,1,9.516667491444516e-06,2,0,0,0,2.4605221045590673,2,0.0
921,1.142515476324223e-05,2,7.613333993155613e-06,2,2,1,1,0.6692607736389057,4,0.25
922,1.5233539684322974e-05,3,3.8066669965778065e-06,1,0,0,0,0.2547792014763549,3,0.0
923,1.7137732144863347e-05,4,9.516667491444516e-06,2,0,0,0,0.5578847269830781,4,0.0
924,1.142515476324223e-05,3,2.474333547775574e-05,6,0,0,0,2.1555749999114866,9,0.0
925,0.0,0,1.5226667986311226e-05,4,0,0,0,153.26667986311224,4,0.0
926,3.8083849210807435e-06,1,7.613333993155613e-06,1,0,0,0,1.9735348868920333,2,0.0
927,3.8083849210807435e-06,1,7.613333993155613e-06,1,0,0,0,1.9735348868920333,2,0.0
928,2.6658694447565202e-05,4,3.0453335972622452e-05,5,0,0,0,1.1418096661065813,7,0.0
929,7.616769842161487e-06,2,1.5226667986311226e-05,4,0,0,0,1.9861507210662366,5,0.0
930,9.520962302701859e-06,2,0.0,0,0,0,0,0.01039397067088777,2,0.0
931,3.8083849210807435e-06,1,9.516667491444516e-06,2,0,0,0,2.4605221045590673,3,0.0
932,7.616769842161487e-06,2,0.0,0,0,0,0,0.012958790017766002,2,0.0
933,3.8083849210807435e-06,1,7.613333993155613e-06,2,0,0,0,1.9735348868920333,3,0.0
934,3.8083849210807435e-06,1,5.710000494866709e-06,1,0,0,0,1.4865476692249984,2,0.0
935,3.8083849210807435e-06,1,3.8066669965778065e-06,1,0,0,0,0.9995604515579641,2,0.0
936,3.8083849210807435e-06,1,3.8066669965778065e-06,1,0,0,0,0.9995604515579641,2,0.0
937,0.00012186831747458379,24,7.423000643326722e-05,19,3,0,3,0.6094206099773114,42,0.07142857142857142
938,2.6658694447565206e-05,3,2.6646668976044643e-05,3,0,0,0,0.9995505957308893,4,0.0
939,9.520962302701859e-06,2,0.0,0,0,0,0,0.01039397067088777,2,0.0
940,3.8083849210807435e-06,1,1.142000098973342e-05,2,0,0,0,2.9475093222261024,3,0.0
941,3.8083849210807435e-06,1,7.613333993155613e-06,2,0,0,0,1.9735348868920333,3,0.0
942,3.8083849210807435e-06,1,3.8066669965778065e-06,1,0,0,0,0.9995604515579641,2,0.0
943,0.0,0,9.516667491444516e-06,2,0,0,0,96.16667491444517,2,0.0
944,3.237127182918632e-05,7,2.6646668976044647e-05,7,0,0,0,0.8237025367144318,12,0.0
945,3.8083849210807435e-06,1,3.8066669965778065e-06,1,0,0,0,0.9995604515579641,2,0.0
946,3.8083849210807435e-06,1,3.8066669965778065e-06,1,1,1,0,0.9995604515579641,2,0.0
947,0.0,0,9.516667491444516e-06,2,0,0,0,96.16667491444517,2,0.0
948,7.616769842161487e-06,2,0.0,0,0,0,0,0.012958790017766002,2,0.0
949,7.616769842161487e-06,2,3.8066669965778065e-06,1,0,0,0,0.5062567727798837,2,0.0
950,7.616769842161487e-06,2,3.8066669965778065e-06,1,0,0,0,0.5062567727798837,2,0.0
951,0.0,0,7.613333993155613e-06,2,0,0,0,77.13333993155614,2,0.0
952,7.616769842161487e-06,2,3.8066669965778065e-06,1,0,0,0,0.5062567727798837,3,0.0
953,3.8083849210807435e-06,1,3.8066669965778065e-06,1,0,0,0,0.9995604515579641,2,0.0
954,2.094611706594409e-05,5,0.0,0,0,0,0,0.00475147029196258,5,0.0
955,7.616769842161487e-06,2,8.374667392471175e-05,7,0,0,0,10.865514410784355,8,0.0
956,3.8083849210807435e-06,1,3.8066669965778065e-06,1,0,0,0,0.9995604515579641,2,0.0
957,1.3329347223782603e-05,2,0.0,0,0,0,0,0.007446378318590626,2,0.0
958,3.8083849210807435e-06,1,7.613333993155613e-06,1,0,0,0,1.9735348868920333,2,0.0
959,3.8083849210807435e-06,1,3.8066669965778065e-06,1,0,0,0,0.9995604515579641,2,0.0
960,0.00021326955558052165,36,0.0002645633562621575,38,1,1,1,1.240398872941733,67,0.014925373134328358
961,9.901800794809932e-05,20,6.47133389418227e-05,12,0,0,0,0.6539007419898974,29,0.0
962,2.475450198702483e-05,6,7.613333993155613e-06,2,0,0,0,0.31033951101423485,7,0.0
963,7.616769842161487e-06,2,0.0,0,0,0,0,0.012958790017766002,2,0.0
964,9.520962302701859e-06,2,3.8066669965778065e-06,1,0,0,0,0.4060578218335493,3,0.0
965,1.9041924605403718e-05,4,3.0453335972622452e-05,6,0,0,0,1.5961475453725966,9,0.0
966,3.8083849210807435e-06,1,3.8066669965778065e-06,1,0,0,0,0.9995604515579641,2,0.0
967,3.8083849210807435e-06,1,3.8066669965778065e-06,1,0,0,0,0.9995604515579641,2,0.0
968,7.616769842161487e-06,2,7.613333993155613e-06,2,0,0,0,0.9995547555420015,2,0.0
969,3.8083849210807435e-06,1,3.8066669965778065e-06,1,0,0,0,0.9995604515579641,2,0.0
970,7.616769842161487e-06,2,0.0,0,0,0,0,0.012958790017766002,2,0.0
971,7.616769842161487e-06,2,0.0,0,0,0,0,0.012958790017766002,2,0.0
972,3.8083849210807435e-06,1,5.710000494866709e-06,1,0,0,0,1.4865476692249984,2,0.0
973,3.8083849210807435e-06,1,3.8066669965778065e-06,1,0,0,0,0.9995604515579641,2,0.0
974,6.283835119783226e-05,10,3.0453335972622452e-05,5,0,0,0,0.4854486237903668,12,0.0
975,3.8083849210807435e-06,1,1.142000098973342e-05,3,0,0,0,2.9475093222261024,4,0.0
976,3.8083849210807435e-06,1,3.8066669965778065e-06,1,0,0,0,0.9995604515579641,2,0.0
977,9.520962302701859e-06,2,0.0,0,0,0,0,0.01039397067088777,2,0.0
978,1.3329347223782603e-05,3,7.613333993155613e-06,2,0,0,0,0.5743640301068202,4,0.0
979,7.616769842161487e-06,2,0.0,0,0,0,0,0.012958790017766002,2,0.0
980,2.6658694447565206e-05,5,1.3323334488022323e-05,3,0,0,0,0.501643849415969,7,0.0
981,7.616769842161487e-06,2,0.0,0,0,0,0,0.012958790017766002,2,0.0
982,3.8083849210807435e-06,1,3.8066669965778065e-06,1,0,0,0,0.9995604515579641,2,0.0
983,3.8083849210807435e-06,1,5.710000494866709e-06,1,0,0,0,1.4865476692249984,2,0.0
984,9.520962302701859e-06,2,0.0,0,0,0,0,0.01039397067088777,2,0.0
985,3.8083849210807435e-06,1,3.8066669965778065e-06,1,0,0,0,0.9995604515579641,2,0.0
986,1.142515476324223e-05,2,7.613333993155613e-06,2,0,0,0,0.6692607736389057,3,0.0
987,7.616769842161487e-06,2,0.0,0,0,0,0,0.012958790017766002,2,0.0
988,3.8083849210807435e-06,1,5.710000494866709e-06,1,0,0,0,1.4865476692249984,2,0.0
989,3.8083849210807435e-06,1,3.8066669965778065e-06,1,0,0,0,0.9995604515579641,2,0.0
990,3.237127182918632e-05,7,6.47133389418227e-05,7,0,0,0,1.9960209530064108,14,0.0
991,3.6179656750267065e-05,5,6.0906671945244904e-05,9,0,0,0,1.6815669554204318,11,0.0
992,1.5233539684322974e-05,3,3.8066669965778065e-06,1,0,0,0,0.2547792014763549,3,0.0
993,3.8083849210807435e-06,1,7.613333993155613e-06,2,0,0,0,1.9735348868920333,3,0.0
994,3.8083849210807435e-06,1,3.8066669965778065e-06,1,0,0,0,0.9995604515579641,2,0.0
995,3.8083849210807435e-06,1,3.8066669965778065e-06,1,0,0,0,0.9995604515579641,2,0.0
996,7.616769842161487e-06,2,3.8066669965778065e-06,1,0,0,0,0.5062567727798837,3,0.0
997,7.616769842161487e-06,2,0.0,0,0,0,0,0.012958790017766002,2,0.0
998,1.142515476324223e-05,2,5.519667145037819e-05,1,0,0,0,4.797911402173853,3,0.0
999,9.520962302701859e-06,2,0.0,0,0,0,0,0.01039397067088777,2,0.0
1000,3.8083849210807435e-06,1,7.613333993155613e-06,2,0,0,0,1.9735348868920333,2,0.0
1001,1.142515476324223e-05,3,5.710000494866709e-06,1,0,0,0,0.5041147484975076,3,0.0
1002,3.8083849210807435e-06,1,3.8066669965778065e-06,1,0,0,0,0.9995604515579641,2,0.0
1003,1.7137732144863347e-05,4,2.6646668976044647e-05,6,0,0,0,1.5516350266537156,9,0.0
1004,7.616769842161487e-06,2,0.0,0,0,0,0,0.012958790017766002,2,0.0
1005,3.8083849210807435e-06,1,3.8066669965778065e-06,1,0,0,0,0.9995604515579641,2,0.0
1006,7.616769842161487e-06,2,0.0,0,0,0,0,0.012958790017766002,2,0.0
1007,7.616769842161487e-06,2,1.713000148460013e-05,3,0,0,0,2.2327997124472954,4,0.0
1008,3.8083849210807435e-06,1,3.8066669965778065e-06,1,0,0,0,0.9995604515579641,2,0.0
1009,1.142515476324223e-05,2,3.8066669965778065e-06,1,0,0,0,0.3389687233561098,3,0.0
1010,7.616769842161487e-06,2,1.142000098973342e-05,2,0,0,0,1.4928527383041192,4,0.0
1011,7.616769842161487e-06,1,7.613333993155613e-06,2,0,0,0,0.9995547555420015,2,0.0
1012,3.8083849210807435e-06,1,3.8066669965778065e-06,1,0,0,0,0.9995604515579641,2,0.0
1013,2.475450198702483e-05,5,1.713000148460013e-05,3,0,0,0,0.6932346298306425,8,0.0
1014,9.520962302701859e-06,2,0.0,0,0,0,0,0.01039397067088777,2,0.0
1015,3.4275464289726694e-05,3,2.8550002474333546e-05,4,0,0,0,0.8334433604405385,5,0.0
1016,4.570061905296892e-05,3,5.71000049486671e-05,3,0,0,0,1.2488915244249137,3,0.0
1017,7.616769842161487e-06,2,3.8066669965778065e-06,1,0,0,0,0.5062567727798837,3,0.0
1018,2.6658694447565206e-05,1,2.474333547775574e-05,2,0,0,0,0.9284210605430436,2,0.0
1019,5.9029966276751525e-05,2,1.5226667986311226e-05,2,0,0,0,0.2592030564430966,2,0.0
1020,0.0003218085258313228,49,0.0002702733567570243,45,2,1,2,0.8399074117679551,83,0.024096385542168676
1021,1.9041924605403718e-05,3,1.5226667986311226e-05,3,0,0,0,0.8006858402307439,6,0.0
1022,7.616769842161487e-06,2,0.0,0,0,0,0,0.012958790017766002,2,0.0
1023,4.570061905296892e-05,6,4.758333745722258e-05,6,0,0,0,1.0411068331211042,11,0.0
1024,3.4275464289726694e-05,3,3.8066669965778065e-06,1,0,0,0,0.11364695946071443,3,0.0
1025,3.8083849210807435e-06,1,7.613333993155613e-06,2,0,0,0,1.9735348868920333,3,0.0
1026,3.8083849210807435e-06,1,3.8066669965778065e-06,1,0,0,0,0.9995604515579641,2,0.0
1027,9.520962302701859e-06,2,3.0453335972622452e-05,4,0,0,0,3.1757047799721807,4,0.0
1028,1.9041924605403718e-05,3,1.3323334488022322e-05,2,0,0,0,0.7012531270880124,3,0.0
1029,3.8083849210807435e-06,1,3.8066669965778065e-06,1,0,0,0,0.9995604515579641,2,0.0
1030,0.00011615574009296268,17,7.423000643326722e-05,15,0,0,0,0.6393663347188708,25,0.0
1031,3.0467079368645948e-05,2,3.6163336467489164e-05,2,0,0,0,1.1863526779953382,2,0.0
1032,2.6658694447565206e-05,1,1.5226667986311226e-05,2,0,0,0,0.5727733846038147,2,0.0
1033,3.0467079368645948e-05,2,3.8066669965778065e-06,1,0,0,0,0.12780635498283993,2,0.0
1034,3.237127182918632e-05,2,1.5226667986311226e-05,1,0,0,0,0.47200701182683813,2,0.0
1035,2.6658694447565206e-05,1,3.045333597262245e-05,2,0,0,0,1.1418096661065809,2,0.0
1036,3.4275464289726694e-05,2,0.0,0,0,0,0,0.002909051617664567,2,0.0
1037,2.6658694447565206e-05,1,4.187333696235587e-05,3,0,0,0,1.568586877233656,3,0.0
1038,9.520962302701859e-06,2,0.0,0,0,0,0,0.01039397067088777,2,0.0
1039,7.616769842161487e-06,2,1.3323334488022323e-05,2,0,0,0,1.739501729685178,3,0.0
1040,3.0467079368645948e-05,2,2.2840001979466837e-05,1,0,0,0,0.7504806626372504,2,0.0
1041,4.760481151350929e-05,5,3.997000346406696e-05,3,0,0,0,0.8399572745973377,7,0.0
1042,0.0001085389702508012,17,4.187333696235587e-05,10,0,0,0,0.3863561746347308,26,0.0
1043,7.616769842161487e-06,2,0.0,0,0,0,0,0.012958790017766002,2,0.0
1044,3.998804167134781e-05,2,2.2840001979466837e-05,2,0,0,0,0.5722405241826213,2,0.0
1045,3.4275464289726694e-05,2,3.8066669965778064e-05,1,0,0,0,1.1102881300481633,2,0.0
1046,3.8083849210807435e-06,1,2.0936668481177935e-05,4,0,0,0,5.382445410561274,5,0.0
1047,3.8083849210807436e-05,3,1.9033334982889032e-05,5,0,0,0,0.5010844998171005,6,0.0
1048,2.6658694447565206e-05,1,1.9033334982889032e-05,2,0,0,0,0.7150324549795063,2,0.0
1049,7.616769842161487e-06,2,0.0,0,0,0,0,0.012958790017766002,2,0.0
1050,3.237127182918632e-05,2,1.713000148460013e-05,2,2,1,1,0.530622932641437,3,0.3333333333333333
1051,0.0006721799385707512,107,0.0008032067362779172,115,25,12,18,1.194899163562318,195,0.09230769230769231
1052,3.8083849210807435e-06,1,7.613333993155613e-06,2,0,0,0,1.9735348868920333,2,0.0
1053,3.8083849210807435e-06,1,3.8066669965778065e-06,1,0,0,0,0.9995604515579641,2,0.0
1054,7.616769842161487e-06,2,3.8066669965778065e-06,1,0,0,0,0.5062567727798837,3,0.0
1055,3.0467079368645948e-05,2,1.713000148460013e-05,1,0,0,0,0.5636783703409273,2,0.0
1056,4.760481151350929e-05,8,4.187333696235587e-05,8,0,0,0,0.8798554198347402,12,0.0
1057,8.188027580323598e-05,12,0.0001199100103922009,18,0,0,0,1.4638888344342917,28,0.0
1058,7.616769842161487e-05,6,5.519667145037819e-05,8,2,1,2,0.7250339605725755,11,0.18181818181818182
1059,3.8083849210807435e-06,1,5.710000494866709e-06,1,0,0,0,1.4865476692249984,2,0.0
1060,3.998804167134781e-05,3,3.997000346406697e-05,5,0,0,0,0.9995500352092846,6,0.0
1061,3.8083849210807435e-06,1,3.8066669965778065e-06,1,0,0,0,0.9995604515579641,2,0.0
1062,4.760481151350929e-05,3,2.474333547775574e-05,4,0,0,0,0.520772112698118,6,0.0
1063,3.0467079368645948e-05,2,3.235666947091135e-05,3,0,0,0,1.0618178164644558,4,0.0
1064,3.0467079368645948e-05,2,3.0453335972622452e-05,1,0,0,0,0.9995503856990148,2,0.0
1065,9.520962302701859e-06,2,0.0,0,0,0,0,0.01039397067088777,2,0.0
1066,2.6658694447565206e-05,1,1.142000098973342e-05,2,0,0,0,0.43051431422812314,2,0.0
1067,0.00011234735517188194,6,9.326334141615626e-05,5,0,0,0,0.8302849033082662,8,0.0
1068,3.6179656750267065e-05,3,1.3323334488022323e-05,1,0,0,0,0.3699961821695987,4,0.0
1069,3.8083849210807435e-06,1,3.8066669965778065e-06,1,0,0,0,0.9995604515579641,2,0.0
1070,9.520962302701859e-06,2,0.0,0,0,0,0,0.01039397067088777,2,0.0
1071,7.616769842161487e-06,2,2.0936668481177935e-05,2,0,0,0,2.726097695209413,2,0.0
1072,3.8083849210807436e-05,2,3.8066669965778064e-05,2,0,0,0,0.9995500913243573,2,0.0
1073,3.8083849210807435e-06,1,3.8066669965778065e-06,1,0,0,0,0.9995604515579641,2,0.0
1074,3.4275464289726694e-05,3,1.9033334982889032e-05,1,0,0,0,0.5565985908329139,3,0.0
1075,3.427546428972669e-05,3,3.0453335972622452e-05,4,0,0,0,0.8888123143620638,6,0.0
1076,3.8083849210807435e-06,1,3.8066669965778065e-06,1,0,0,0,0.9995604515579641,2,0.0
1077,4.950900397404966e-05,6,6.47133389418227e-05,4,0,0,0,1.306483374988266,9,0.0
1078,1.9041924605403718e-05,3,3.8066669965778065e-06,1,0,0,0,0.20408956137435438,3,0.0
1079,9.520962302701859e-06,2,2.0936668481177935e-05,4,0,0,0,2.186545152065526,6,0.0
1080,2.475450198702483e-05,1,1.9033334982889032e-05,2,0,0,0,0.7698136535939241,2,0.0
1081,0.00011234735517188194,9,6.661667244011161e-05,7,0,0,0,0.593314732375266,10,0.0
1082,3.2371271829186316e-05,3,1.5226667986311226e-05,3,0,0,0,0.47200701182683824,5,0.0
1083,3.8083849210807435e-06,1,3.8066669965778065e-06,1,0,0,0,0.9995604515579641,2,0.0
1084,3.2371271829186316e-05,2,5.710000494866709e-06,1,0,0,0,0.17892740775384341,2,0.0
1085,2.8562886908105573e-05,2,0.0,0,0,0,0,0.003488832102663079,2,0.0
1086,2.475450198702483e-05,1,9.516667491444516e-06,2,0,0,0,0.38691853477751637,2,0.0
1087,3.998804167134781e-05,2,2.2840001979466837e-05,2,0,0,0,0.5722405241826213,2,0.0
1088,3.8083849210807435e-06,1,9.516667491444516e-06,2,0,0,0,2.4605221045590673,3,0.0
1089,3.8083849210807435e-06,1,3.8066669965778065e-06,1,0,0,0,0.9995604515579641,2,0.0
1090,3.4275464289726694e-05,3,3.0453335972622452e-05,3,1,1,1,0.8888123143620635,4,0.25
1091,8.75928531848571e-05,15,3.8066669965778064e-05,6,0,0,0,0.43523124838146704,18,0.0
1092,2.475450198702483e-05,1,5.710000494866709e-06,1,0,0,0,0.23376048725095322,2,0.0
1093,7.42635059610745e-05,11,7.042333943668942e-05,16,0,0,0,0.9483595283095554,26,0.0
1094,3.8083849210807435e-06,1,3.8066669965778065e-06,1,0,0,0,0.9995604515579641,2,0.0
1095,3.8083849210807436e-05,4,2.0936668481177935e-05,1,0,0,0,0.5509310589678261,4,0.0
1096,3.0467079368645945e-05,2,2.6646668976044643e-05,2,0,0,0,0.8750155241681326,3,0.0
1097,2.8562886908105573e-05,2,2.855000247433355e-05,4,1,0,1,0.9995504837383152,5,0.2
1098,6.855092857945337e-05,5,7.042333943668942e-05,5,0,0,0,1.0272743704416032,8,0.0
1099,3.8083849210807435e-06,1,3.8066669965778065e-06,1,0,0,0,0.9995604515579641,2,0.0
1100,2.8562886908105573e-05,2,2.2840001979466837e-05,1,0,0,0,0.8003381534111847,2,0.0
1101,2.8562886908105573e-05,2,4.377667046064477e-05,3,0,0,0,1.530783364610663,4,0.0
1102,3.0467079368645945e-05,2,4.187333696235587e-05,2,0,0,0,1.373154970291661,2,0.0
1103,7.616769842161487e-06,2,1.713000148460013e-05,4,0,0,0,2.2327997124472954,6,0.0
1104,1.142515476324223e-05,3,9.516667491444516e-06,2,0,0,0,0.8344067987803035,4,0.0
1105,3.2371271829186316e-05,2,3.235666947091135e-05,2,0,0,0,0.9995502991582289,2,0.0
1106,3.8083849210807435e-06,1,3.8066669965778065e-06,1,0,0,0,0.9995604515579641,2,0.0
1107,0.0002684911369361924,41,0.00032737336170569133,44,0,0,0,1.2192262389636752,71,0.0
1108,3.8083849210807435e-06,1,3.8066669965778065e-06,1,0,0,0,0.9995604515579641,2,0.0
1109,4.570061905296892e-05,2,1.713000148460013e-05,2,0,0,0,0.37619582094891424,2,0.0
1110,3.617965675026706e-05,3,1.713000148460013e-05,2,0,0,0,0.47492184402966536,3,0.0
1111,3.8083849210807436e-05,4,5.710000494866709e-05,5,0,0,0,1.498015682831614,8,0.0
1112,3.8083849210807435e-06,1,7.613333993155613e-06,1,0,0,0,1.9735348868920333,2,0.0
1113,3.8083849210807435e-06,1,1.1420000989733419e-05,1,0,0,0,2.947509322226102,2,0.0
1114,2.8562886908105573e-05,1,3.426000296920026e-05,2,0,0,0,1.1987628140654458,2,0.0
1115,0.00013710185715890677,26,0.00025504668877071303,40,8,4,7,1.85964457081075,53,0.1320754716981132
1116,3.998804167134781e-05,2,1.5226667986311226e-05,4,0,0,0,0.3823251859485488,5,0.0
1117,3.8083849210807435e-06,1,9.516667491444516e-06,2,0,0,0,2.4605221045590673,2,0.0
1118,2.475450198702483e-05,1,7.613333993155613e-06,2,0,0,0,0.31033951101423485,2,0.0
1119,3.2371271829186316e-05,2,7.613333993155613e-06,1,0,0,0,0.23754332856844243,2,0.0
1120,0.0002589701746334906,41,0.00039018336714922514,47,10,3,9,1.5064774156321286,74,0.12162162162162163
1121,0.00031038337106808057,50,0.00021888335230322388,38,0,0,0,0.7052981663717082,83,0.0
1122,3.8083849210807435e-06,1,5.710000494866709e-06,1,0,0,0,1.4865476692249984,2,0.0
1123,3.6179656750267065e-05,4,2.6646668976044643e-05,2,0,0,0,0.7372359986798318,5,0.0
1124,2.475450198702483e-05,1,1.9033334982889032e-05,2,0,0,0,0.7698136535939241,2,0.0
1125,0.0002361198651070061,36,0.00015226667986311225,28,0,0,0,0.6450206031321334,57,0.0
1126,3.0467079368645945e-05,2,2.2840001979466837e-05,1,0,0,0,0.7504806626372504,2,0.0
1127,0.00011234735517188194,13,0.00011610334339562309,11,0,0,0,1.0334021926794092,16,0.0
1128,4.950900397404966e-05,4,2.855000247433355e-05,3,0,0,0,0.5775161801135997,6,0.0
1129,3.998804167134781e-05,3,2.0936668481177935e-05,1,0,0,0,0.5247616896241032,3,0.0
1130,3.8083849210807435e-06,1,3.8066669965778065e-06,1,0,0,0,0.9995604515579641,2,0.0
1131,2.285030952648446e-05,1,5.710000494866709e-06,1,0,0,0,0.2531556486487478,2,0.0
1132,3.0467079368645945e-05,2,5.710000494866709e-06,1,0,0,0,0.19007378574828096,2,0.0
1133,2.6658694447565202e-05,2,1.5226667986311226e-05,1,0,0,0,0.5727733846038148,2,0.0
1134,1.142515476324223e-05,2,5.710000494866709e-06,1,0,0,0,0.5041147484975076,3,0.0
1135,7.616769842161487e-06,2,3.997000346406697e-05,7,0,0,0,5.192587609020002,9,0.0
1136,2.285030952648446e-05,1,7.613333993155613e-06,2,0,0,0,0.33608845162870216,2,0.0
1137,4.379642659242855e-05,8,7.042333943668942e-05,15,0,0,0,1.6065849753896277,20,0.0
1138,3.4275464289726694e-05,2,3.616333646748916e-05,2,0,0,0,1.0549191761266383,2,0.0
1139,3.8083849210807435e-06,1,3.8066669965778065e-06,1,0,0,0,0.9995604515579641,2,0.0
1140,3.998804167134781e-05,2,5.71000049486671e-05,5,0,0,0,1.4268595462359477,5,0.0
1141,0.0005407906587934656,87,0.0004701233740773591,80,5,3,4,0.8693501476366037,145,0.027586206896551724
1142,6.283835119783227e-05,5,3.0453335972622452e-05,3,0,0,0,0.4854486237903667,5,0.0
1143,3.8083849210807435e-06,1,3.8066669965778065e-06,1,0,0,0,0.9995604515579641,2,0.0
1144,7.616769842161487e-06,2,0.0,0,1,1,0,0.012958790017766002,2,0.0
1145,2.6658694447565202e-05,2,1.3323334488022322e-05,1,0,0,0,0.501643849415969,2,0.0
1146,4.379642659242855e-05,3,3.616333646748916e-05,3,0,0,0,0.8261113553544702,3,0.0
1147,7.616769842161487e-06,2,3.8066669965778065e-06,1,0,0,0,0.5062567727798837,3,0.0
1148,3.427546428972669e-05,4,4.3776670460644776e-05,1,0,0,0,1.2763949918127384,4,0.0
1149,2.6658694447565202e-05,2,2.474333547775574e-05,1,0,0,0,0.9284210605430437,2,0.0
1150,2.285030952648446e-05,1,1.142000098973342e-05,2,0,0,0,0.5019540575886107,2,0.0
1151,2.285030952648446e-05,1,3.8066669965778065e-06,1,0,0,0,0.17022284566879356,2,0.0
1152,3.4275464289726694e-05,3,4.3776670460644776e-05,4,0,0,0,1.2763949918127382,6,0.0
1153,3.8083849210807436e-05,3,3.235666947091135e-05,2,0,0,0,0.8500104138721802,3,0.0
1154,3.0467079368645945e-05,3,3.8066669965778065e-06,1,0,0,0,0.12780635498283993,4,0.0
1155,2.285030952648446e-05,1,7.613333993155613e-06,2,0,0,0,0.33608845162870216,2,0.0
1156,3.8083849210807435e-06,1,5.710000494866709e-06,1,0,0,0,1.4865476692249984,2,0.0
1157,2.285030952648446e-05,1,3.997000346406696e-05,2,0,0,0,1.7459461022879246,2,0.0
1158,6.474254365837263e-05,6,5.71000049486671e-05,8,0,0,0,0.8821369693642684,11,0.0
1159,3.8083849210807435e-06,1,3.8066669965778065e-06,1,0,0,0,0.9995604515579641,2,0.0
1160,3.8083849210807435e-06,1,3.8066669965778065e-06,1,0,0,0,0.9995604515579641,2,0.0
1161,2.8562886908105573e-05,2,0.0,0,0,0,0,0.003488832102663079,2,0.0
1162,2.094611706594409e-05,4,3.8066669965778065e-06,1,0,0,0,0.18562412174830126,5,0.0
1163,3.0467079368645948e-05,2,5.710000494866709e-06,1,0,0,0,0.19007378574828096,2,0.0
1164,1.7137732144863347e-05,3,2.474333547775574e-05,3,0,0,0,1.4412183266903111,3,0.0
1165,2.6658694447565202e-05,2,3.8066669965778065e-06,1,0,0,0,0.14599617347673993,3,0.0
1166,2.6658694447565202e-05,2,5.710000494866709e-06,1,0,0,0,0.21712570866458572,2,0.0
1167,3.8083849210807435e-06,1,7.613333993155613e-06,2,0,0,0,1.9735348868920333,3,0.0
1168,9.520962302701859e-06,2,3.8066669965778065e-06,1,0,0,0,0.4060578218335493,3,0.0
1169,4.950900397404966e-05,4,2.2840001979466837e-05,2,0,0,0,0.4624160967123365,4,0.0
1170,9.520962302701858e-05,16,6.281000544353381e-05,11,0,0,0,0.6600593250242942,26,0.0
1171,6.283835119783227e-05,11,0.0001693966813477124,21,0,0,0,2.6930588126615906,29,0.0
1172,3.8083849210807435e-06,1,5.710000494866709e-06,1,0,0,0,1.4865476692249984,2,0.0
1173,0.00013138927977728563,17,3.8066669965778064e-05,4,0,0,0,0.29026449936013143,18,0.0
1174,7.616769842161487e-06,2,3.8066669965778065e-06,1,0,0,0,0.5062567727798837,2,0.0
1175,4.570061905296892e-05,7,7.803667342984503e-05,13,4,2,3,1.7060178452932941,17,0.17647058823529413
1176,3.8083849210807435e-06,1,2.0936668481177935e-05,4,0,0,0,5.382445410561274,5,0.0
1177,2.6658694447565202e-05,2,7.613333993155613e-06,1,0,0,0,0.28825524385243156,2,0.0
1178,2.285030952648446e-05,1,5.9003338446956e-05,2,0,0,0,2.5752741320874675,2,0.0
1179,1.3329347223782603e-05,2,0.0,0,0,0,0,0.007446378318590626,2,0.0
1180,2.285030952648446e-05,1,2.0936668481177935e-05,2,0,0,0,0.9166180724883819,2,0.0
1181,7.616769842161487e-06,2,1.5226667986311226e-05,3,0,0,0,1.9861507210662366,4,0.0
1182,1.9041924605403718e-05,4,9.516667491444516e-06,2,0,0,0,0.5023877008025491,4,0.0
1183,2.6658694447565202e-05,2,1.713000148460013e-05,1,0,0,0,0.6439029197916606,2,0.0
1184,3.8083849210807435e-06,1,5.710000494866709e-06,1,0,0,0,1.4865476692249984,2,0.0
1185,2.285030952648446e-05,1,3.8066669965778065e-06,1,0,0,0,0.17022284566879356,2,0.0
1186,2.285030952648446e-05,1,1.713000148460013e-05,2,0,0,0,0.7507524665284734,2,0.0
1187,1.5233539684322974e-05,3,1.9033334982889032e-05,5,0,0,0,1.2478094019250474,8,0.0
1188,3.6179656750267065e-05,4,1.142000098973342e-05,2,0,0,0,0.3175333512395654,5,0.0
1189,2.285030952648446e-05,1,3.8066669965778064e-05,2,0,0,0,1.6630132993079705,2,0.0
1190,7.997608334269561e-05,15,0.00013323334488022322,18,2,2,0,1.665083247261314,30,0.0
1191,1.5233539684322974e-05,3,3.426000296920026e-05,7,2,1,1,2.24083960237374,9,0.1111111111111111
1192,3.8083849210807435e-06,1,3.8066669965778065e-06,1,0,0,0,0.9995604515579641,2,0.0
1193,2.8562886908105573e-05,2,2.855000247433355e-05,3,0,0,0,0.9995504837383152,4,0.0
1194,2.6658694447565202e-05,2,1.5226667986311226e-05,1,0,0,0,0.5727733846038148,2,0.0
1195,2.6658694447565202e-05,2,9.516667491444516e-06,1,0,0,0,0.3593847790402774,2,0.0
1196,0.00010473058532972045,15,8.374667392471174e-05,14,2,2,0,0.7998302562271435,25,0.0
1197,2.6658694447565202e-05,2,3.6163336467489164e-05,3,0,0,0,1.3551982716701187,4,0.0
1198,4.189223413188818e-05,3,1.5226667986311226e-05,4,0,0,0,0.36498815324218287,6,0.0
1199,1.9041924605403718e-05,4,2.0936668481177935e-05,4,0,0,0,1.0989839796589385,7,0.0
1200,3.8083849210807436e-05,2,3.426000296920026e-05,2,0,0,0,0.899856973022906,2,0.0
1201,6.664673611891302e-05,11,5.71000049486671e-05,12,3,2,2,0.8569708164720161,22,0.09090909090909091
1202,2.6658694447565202e-05,2,3.426000296920026e-05,2,0,0,0,1.284068736482273,2,0.0
1203,3.8083849210807435e-06,1,3.8066669965778065e-06,1,0,0,0,0.9995604515579641,2,0.0
1204,3.0467079368645948e-05,2,3.6163336467489164e-05,3,0,0,0,1.1863526779953382,3,0.0
1205,3.0467079368645945e-05,2,1.9033334982889032e-05,1,0,0,0,0.6259458011063683,2,0.0
1206,3.998804167134781e-05,3,4.187333696235587e-05,6,0,0,0,1.0470288697678027,7,0.0
1207,2.8562886908105573e-05,2,1.3323334488022323e-05,2,0,0,0,0.46831760286596746,4,0.0
1208,2.6658694447565202e-05,2,5.710000494866709e-06,1,0,0,0,0.21712570866458572,2,0.0
1209,2.6658694447565202e-05,2,2.6646668976044647e-05,2,0,0,0,0.9995505957308897,3,0.0
1210,3.8083849210807435e-06,1,7.613333993155613e-06,1,0,0,0,1.9735348868920333,2,0.0
1211,2.475450198702483e-05,4,5.710000494866709e-06,1,0,0,0,0.23376048725095322,5,0.0
1212,0.000148527011922149,17,8.374667392471174e-05,9,10,8,6,0.5641415570450324,20,0.3
1213,3.6179656750267065e-05,3,1.142000098973342e-05,3,0,0,0,0.3175333512395654,5,0.0
1214,7.616769842161487e-06,2,9.516667491444516e-06,2,0,0,0,1.2462037469230602,4,0.0
1215,6.855092857945339e-05,3,5.9003338446956e-05,3,0,0,0,0.8609255500244625,4,0.0
1216,3.4275464289726694e-05,4,2.474333547775574e-05,1,0,0,0,0.7227054525974886,4,0.0
1217,6.474254365837264e-05,14,0.00021127001831006825,18,2,1,1,3.2597428537610367,27,0.037037037037037035
1218,1.142515476324223e-05,2,7.613333993155613e-06,2,0,0,0,0.6692607736389057,4,0.0
1219,2.285030952648446e-05,2,1.713000148460013e-05,2,0,0,0,0.7507524665284734,3,0.0
1220,3.8083849210807435e-06,1,3.8066669965778065e-06,1,0,0,0,0.9995604515579641,2,0.0
1221,7.616769842161487e-06,2,3.8066669965778065e-06,1,0,0,0,0.5062567727798837,3,0.0
1222,7.616769842161487e-06,2,7.613333993155613e-06,1,0,0,0,0.9995547555420015,3,0.0
1223,1.3329347223782601e-05,3,1.713000148460013e-05,1,0,0,0,1.2830110948421072,3,0.0
1224,2.094611706594409e-05,1,5.710000494866709e-06,1,0,0,0,0.27606044747647057,2,0.0
1225,3.8083849210807435e-06,1,5.710000494866709e-06,1,0,0,0,1.4865476692249984,2,0.0
1226,2.475450198702483e-05,2,2.6646668976044643e-05,1,0,0,0,1.0761297486470502,2,0.0
1227,1.142515476324223e-05,3,0.0,0,0,0,0,0.00867667307331396,3,0.0
1228,2.475450198702483e-05,5,1.713000148460013e-05,4,0,0,0,0.6932346298306425,8,0.0
1229,2.8562886908105577e-05,2,1.3323334488022323e-05,3,0,0,0,0.4683176028659674,4,0.0
1230,2.094611706594409e-05,4,9.516667491444516e-06,2,0,0,0,0.4569330989328093,6,0.0
1231,2.475450198702483e-05,2,1.713000148460013e-05,2,0,0,0,0.6932346298306425,3,0.0
1232,7.616769842161487e-06,2,0.0,0,0,0,0,0.012958790017766002,2,0.0
1233,7.616769842161487e-06,2,0.0,0,0,0,0,0.012958790017766002,2,0.0
1234,9.520962302701859e-06,2,2.2840001979466837e-05,5,0,0,0,2.384377077646857,6,0.0
1235,3.8083849210807435e-06,1,7.613333993155613e-06,2,0,0,0,1.9735348868920333,3,0.0
1236,7.616769842161487e-06,2,3.8066669965778065e-06,1,0,0,0,0.5062567727798837,2,0.0
1237,7.616769842161487e-06,2,0.0,0,0,0,0,0.012958790017766002,2,0.0
1238,3.8083849210807435e-06,1,1.3323334488022323e-05,2,0,0,0,3.4344965398931366,3,0.0
1239,1.5233539684322974e-05,3,0.0,0,0,0,0,0.006521651364181754,3,0.0
1240,3.237127182918632e-05,2,2.2840001979466837e-05,1,0,0,0,0.7064706950852339,2,0.0
1241,1.9041924605403718e-05,4,2.855000247433355e-05,4,0,0,0,1.496714832229865,6,0.0
1242,9.520962302701859e-06,2,2.474333547775574e-05,3,3,1,2,2.5822090032281877,5,0.4
1243,1.3329347223782603e-05,2,3.8066669965778065e-06,1,0,0,0,0.2909052042127054,3,0.0
1244,7.616769842161487e-06,2,1.5226667986311226e-05,2,0,0,0,1.9861507210662366,4,0.0
1245,2.094611706594409e-05,1,2.0936668481177935e-05,2,0,0,0,0.9995510533018253,2,0.0
1246,2.475450198702483e-05,2,7.613333993155613e-06,2,0,0,0,0.31033951101423485,3,0.0
1247,3.4275464289726694e-05,7,0.00010849000940246748,17,0,0,0,3.1589394251445855,23,0.0
1248,7.616769842161487e-06,2,0.0,0,0,0,0,0.012958790017766002,2,0.0
1249,2.8562886908105577e-05,3,2.474333547775574e-05,2,0,0,0,0.8667422635202281,4,0.0
1250,4.760481151350929e-05,2,4.948667095551149e-05,1,0,0,0,1.0394480007843503,2,0.0
1251,1.5233539684322974e-05,3,1.713000148460013e-05,2,0,0,0,1.1236806268689608,5,0.0
1252,7.616769842161487e-06,2,3.8066669965778065e-06,1,0,0,0,0.5062567727798837,3,0.0
1253,7.616769842161487e-06,1,1.3323334488022323e-05,2,0,0,0,1.739501729685178,2,0.0
1254,2.6658694447565202e-05,2,2.6646668976044643e-05,1,0,0,0,0.9995505957308896,2,0.0
1255,0.0003218085258313228,60,0.0002969200257330689,56,0,0,0,0.9226845575649796,110,0.0
1256,3.4275464289726694e-05,2,2.8550002474333546e-05,2,0,0,0,0.8334433604405385,2,0.0
1257,3.6179656750267065e-05,2,3.0453335972622452e-05,2,0,0,0,0.8421616605398986,2,0.0
1258,3.8083849210807435e-06,1,3.8066669965778065e-06,1,0,0,0,0.9995604515579641,2,0.0
1259,3.8083849210807435e-06,1,5.710000494866709e-06,1,0,0,0,1.4865476692249984,2,0.0
1260,3.237127182918632e-05,3,4.187333696235587e-05,1,0,0,0,1.2926299032312234,3,0.0
1261,9.520962302701859e-06,2,0.0,0,0,0,0,0.01039397067088777,2,0.0
1262,0.000445581035766447,85,0.0003445033631902915,65,1,1,0,0.7732062518605259,135,0.0
1263,5.7125773816211154e-05,6,0.00011420000989733418,8,0,0,0,1.9973519320931368,11,0.0
1264,0.00014091024207998752,19,9.136000791786736e-05,17,0,0,0,0.6486054244626218,31,0.0
1265,2.8562886908105577e-05,3,1.3323334488022323e-05,3,0,0,0,0.4683176028659674,6,0.0
1266,3.8083849210807435e-06,1,5.710000494866709e-06,1,0,0,0,1.4865476692249984,2,0.0
1267,3.6179656750267065e-05,5,7.613333993155613e-06,1,0,0,0,0.2126076893794987,5,0.0
1268,7.045512103999376e-05,7,3.997000346406696e-05,5,0,0,0,0.5679248064977951,11,0.0
1269,3.237127182918632e-05,2,2.6646668976044643e-05,2,0,0,0,0.8237025367144317,3,0.0
1270,2.094611706594409e-05,1,2.8550002474333546e-05,2,0,0,0,1.3612963562145026,2,0.0
1271,3.8083849210807435e-06,1,9.516667491444516e-06,2,0,0,0,2.4605221045590673,3,0.0
1272,2.475450198702483e-05,2,2.6646668976044643e-05,1,0,0,0,1.0761297486470502,2,0.0
1273,1.142515476324223e-05,2,3.8066669965778065e-06,1,0,0,0,0.3389687233561098,2,0.0
1274,3.4275464289726694e-05,4,1.142000098973342e-05,3,3,0,3,0.3351227751468142,7,0.42857142857142855
1275,3.8083849210807435e-06,1,3.8066669965778065e-06,1,0,0,0,0.9995604515579641,2,0.0
1276,3.8083849210807435e-06,1,5.710000494866709e-06,1,0,0,0,1.4865476692249984,2,0.0
1277,2.475450198702483e-05,2,5.710000494866709e-06,1,0,0,0,0.23376048725095322,2,0.0
1278,7.616769842161487e-06,2,0.0,0,0,0,0,0.012958790017766002,2,0.0
1279,2.094611706594409e-05,1,1.5226667986311226e-05,2,0,0,0,0.7282420761173173,2,0.0
1280,2.094611706594409e-05,1,2.6646668976044643e-05,2,0,0,0,1.2708600304863333,2,0.0
1281,2.6658694447565202e-05,2,7.613333993155613e-06,1,0,0,0,0.28825524385243156,2,0.0
1282,1.7137732144863347e-05,4,1.713000148460013e-05,3,0,0,0,0.9995515268366946,6,0.0
1283,1.142515476324223e-05,3,9.516667491444516e-06,2,0,0,0,0.8344067987803035,4,0.0
1284,2.6658694447565202e-05,5,4.187333696235587e-05,9,0,0,0,1.5685868772336562,13,0.0
1285,4.760481151350929e-05,5,5.710000494866709e-05,11,0,0,0,1.19904058173396,14,0.0
1286,0.0002589701746334906,50,0.0005081900440431371,50,10,4,6,1.9619782352878736,94,0.06382978723404255
1287,4.379642659242855e-05,5,1.9033334982889032e-05,2,0,0,0,0.4358745453368916,6,0.0
1288,7.616769842161487e-06,2,0.0,0,0,0,0,0.012958790017766002,2,0.0
1289,3.4275464289726694e-05,4,3.8066669965778064e-05,4,0,0,0,1.1102881300481633,7,0.0
1290,3.0467079368645948e-05,2,1.713000148460013e-05,3,0,0,0,0.5636783703409273,3,0.0
1291,3.6179656750267065e-05,5,0.0,0,0,0,0,0.0027563656593653924,5,0.0
1292,2.6658694447565202e-05,2,1.3323334488022323e-05,2,0,0,0,0.5016438494159691,3,0.0
1293,7.616769842161487e-06,1,7.613333993155613e-06,2,0,0,0,0.9995547555420015,2,0.0
1294,3.8083849210807435e-06,1,7.613333993155613e-06,1,0,0,0,1.9735348868920333,2,0.0
1295,1.142515476324223e-05,2,2.6646668976044647e-05,3,0,0,0,2.3207210250528845,5,0.0
1296,2.6658694447565202e-05,2,1.9033334982889032e-05,2,0,0,0,0.7150324549795063,2,0.0
1297,1.142515476324223e-05,2,3.8066669965778065e-06,1,0,0,0,0.3389687233561098,3,0.0
1298,9.520962302701859e-06,2,0.0,0,1,1,0,0.01039397067088777,2,0.0
1299,7.616769842161487e-06,2,3.8066669965778065e-06,1,0,0,0,0.5062567727798837,3,0.0
1300,3.8083849210807435e-06,1,3.8066669965778065e-06,1,0,0,0,0.9995604515579641,2,0.0
1301,2.094611706594409e-05,5,9.516667491444516e-06,2,2,1,1,0.4569330989328093,7,0.14285714285714285
1302,3.8083849210807435e-06,1,3.8066669965778065e-06,1,0,0,0,0.9995604515579641,2,0.0
1303,6.474254365837264e-05,10,5.710000494866709e-05,9,0,0,0,0.8821369693642682,14,0.0
1304,2.094611706594409e-05,1,2.8550002474333546e-05,2,0,0,0,1.3612963562145026,2,0.0
1305,7.616769842161487e-06,2,5.710000494866709e-06,1,0,0,0,0.7529057641609425,2,0.0
1306,3.8083849210807435e-06,1,5.710000494866709e-06,1,0,0,0,1.4865476692249984,2,0.0
1307,2.094611706594409e-05,1,9.326334141615626e-05,2,0,0,0,4.43613143097226,2,0.0
1308,4.760481151350929e-05,6,5.5196671450378186e-05,5,2,2,2,1.1591424364965575,8,0.25
1309,7.616769842161487e-06,2,0.0,0,0,0,0,0.012958790017766002,2,0.0
1310,2.8562886908105577e-05,3,3.8066669965778065e-06,1,0,0,0,0.13629705232075,3,0.0
1311,3.8083849210807435e-06,1,3.8066669965778065e-06,1,0,0,0,0.9995604515579641,2,0.0
1312,3.8083849210807435e-06,1,3.8066669965778065e-06,1,0,0,0,0.9995604515579641,2,0.0
1313,9.520962302701859e-06,2,0.0,0,0,0,0,0.01039397067088777,2,0.0
1314,2.8562886908105577e-05,2,2.474333547775574e-05,1,0,0,0,0.8667422635202281,2,0.0
1315,7.616769842161487e-06,2,0.0,0,0,0,0,0.012958790017766002,2,0.0
1316,2.094611706594409e-05,1,5.710000494866709e-06,1,0,0,0,0.27606044747647057,2,0.0
1317,3.2371271829186316e-05,3,0.0,0,0,0,0,0.0030796453100465403,3,0.0
1318,7.616769842161487e-06,2,0.0,0,0,0,0,0.012958790017766002,2,0.0
1319,9.520962302701859e-06,2,0.0,0,0,0,0,0.01039397067088777,2,0.0
1320,1.3329347223782603e-05,2,7.613333993155613e-06,1,0,0,0,0.5743640301068202,2,0.0
1321,3.237127182918632e-05,2,4.5680003958933675e-05,2,0,0,0,1.4098617448604214,3,0.0
1322,6.0934158737291896e-05,2,2.474333547775574e-05,2,0,0,0,0.4070398608210266,2,0.0
1323,4.189223413188818e-05,2,7.613333993155613e-06,1,1,1,0,0.18368477297325414,2,0.0
1324,5.522158135567078e-05,6,0.00013323334488022322,4,0,0,0,2.4101506430736865,8,0.0
1325,2.475450198702483e-05,2,1.3323334488022322e-05,1,0,0,0,0.5400765823040795,2,0.0
1326,5.331738889513041e-05,4,1.3323334488022322e-05,1,0,0,0,0.2512914757846954,5,0.0
1327,2.094611706594409e-05,1,2.284000197946684e-05,2,1,1,1,1.0899873790299948,2,0.5
1328,3.8083849210807436e-05,3,3.235666947091135e-05,3,0,0,0,0.8500104138721802,4,0.0
1329,3.8083849210807435e-06,1,1.142000098973342e-05,3,0,0,0,2.9475093222261024,4,0.0
1330,4.570061905296892e-05,10,0.00016749334784942348,13,0,0,0,3.6591939435491017,19,0.0
1331,9.330543056647821e-05,7,9.516667491444516e-05,6,0,0,0,1.01992651108912,9,0.0
1332,3.8083849210807435e-06,1,1.9033334982889032e-05,3,0,0,0,4.895458192894239,4,0.0
1333,7.616769842161487e-06,1,3.8066669965778065e-06,1,0,0,0,0.5062567727798837,2,0.0
1334,3.8083849210807435e-06,1,3.8066669965778065e-06,1,0,0,0,0.9995604515579641,2,0.0
1335,9.520962302701859e-06,2,7.613333993155613e-06,1,0,0,0,0.801721672996211,2,0.0
1336,7.616769842161487e-06,2,1.142000098973342e-05,3,0,0,0,1.4928527383041192,4,0.0
1337,2.475450198702483e-05,2,2.474333547775574e-05,2,0,0,0,0.9995507248837687,2,0.0
1338,3.8083849210807435e-06,1,7.613333993155613e-06,2,0,0,0,1.9735348868920333,3,0.0
1339,7.616769842161487e-06,2,1.3323334488022323e-05,3,0,0,0,1.739501729685178,4,0.0
1340,1.3329347223782601e-05,3,0.0,0,2,2,0,0.007446378318590627,3,0.0
1341,3.8083849210807436e-05,9,2.474333547775574e-05,6,0,0,0,0.6506241772692775,15,0.0
1342,3.8083849210807435e-06,1,9.516667491444516e-06,2,0,0,0,2.4605221045590673,3,0.0
1343,2.475450198702483e-05,2,1.9033334982889032e-05,1,0,0,0,0.7698136535939241,2,0.0
1344,9.520962302701859e-06,2,1.9033334982889032e-05,3,0,0,0,1.9887132264841956,4,0.0
1345,7.616769842161487e-06,2,5.710000494866709e-06,1,0,0,0,0.7529057641609425,3,0.0
1346,9.520962302701859e-06,2,0.0,0,0,0,0,0.01039397067088777,2,0.0
1347,9.520962302701859e-06,2,3.8066669965778065e-06,1,1,1,1,0.4060578218335493,2,0.5
1348,3.8083849210807435e-06,1,7.613333993155613e-06,2,0,0,0,1.9735348868920333,2,0.0
1349,9.520962302701859e-06,2,0.0,0,0,0,0,0.01039397067088777,2,0.0
1350,7.616769842161487e-06,2,0.0,0,0,0,0,0.012958790017766002,2,0.0
1351,3.237127182918632e-05,3,7.613333993155613e-06,1,0,0,0,0.23754332856844237,3,0.0
1352,1.5233539684322974e-05,3,9.516667491444516e-06,2,1,0,1,0.6271655266446147,5,0.2
1353,1.5233539684322974e-05,2,1.1420000989733419e-05,1,0,0,0,0.7512943017007012,3,0.0
1354,0.0,0,7.613333993155613e-06,2,0,0,0,77.13333993155614,2,0.0
1355,1.142515476324223e-05,2,0.0,0,0,0,0,0.00867667307331396,2,0.0
1356,9.520962302701859e-06,2,1.9033334982889032e-05,5,0,0,0,1.9887132264841956,6,0.0
1357,3.8083849210807435e-06,1,3.8066669965778065e-06,1,0,0,0,0.9995604515579641,2,0.0
1358,4.379642659242855e-05,7,0.00015226667986311225,7,2,0,2,3.4710497343625035,12,0.16666666666666666
1359,9.520962302701859e-06,2,1.3323334488022323e-05,3,2,0,2,1.3952174497402035,5,0.4
1360,1.5233539684322974e-05,2,2.6646668976044647e-05,3,1,1,1,1.7443245021493938,4,0.25
1361,1.9041924605403718e-05,4,5.9003338446956e-05,5,0,0,0,3.08763824251357,6,0.0
1362,1.9041924605403718e-05,1,9.516667491444516e-06,2,0,0,0,0.5023877008025491,2,0.0
1363,2.475450198702483e-05,2,2.474333547775574e-05,2,0,0,0,0.9995507248837687,2,0.0
1364,1.142515476324223e-05,3,2.474333547775574e-05,4,0,0,0,2.1555749999114866,4,0.0
1365,3.8083849210807435e-06,1,3.8066669965778065e-06,1,0,0,0,0.9995604515579641,2,0.0
1366,1.142515476324223e-05,2,0.0,0,0,0,0,0.00867667307331396,2,0.0
1367,2.6658694447565206e-05,1,4.5680003958933675e-05,3,0,0,0,1.7108459476093474,3,0.0
1368,2.6658694447565206e-05,3,2.6646668976044643e-05,4,0,0,0,0.9995505957308893,5,0.0
1369,2.285030952648446e-05,2,1.3323334488022323e-05,3,0,0,0,0.584886860568565,4,0.0
1370,3.8083849210807435e-06,1,3.8066669965778065e-06,1,0,0,0,0.9995604515579641,2,0.0
1371,3.8083849210807435e-06,1,9.516667491444516e-06,2,0,0,0,2.4605221045590673,3,0.0
1372,3.0467079368645945e-05,2,3.235666947091135e-05,1,0,0,0,1.0618178164644558,2,0.0
1373,9.520962302701859e-06,2,7.613333993155613e-06,2,0,0,0,0.801721672996211,4,0.0
1374,2.285030952648446e-05,2,2.6646668976044643e-05,1,0,0,0,1.1654164814282446,2,0.0
1375,3.8083849210807435e-06,1,3.8066669965778065e-06,1,0,0,0,0.9995604515579641,2,0.0
1376,3.8083849210807435e-06,1,1.142000098973342e-05,3,0,0,0,2.9475093222261024,4,0.0
1377,3.8083849210807435e-06,1,3.8066669965778065e-06,1,0,0,0,0.9995604515579641,2,0.0
1378,3.8083849210807435e-06,1,3.8066669965778065e-06,1,0,0,0,0.9995604515579641,2,0.0
1379,1.9041924605403718e-05,1,3.8066669965778065e-06,1,0,0,0,0.20408956137435438,2,0.0
1380,5.331738889513041e-05,11,8.184334042642283e-05,11,0,0,0,1.534019953451766,20,0.0
1381,3.4275464289726694e-05,2,2.8550002474333546e-05,2,0,0,0,0.8334433604405385,2,0.0
1382,2.285030952648446e-05,2,3.426000296920026e-05,3,0,0,0,1.497147693348062,4,0.0
1383,2.6658694447565202e-05,3,2.2840001979466837e-05,2,0,0,0,0.8572915253551979,4,0.0
1384,2.285030952648446e-05,2,3.8066669965778065e-06,1,0,0,0,0.17022284566879356,2,0.0
1385,3.8083849210807435e-06,1,5.710000494866709e-06,1,0,0,0,1.4865476692249984,2,0.0
1386,2.6658694447565202e-05,3,2.0936668481177935e-05,1,0,0,0,0.7861619901673521,3,0.0
1387,0.00028182048415997503,38,0.0002702733567570243,28,0,0,0,0.9590411905067587,53,0.0
1388,1.5233539684322974e-05,3,3.6163336467489164e-05,2,0,0,0,2.364968377429827,3,0.0
1389,7.616769842161487e-06,2,0.0,0,0,0,0,0.012958790017766002,2,0.0
1390,1.9041924605403718e-05,1,3.616333646748916e-05,2,0,0,0,1.8944456848007911,2,0.0
1391,2.8562886908105577e-05,6,2.6646668976044647e-05,6,1,1,0,0.9331463736292717,11,0.0
1392,7.616769842161487e-06,2,3.8066669965778065e-06,1,0,0,0,0.5062567727798837,3,0.0
1393,3.8083849210807435e-06,1,3.8066669965778065e-06,1,0,0,0,0.9995604515579641,2,0.0
1394,7.807189088215524e-05,12,7.803667342984503e-05,13,0,0,0,0.999549487009809,23,0.0
1395,3.8083849210807435e-06,1,3.8066669965778065e-06,1,2,1,1,0.9995604515579641,2,0.5
1396,1.9041924605403718e-05,1,2.8550002474333546e-05,2,0,0,0,1.496714832229865,2,0.0
1397,7.616769842161487e-06,2,0.0,0,0,0,0,0.012958790017766002,2,0.0
1398,3.8083849210807435e-06,1,0.0001636866808528457,6,0,0,0,41.90648673558886,7,0.0
1399,3.8083849210807435e-06,1,3.8066669965778065e-06,1,0,0,0,0.9995604515579641,2,0.0
1400,7.616769842161487e-06,2,0.0,0,1,1,0,0.012958790017766002,2,0.0
1401,5.712577381621115e-06,1,9.516667491444516e-06,2,0,0,0,1.6544584028853737,2,0.0
1402,5.712577381621115e-06,1,7.613333993155613e-06,2,0,0,0,1.3270075367159038,3,0.0
1403,3.8083849210807435e-06,1,3.8066669965778065e-06,1,0,0,0,0.9995604515579641,2,0.0
1404,7.616769842161487e-06,2,0.0,0,0,0,0,0.012958790017766002,2,0.0
1405,0.0,0,1.142000098973342e-05,2,0,0,0,115.20000989733421,2,0.0
1406,0.0,0,2.474333547775574e-05,2,0,0,0,248.4333547775574,2,0.0
1407,3.8083849210807435e-06,1,7.613333993155613e-06,2,1,1,0,1.9735348868920333,3,0.0
1408,7.616769842161487e-06,2,3.8066669965778065e-06,1,0,0,0,0.5062567727798837,3,0.0
1409,0.00021517374804106202,38,0.00037495669916291394,46,5,1,5,1.74223147307016,74,0.06756756756756757
1410,2.094611706594409e-05,2,5.710000494866709e-06,1,0,0,0,0.27606044747647057,3,0.0
1411,1.9041924605403718e-05,2,0.0,0,0,0,0,0.005224135088891232,2,0.0
1412,1.9041924605403718e-05,1,1.713000148460013e-05,2,0,0,0,0.9001185533734755,2,0.0
1413,1.142515476324223e-05,2,0.0,0,0,0,0,0.00867667307331396,2,0.0
1414,6.283835119783227e-05,11,5.329333795208929e-05,10,3,1,2,0.8483434493582391,19,0.10526315789473684
1415,7.616769842161487e-06,2,0.0,0,0,0,0,0.012958790017766002,2,0.0
1416,7.616769842161487e-06,2,0.0,0,0,0,0,0.012958790017766002,2,0.0
1417,3.8083849210807435e-06,1,3.8066669965778065e-06,1,0,0,0,0.9995604515579641,2,0.0
1418,2.475450198702483e-05,2,1.713000148460013e-05,1,0,0,0,0.6932346298306425,2,0.0
1419,3.8083849210807435e-06,1,3.8066669965778065e-06,1,0,0,0,0.9995604515579641,2,0.0
1420,3.8083849210807435e-06,1,3.8066669965778065e-06,1,0,0,0,0.9995604515579641,2,0.0
1421,1.5233539684322974e-05,2,2.0936668481177935e-05,2,1,1,0,1.3719381769811339,3,0.0
1422,2.285030952648446e-05,2,2.474333547775574e-05,2,0,0,0,1.0824836784482903,2,0.0
1423,3.8083849210807435e-06,1,3.8066669965778065e-06,1,0,0,0,0.9995604515579641,2,0.0
1424,0.00027229952185727315,51,0.0002893066917399133,50,3,1,3,1.0624346539475618,89,0.033707865168539325
1425,4.379642659242855e-05,7,4.3776670460644776e-05,6,1,0,1,0.9995499375845053,12,0.08333333333333333
1426,2.285030952648446e-05,2,5.710000494866709e-06,1,0,0,0,0.2531556486487478,3,0.0
1427,3.0467079368645948e-05,2,5.710000494866709e-05,3,0,0,0,1.8712944164151895,3,0.0
1428,7.616769842161487e-06,2,0.0,0,0,0,0,0.012958790017766002,2,0.0
1429,1.9041924605403718e-05,1,1.5226667986311226e-05,2,0,0,0,0.8006858402307439,2,0.0
1430,1.9041924605403718e-05,1,3.8066669965778065e-06,1,0,0,0,0.20408956137435438,2,0.0
1431,2.475450198702483e-05,2,7.613333993155613e-06,1,0,0,0,0.31033951101423485,2,0.0
1432,3.0467079368645948e-05,4,1.9033334982889032e-05,2,0,0,0,0.6259458011063683,5,0.0
1433,3.8083849210807435e-06,1,3.8066669965778065e-06,1,0,0,0,0.9995604515579641,2,0.0
1434,2.285030952648446e-05,2,3.8066669965778065e-06,1,0,0,0,0.17022284566879356,3,0.0
1435,3.8083849210807435e-06,1,2.2840001979466837e-05,1,0,0,0,5.869432628228307,2,0.0
1436,1.9041924605403718e-05,1,3.8066669965778065e-06,1,0,0,0,0.20408956137435438,2,0.0
1437,7.616769842161487e-06,2,0.0,0,0,0,0,0.012958790017766002,2,0.0
1438,0.0,0,7.613333993155613e-06,2,0,0,0,77.13333993155614,2,0.0
1439,3.0467079368645948e-05,3,6.0906671945244904e-05,7,0,0,0,1.9958292779460718,9,0.0
1440,2.285030952648446e-05,2,1.713000148460013e-05,2,0,0,0,0.7507524665284734,3,0.0
1441,1.9041924605403718e-05,1,3.045333597262245e-05,2,0,0,0,1.5961475453725964,2,0.0
1442,3.8083849210807435e-06,1,3.8066669965778065e-06,1,0,0,0,0.9995604515579641,2,0.0
1443,1.9041924605403718e-05,1,2.0936668481177935e-05,2,0,0,0,1.0989839796589385,2,0.0
1444,3.8083849210807435e-06,1,3.8066669965778065e-06,1,0,0,0,0.9995604515579641,2,0.0
1445,5.141319643459004e-05,10,3.0453335972622452e-05,6,0,0,0,0.5931166785858104,14,0.0
1446,1.9041924605403718e-05,1,1.5226667986311226e-05,2,0,0,0,0.8006858402307439,2,0.0
1447,1.9041924605403718e-05,4,1.5226667986311226e-05,3,0,0,0,0.8006858402307439,6,0.0
1448,5.522158135567078e-05,8,3.6163336467489164e-05,6,0,0,0,0.6555007210359138,11,0.0
1449,0.0,0,9.516667491444516e-06,2,0,0,0,96.16667491444517,2,0.0
1450,3.8083849210807435e-06,1,3.8066669965778065e-06,1,0,0,0,0.9995604515579641,2,0.0
1451,1.5233539684322974e-05,3,1.3323334488022323e-05,2,0,0,0,0.8754230767567879,4,0.0
1452,7.616769842161487e-06,2,3.8066669965778065e-06,1,0,0,0,0.5062567727798837,3,0.0
1453,0.00026658694447565206,46,0.00020556001781520155,39,0,0,0,0.7711664259364517,80,0.0
1454,0.0,0,7.613333993155613e-06,2,0,0,0,77.13333993155614,2,0.0
1455,9.520962302701859e-06,2,7.613333993155613e-06,1,0,0,0,0.801721672996211,2,0.0
1456,3.8083849210807435e-06,1,3.8066669965778065e-06,1,0,0,0,0.9995604515579641,2,0.0
1457,1.142515476324223e-05,1,2.0936668481177935e-05,2,0,0,0,1.8252829496286906,2,0.0
1458,0.0,0,7.613333993155613e-06,2,0,0,0,77.13333993155614,2,0.0
1459,1.7137732144863347e-05,3,3.8066669965778065e-06,1,0,0,0,0.22663462709286558,4,0.0
1460,7.616769842161487e-06,2,3.8066669965778065e-06,1,0,0,0,0.5062567727798837,3,0.0
1461,1.5233539684322974e-05,4,7.613333993155613e-06,2,0,0,0,0.5030367515885281,6,0.0
1462,9.520962302701859e-06,1,2.2840001979466837e-05,3,0,0,0,2.384377077646857,3,0.0
1463,0.0,0,7.613333993155613e-06,2,0,0,0,77.13333993155614,2,0.0
1464,7.616769842161487e-06,2,7.613333993155613e-06,2,0,0,0,0.9995547555420015,4,0.0
1465,9.520962302701859e-06,2,1.713000148460013e-05,4,0,0,0,1.7908813009028648,5,0.0
1466,3.8083849210807435e-06,1,3.8066669965778065e-06,1,0,0,0,0.9995604515579641,2,0.0
1467,0.0,0,2.8550002474333546e-05,2,0,0,0,286.5000247433355,2,0.0
1468,3.8083849210807435e-06,1,3.8066669965778065e-06,1,0,0,0,0.9995604515579641,2,0.0
1469,2.8562886908105577e-05,3,1.713000148460013e-05,2,0,0,0,0.6011258230840543,3,0.0
1470,7.616769842161487e-06,1,3.8066669965778065e-06,1,0,0,0,0.5062567727798837,2,0.0
1471,3.8083849210807435e-06,1,3.8066669965778065e-06,1,0,0,0,0.9995604515579641,2,0.0
1472,9.520962302701859e-06,1,3.8066669965778065e-06,1,0,0,0,0.4060578218335493,2,0.0
1473,7.616769842161487e-06,2,0.0,0,0,0,0,0.012958790017766002,2,0.0
1474,0.0,0,7.613333993155613e-06,2,0,0,0,77.13333993155614,2,0.0
1475,1.3329347223782603e-05,3,7.613333993155613e-06,2,0,0,0,0.5743640301068202,5,0.0
1476,3.8083849210807435e-06,1,3.8066669965778065e-06,1,0,0,0,0.9995604515579641,2,0.0
1477,2.8562886908105577e-05,5,1.713000148460013e-05,4,0,0,0,0.6011258230840543,8,0.0
1478,9.711381548755895e-05,9,0.0001237166773887787,7,1,1,1,1.2736530992822135,11,0.09090909090909091
1479,2.285030952648446e-05,3,7.613333993155613e-06,2,0,0,0,0.33608845162870216,5,0.0
1480,3.8083849210807435e-06,1,3.8066669965778065e-06,1,0,0,0,0.9995604515579641,2,0.0
1481,3.8083849210807435e-06,1,7.613333993155613e-06,2,2,1,1,1.9735348868920333,3,0.3333333333333333
1482,7.616769842161487e-06,1,1.3323334488022323e-05,2,0,0,0,1.739501729685178,3,0.0
1483,3.8083849210807435e-06,1,1.142000098973342e-05,2,2,1,2,2.9475093222261024,2,1.0
1484,0.0,0,1.3323334488022323e-05,3,0,0,0,134.23334488022326,3,0.0
1485,7.616769842161487e-06,1,1.9033334982889032e-05,3,0,0,0,2.479448703828354,3,0.0
1486,5.712577381621115e-06,1,9.516667491444516e-06,2,0,0,0,1.6544584028853737,2,0.0
1487,0.0,0,9.516667491444516e-06,2,0,0,0,96.16667491444517,2,0.0
1488,3.8083849210807435e-06,1,3.8066669965778065e-06,1,0,0,0,0.9995604515579641,2,0.0
1489,0.0,0,9.516667491444516e-06,2,0,0,0,96.16667491444517,2,0.0
1490,3.8083849210807435e-06,1,9.516667491444516e-06,2,0,0,0,2.4605221045590673,2,0.0
1491,0.0,0,7.613333993155613e-06,2,0,0,0,77.13333993155614,2,0.0
1492,0.0,0,7.613333993155613e-06,2,0,0,0,77.13333993155614,2,0.0
1493,3.8083849210807435e-06,1,3.8066669965778065e-06,1,0,0,0,0.9995604515579641,2,0.0
1494,3.8083849210807435e-06,1,3.8066669965778065e-06,1,0,0,0,0.9995604515579641,2,0.0
1495,0.0,0,1.3323334488022323e-05,2,0,0,0,134.23334488022326,2,0.0
1496,0.0,0,9.516667491444516e-06,2,0,0,0,96.16667491444517,2,0.0
1497,9.520962302701859e-06,2,0.0,0,0,0,0,0.01039397067088777,2,0.0
1498,3.237127182918632e-05,8,4.3776670460644776e-05,10,0,0,0,1.3512458240458225,18,0.0
1499,3.8083849210807435e-06,1,3.8066669965778065e-06,1,1,0,1,0.9995604515579641,2,0.5
1500,0.0,0,1.3323334488022323e-05,3,0,0,0,134.23334488022326,3,0.0
1501,2.285030952648446e-05,4,7.613333993155613e-06,2,0,0,0,0.33608845162870216,6,0.0
1502,3.8083849210807435e-06,1,3.8066669965778065e-06,1,0,0,0,0.9995604515579641,2,0.0
1503,9.520962302701859e-06,1,3.8066669965778065e-06,1,0,0,0,0.4060578218335493,2,0.0
1504,1.142515476324223e-05,1,3.8066669965778065e-06,1,0,0,0,0.3389687233561098,2,0.0
1505,3.8083849210807435e-06,1,9.516667491444516e-06,2,0,0,0,2.4605221045590673,3,0.0
1506,7.616769842161487e-06,2,3.8066669965778065e-06,1,0,0,0,0.5062567727798837,3,0.0
1507,9.520962302701859e-06,1,9.516667491444516e-06,2,0,0,0,0.9995535985775418,2,0.0
1508,0.0,0,7.613333993155613e-06,2,0,0,0,77.13333993155614,2,0.0
1509,3.8083849210807435e-06,1,3.8066669965778065e-06,1,0,0,0,0.9995604515579641,2,0.0
1510,1.3329347223782603e-05,2,3.8066669965778065e-06,1,0,0,0,0.2909052042127054,3,0.0
1511,2.4754501987024835e-05,4,2.2840001979466837e-05,5,0,0,0,0.9229717011204871,8,0.0
1512,0.0,0,1.5226667986311226e-05,3,0,0,0,153.26667986311224,3,0.0
1513,9.330543056647821e-05,17,7.042333943668942e-05,13,0,0,0,0.7550239746124481,27,0.0
1514,7.616769842161487e-06,2,7.613333993155613e-06,2,0,0,0,0.9995547555420015,4,0.0
1515,1.142515476324223e-05,2,3.8066669965778065e-06,1,0,0,0,0.3389687233561098,3,0.0
1516,3.8083849210807435e-06,1,3.8066669965778065e-06,1,0,0,0,0.9995604515579641,2,0.0
1517,5.7125773816211154e-05,10,4.3776670460644776e-05,11,0,0,0,0.7667291769886948,19,0.0
1518,3.8083849210807435e-06,1,3.8066669965778065e-06,1,0,0,0,0.9995604515579641,2,0.0
1519,1.5233539684322974e-05,3,1.142000098973342e-05,3,0,0,0,0.7512943017007013,6,0.0
1520,0.0,0,7.613333993155613e-06,2,0,0,0,77.13333993155614,2,0.0
1521,0.0,0,9.516667491444516e-06,2,0,0,0,96.16667491444517,2,0.0
1522,5.712577381621115e-06,1,3.8066669965778065e-06,1,0,0,0,0.672105804376964,2,0.0
1523,1.3329347223782603e-05,3,3.8066669965778065e-06,1,0,0,0,0.2909052042127054,4,0.0
1524,0.0,0,1.3323334488022323e-05,3,0,0,0,134.23334488022326,3,0.0
1525,5.712577381621115e-06,1,3.8066669965778065e-06,1,0,0,0,0.672105804376964,2,0.0
1526,1.3329347223782601e-05,3,3.8066669965778064e-05,4,0,0,0,2.8420346372597387,7,0.0
1527,1.9041924605403718e-05,5,2.0936668481177935e-05,5,0,0,0,1.0989839796589385,9,0.0
1528,9.520962302701859e-06,2,7.613333993155613e-06,2,0,0,0,0.801721672996211,3,0.0
1529,2.8562886908105577e-05,3,3.426000296920026e-05,2,0,0,0,1.1987628140654456,4,0.0
1530,7.616769842161487e-06,2,1.713000148460013e-05,3,0,0,0,2.2327997124472954,5,0.0
1531,3.237127182918632e-05,7,1.142000098973342e-05,3,0,0,0,0.3547751701976403,10,0.0
1532,9.520962302701859e-06,1,3.8066669965778065e-06,1,0,0,0,0.4060578218335493,2,0.0
1533,3.8083849210807435e-06,1,7.613333993155613e-06,2,0,0,0,1.9735348868920333,3,0.0
1534,1.142515476324223e-05,3,3.8066669965778065e-06,1,0,0,0,0.3389687233561098,4,0.0
1535,0.0,0,7.613333993155613e-06,2,0,0,0,77.13333993155614,2,0.0
1536,0.0,0,7.613333993155613e-06,2,0,0,0,77.13333993155614,2,0.0
1537,3.8083849210807435e-06,1,7.613333993155613e-06,2,0,0,0,1.9735348868920333,3,0.0
1538,0.0,0,9.516667491444516e-06,2,0,0,0,96.16667491444517,2,0.0
1539,7.616769842161487e-06,2,0.0,0,0,0,0,0.012958790017766002,2,0.0
1540,0.0,0,7.613333993155613e-06,2,0,0,0,77.13333993155614,2,0.0
1541,5.712577381621115e-06,1,7.613333993155613e-06,2,0,0,0,1.3270075367159038,3,0.0
1542,3.8083849210807435e-06,1,9.516667491444516e-06,2,0,0,0,2.4605221045590673,3,0.0
1543,0.0,0,9.516667491444516e-06,2,0,0,0,96.16667491444517,2,0.0
1544,0.0,0,1.142000098973342e-05,2,0,0,0,115.20000989733421,2,0.0
1545,0.0,0,1.142000098973342e-05,2,0,0,0,115.20000989733421,2,0.0
1546,1.9041924605403718e-05,4,1.3323334488022323e-05,3,0,0,0,0.7012531270880124,6,0.0
1547,3.8083849210807435e-06,1,2.855000247433355e-05,6,0,0,0,7.330394281229411,7,0.0
1548,0.0,0,7.613333993155613e-06,2,0,0,0,77.13333993155614,2,0.0
1549,0.0,0,7.613333993155613e-06,2,0,0,0,77.13333993155614,2,0.0
1550,3.8083849210807435e-06,1,7.613333993155613e-06,2,0,0,0,1.9735348868920333,3,0.0
1551,3.8083849210807435e-06,1,3.8066669965778065e-06,1,0,0,0,0.9995604515579641,2,0.0
1552,3.8083849210807435e-06,1,1.142000098973342e-05,2,0,0,0,2.9475093222261024,3,0.0
1553,1.142515476324223e-05,2,1.142000098973342e-05,3,0,0,0,0.9995528239217015,5,0.0
1554,9.520962302701859e-06,2,1.713000148460013e-05,4,0,0,0,1.7908813009028648,5,0.0
1555,0.0,0,1.142000098973342e-05,2,0,0,0,115.20000989733421,2,0.0
1556,0.0,0,7.613333993155613e-06,2,0,0,0,77.13333993155614,2,0.0
1557,3.8083849210807435e-06,1,3.8066669965778065e-06,1,0,0,0,0.9995604515579641,2,0.0
1558,3.8083849210807435e-06,1,3.8066669965778065e-06,1,0,0,0,0.9995604515579641,2,0.0
1559,0.00010663477779026082,21,0.00011420000989733418,20,0,0,0,1.0708787919335854,40,0.0
1560,0.0,0,9.516667491444516e-06,2,0,0,0,96.16667491444517,2,0.0
1561,7.616769842161487e-06,2,1.142000098973342e-05,3,0,0,0,1.4928527383041192,4,0.0
1562,7.616769842161487e-06,1,2.474333547775574e-05,3,0,0,0,3.2193956779715305,3,0.0
1563,3.8083849210807435e-06,1,1.3323334488022323e-05,2,0,0,0,3.4344965398931366,3,0.0
1564,1.3329347223782601e-05,3,7.613333993155613e-06,2,0,0,0,0.5743640301068202,4,0.0
1565,7.616769842161487e-06,2,7.613333993155613e-06,2,0,0,0,0.9995547555420015,4,0.0
1566,3.8083849210807435e-06,1,3.8066669965778065e-06,1,0,0,0,0.9995604515579641,2,0.0
1567,5.712577381621115e-06,1,3.8066669965778065e-06,1,0,0,0,0.672105804376964,2,0.0
1568,7.616769842161487e-06,2,3.8066669965778065e-06,1,0,0,0,0.5062567727798837,3,0.0
1569,9.520962302701859e-06,2,0.0,0,0,0,0,0.01039397067088777,2,0.0
1570,0.0,0,1.3323334488022323e-05,2,0,0,0,134.23334488022326,2,0.0
1571,5.712577381621115e-06,1,7.613333993155613e-06,2,0,0,0,1.3270075367159038,3,0.0
1572,0.0,0,7.613333993155613e-06,2,0,0,0,77.13333993155614,2,0.0
1573,3.8083849210807435e-06,1,3.8066669965778065e-06,1,0,0,0,0.9995604515579641,2,0.0
1574,0.0,0,9.516667491444516e-06,2,0,0,0,96.16667491444517,2,0.0
1575,3.8083849210807435e-06,1,3.8066669965778065e-06,1,0,0,0,0.9995604515579641,2,0.0
1576,0.0,0,7.613333993155613e-06,2,0,0,0,77.13333993155614,2,0.0
1577,3.8083849210807435e-06,1,3.8066669965778065e-06,1,0,0,0,0.9995604515579641,2,0.0
1578,7.616769842161487e-06,2,3.8066669965778065e-06,1,0,0,0,0.5062567727798837,3,0.0
1579,7.616769842161487e-06,2,0.0,0,0,0,0,0.012958790017766002,2,0.0
1580,0.0,0,7.613333993155613e-06,2,0,0,0,77.13333993155614,2,0.0
1581,7.616769842161487e-06,2,3.8066669965778065e-06,1,0,0,0,0.5062567727798837,3,0.0
1582,3.8083849210807435e-06,1,7.613333993155613e-06,2,0,0,0,1.9735348868920333,3,0.0
1583,5.712577381621115e-06,1,3.8066669965778065e-06,1,0,0,0,0.672105804376964,2,0.0
1584,1.3329347223782603e-05,2,0.0,0,0,0,0,0.007446378318590626,2,0.0
1585,3.8083849210807435e-06,1,3.8066669965778065e-06,1,0,0,0,0.9995604515579641,2,0.0
1586,3.8083849210807435e-06,1,3.8066669965778065e-06,1,0,0,0,0.9995604515579641,2,0.0
1587,5.712577381621115e-06,1,7.613333993155613e-06,2,0,0,0,1.3270075367159038,3,0.0
1588,1.3329347223782603e-05,3,3.8066669965778065e-06,1,0,0,0,0.2909052042127054,4,0.0
1589,0.0,0,9.516667491444516e-06,2,0,0,0,96.16667491444517,2,0.0
1590,1.3329347223782601e-05,2,3.8066669965778065e-06,1,0,0,0,0.29090520421270544,3,0.0
1591,1.5233539684322974e-05,3,3.8066669965778065e-06,1,0,0,0,0.2547792014763549,4,0.0
1592,0.0,0,1.5226667986311226e-05,2,0,0,0,153.26667986311224,2,0.0
1593,2.475450198702483e-05,3,1.3323334488022323e-05,3,0,0,0,0.5400765823040795,6,0.0
1594,2.475450198702483e-05,4,2.2840001979466837e-05,5,0,0,0,0.9229717011204872,8,0.0
1595,3.8083849210807435e-06,1,3.8066669965778065e-06,1,0,0,0,0.9995604515579641,2,0.0
1596,3.8083849210807435e-06,1,3.8066669965778065e-06,1,0,0,0,0.9995604515579641,2,0.0
1597,3.8083849210807435e-06,1,3.8066669965778065e-06,1,0,0,0,0.9995604515579641,2,0.0
1598,0.0,0,7.613333993155613e-06,2,0,0,0,77.13333993155614,2,0.0
1599,9.520962302701859e-06,2,1.3323334488022323e-05,3,0,0,0,1.3952174497402035,5,0.0
1600,2.094611706594409e-05,4,2.6646668976044647e-05,6,0,0,0,1.2708600304863333,10,0.0
1601,5.712577381621115e-06,1,3.8066669965778065e-06,1,0,0,0,0.672105804376964,2,0.0
1602,7.616769842161487e-06,1,3.8066669965778065e-06,1,0,0,0,0.5062567727798837,2,0.0
1603,3.8083849210807435e-06,1,3.8066669965778065e-06,1,0,0,0,0.9995604515579641,2,0.0
1604,3.8083849210807435e-06,1,3.8066669965778065e-06,1,0,0,0,0.9995604515579641,2,0.0
1605,0.0,0,7.613333993155613e-06,2,0,0,0,77.13333993155614,2,0.0
1606,1.9041924605403718e-05,4,2.2840001979466837e-05,4,0,0,0,1.1984166928016702,6,0.0
1607,9.520962302701859e-06,2,0.0,0,0,0,0,0.01039397067088777,2,0.0
1608,1.7137732144863347e-05,1,3.0453335972622452e-05,4,0,0,0,1.772468426580524,4,0.0
1609,0.0,0,7.613333993155613e-06,2,0,0,0,77.13333993155614,2,0.0
1610,7.616769842161487e-06,2,0.0,0,0,0,0,0.012958790017766002,2,0.0
1611,3.8083849210807435e-06,1,3.8066669965778065e-06,1,0,0,0,0.9995604515579641,2,0.0
1612,1.142515476324223e-05,3,7.613333993155613e-06,2,0,0,0,0.6692607736389057,4,0.0
1613,7.616769842161487e-06,1,3.8066669965778065e-06,1,0,0,0,0.5062567727798837,2,0.0
1614,9.520962302701859e-06,2,0.0,0,0,0,0,0.01039397067088777,2,0.0
1615,7.616769842161487e-06,2,3.8066669965778065e-06,1,0,0,0,0.5062567727798837,3,0.0
1616,7.616769842161487e-06,2,3.8066669965778065e-06,1,0,0,0,0.5062567727798837,3,0.0
1617,3.8083849210807435e-06,1,7.613333993155613e-06,1,0,0,0,1.9735348868920333,2,0.0
1618,3.8083849210807435e-06,1,3.8066669965778065e-06,1,0,0,0,0.9995604515579641,2,0.0
1619,3.8083849210807435e-06,1,3.8066669965778065e-06,1,0,0,0,0.9995604515579641,2,0.0
1620,1.7137732144863347e-05,4,1.142000098973342e-05,2,0,0,0,0.6683014269464823,5,0.0
1621,2.094611706594409e-05,4,2.474333547775574e-05,6,0,0,0,1.1804237047581638,10,0.0
1622,3.2371271829186316e-05,7,6.47133389418227e-05,13,1,0,1,1.9960209530064112,20,0.05
1623,3.8083849210807435e-06,1,3.8066669965778065e-06,1,0,0,0,0.9995604515579641,2,0.0
1624,7.616769842161487e-06,2,0.0,0,0,0,0,0.012958790017766002,2,0.0
1625,5.712577381621115e-06,1,3.8066669965778065e-06,1,0,0,0,0.672105804376964,2,0.0
1626,3.8083849210807435e-06,1,5.710000494866709e-06,1,0,0,0,1.4865476692249984,2,0.0
1627,1.5233539684322974e-05,3,1.5226667986311226e-05,3,0,0,0,0.9995518518128743,6,0.0
1628,1.142515476324223e-05,3,0.0,0,0,0,0,0.00867667307331396,3,0.0
1629,1.7137732144863347e-05,4,3.8066669965778065e-06,1,0,0,0,0.22663462709286558,5,0.0
1630,3.8083849210807435e-06,1,3.8066669965778065e-06,1,0,0,0,0.9995604515579641,2,0.0
1631,3.8083849210807435e-06,1,3.8066669965778065e-06,1,0,0,0,0.9995604515579641,2,0.0
1632,1.142515476324223e-05,2,7.613333993155613e-06,2,0,0,0,0.6692607736389057,4,0.0
1633,5.712577381621115e-06,1,3.8066669965778065e-06,1,0,0,0,0.672105804376964,2,0.0
1634,3.8083849210807435e-06,1,9.516667491444516e-06,2,0,0,0,2.4605221045590673,3,0.0
1635,1.9041924605403718e-05,3,5.139000445380039e-05,11,0,0,0,2.6899073899426442,13,0.0
1636,7.616769842161487e-06,2,3.8066669965778065e-06,1,0,0,0,0.5062567727798837,3,0.0
1637,7.616769842161487e-06,2,3.8066669965778065e-06,1,0,0,0,0.5062567727798837,3,0.0
1638,7.616769842161487e-06,2,0.0,0,0,0,0,0.012958790017766002,2,0.0
1639,3.8083849210807435e-06,1,3.8066669965778065e-06,1,0,0,0,0.9995604515579641,2,0.0
1640,3.8083849210807435e-06,1,3.8066669965778065e-06,1,0,0,0,0.9995604515579641,2,0.0
1641,7.616769842161487e-06,2,0.0,0,0,0,0,0.012958790017766002,2,0.0
1642,7.616769842161487e-06,2,0.0,0,0,0,0,0.012958790017766002,2,0.0
1643,7.616769842161487e-06,2,3.8066669965778065e-06,1,0,0,0,0.5062567727798837,3,0.0
1644,1.5233539684322974e-05,4,0.0,0,0,0,0,0.006521651364181754,4,0.0
1645,3.8083849210807435e-06,1,3.8066669965778065e-06,1,0,0,0,0.9995604515579641,2,0.0
1646,5.712577381621115e-06,1,3.8066669965778065e-06,1,0,0,0,0.672105804376964,2,0.0
1647,1.5233539684322974e-05,3,2.8550002474333546e-05,3,0,0,0,1.86845327720548,5,0.0
1648,1.142515476324223e-05,2,9.516667491444516e-06,2,0,0,0,0.8344067987803035,4,0.0
1649,3.8083849210807435e-06,1,3.8066669965778065e-06,1,0,0,0,0.9995604515579641,2,0.0
1650,5.712577381621115e-06,1,3.8066669965778065e-06,1,0,0,0,0.672105804376964,2,0.0
1651,1.5233539684322974e-05,3,1.142000098973342e-05,2,0,0,0,0.7512943017007013,4,0.0
1652,4.76048115135093e-05,7,2.284000197946684e-05,5,0,0,0,0.48087396746071553,11,0.0
1653,3.8083849210807435e-06,1,3.8066669965778065e-06,1,0,0,0,0.9995604515579641,2,0.0
1654,1.7137732144863347e-05,3,1.5226667986311226e-05,3,0,0,0,0.8891348268732905,6,0.0
1655,3.8083849210807435e-06,1,3.8066669965778065e-06,1,0,0,0,0.9995604515579641,2,0.0
1656,3.8083849210807435e-06,1,3.8066669965778065e-06,1,0,0,0,0.9995604515579641,2,0.0
1657,3.8083849210807435e-06,1,7.613333993155613e-06,2,0,0,0,1.9735348868920333,2,0.0
1658,7.616769842161487e-06,2,0.0,0,0,0,0,0.012958790017766002,2,0.0
1659,1.142515476324223e-05,2,0.0,0,0,0,0,0.00867667307331396,2,0.0
1660,3.8083849210807435e-06,1,3.8066669965778065e-06,1,0,0,0,0.9995604515579641,2,0.0
1661,7.616769842161487e-06,2,0.0,0,0,0,0,0.012958790017766002,2,0.0
1662,7.616769842161487e-06,2,3.8066669965778065e-06,1,0,0,0,0.5062567727798837,3,0.0
1663,9.520962302701859e-06,2,3.8066669965778065e-06,1,0,0,0,0.4060578218335493,3,0.0
1664,1.142515476324223e-05,3,3.8066669965778065e-06,1,0,0,0,0.3389687233561098,4,0.0
1665,3.8083849210807435e-06,1,3.8066669965778065e-06,1,0,0,0,0.9995604515579641,2,0.0
1666,0.0,0,9.516667491444516e-06,2,0,0,0,96.16667491444517,2,0.0
1667,3.8083849210807435e-06,1,3.8066669965778065e-06,1,0,0,0,0.9995604515579641,2,0.0
1668,3.8083849210807435e-06,1,3.8066669965778065e-06,1,0,0,0,0.9995604515579641,2,0.0
1669,7.616769842161487e-06,2,0.0,0,0,0,0,0.012958790017766002,2,0.0
1670,1.5233539684322974e-05,1,2.8550002474333546e-05,2,0,0,0,1.86845327720548,3,0.0
1671,2.8562886908105577e-05,5,2.8550002474333546e-05,2,0,0,0,0.999550483738315,5,0.0
1672,3.8083849210807435e-06,1,7.613333993155613e-06,2,0,0,0,1.9735348868920333,3,0.0
1673,3.8083849210807435e-06,1,3.8066669965778065e-06,1,0,0,0,0.9995604515579641,2,0.0
1674,1.142515476324223e-05,3,3.8066669965778065e-06,1,0,0,0,0.3389687233561098,4,0.0
1675,1.3329347223782601e-05,2,3.8066669965778065e-06,1,0,0,0,0.29090520421270544,3,0.0
1676,5.712577381621115e-06,1,7.613333993155613e-06,2,0,0,0,1.3270075367159038,2,0.0
1677,9.520962302701859e-06,2,3.8066669965778065e-06,1,0,0,0,0.4060578218335493,3,0.0
1678,3.8083849210807435e-06,1,3.8066669965778065e-06,1,0,0,0,0.9995604515579641,2,0.0
1679,7.616769842161487e-06,2,7.613333993155613e-06,2,0,0,0,0.9995547555420015,3,0.0
1680,0.0,0,7.613333993155613e-06,2,0,0,0,77.13333993155614,2,0.0
1681,3.8083849210807435e-06,1,3.8066669965778065e-06,1,0,0,0,0.9995604515579641,2,0.0
1682,1.5233539684322974e-05,3,1.3323334488022323e-05,3,0,0,0,0.8754230767567879,6,0.0
1683,0.0,0,1.142000098973342e-05,3,0,0,0,115.20000989733421,3,0.0
1684,9.520962302701859e-06,2,0.0,0,0,0,0,0.01039397067088777,2,0.0
1685,0.0,0,7.613333993155613e-06,2,0,0,0,77.13333993155614,2,0.0
1686,3.8083849210807435e-06,1,1.3323334488022323e-05,2,0,0,0,3.4344965398931366,2,0.0
1687,7.616769842161487e-06,2,3.235666947091136e-05,2,0,0,0,4.205991643495767,3,0.0
1688,1.3329347223782603e-05,1,1.3323334488022323e-05,2,0,0,0,0.9995522689479924,2,0.0
1689,3.8083849210807435e-06,1,3.8066669965778065e-06,1,0,0,0,0.9995604515579641,2,0.0
1690,7.616769842161487e-06,2,0.0,0,0,0,0,0.012958790017766002,2,0.0
1691,5.712577381621115e-06,1,2.0936668481177935e-05,5,0,0,0,3.6191635999021923,6,0.0
1692,9.520962302701859e-06,2,0.0,0,0,0,0,0.01039397067088777,2,0.0
1693,0.0,0,7.613333993155613e-06,2,0,0,0,77.13333993155614,2,0.0
1694,5.712577381621115e-06,1,3.8066669965778065e-06,1,0,0,0,0.672105804376964,2,0.0
1695,7.616769842161487e-06,2,4.5680003958933675e-05,8,0,0,0,5.932534583163178,9,0.0
1696,2.285030952648446e-05,5,9.516667491444516e-06,2,0,0,0,0.41902125460865636,7,0.0
1697,3.8083849210807435e-06,1,3.8066669965778064e-05,1,0,0,0,9.765330369564584,2,0.0
1698,3.8083849210807435e-06,1,3.8066669965778065e-06,1,0,0,0,0.9995604515579641,2,0.0
1699,3.8083849210807435e-06,1,7.613333993155613e-06,2,0,0,0,1.9735348868920333,3,0.0
1700,2.8562886908105577e-05,6,3.997000346406697e-05,8,0,0,0,1.397975144392576,12,0.0
1701,0.0,0,7.613333993155613e-06,2,0,0,0,77.13333993155614,2,0.0
1702,0.0,0,7.613333993155613e-06,2,0,0,0,77.13333993155614,2,0.0
1703,1.142515476324223e-05,2,0.0,0,0,0,0,0.00867667307331396,2,0.0
1704,1.9041924605403718e-05,4,1.9033334982889032e-05,4,0,0,0,0.999551266516207,8,0.0
1705,3.8083849210807435e-06,1,9.516667491444516e-06,2,0,0,0,2.4605221045590673,2,0.0
1706,7.616769842161487e-05,17,7.994000692813394e-05,17,0,0,0,1.0494614179343056,33,0.0
1707,1.3329347223782603e-05,2,0.0,0,0,0,0,0.007446378318590626,2,0.0
1708,3.8083849210807435e-06,1,9.516667491444516e-06,2,0,0,0,2.4605221045590673,3,0.0
1709,9.520962302701859e-06,2,2.0936668481177935e-05,3,0,0,0,2.186545152065526,5,0.0
1710,3.8083849210807435e-06,1,9.516667491444516e-06,2,0,0,0,2.4605221045590673,2,0.0
1711,3.8083849210807435e-06,1,1.142000098973342e-05,3,0,0,0,2.9475093222261024,3,0.0
1712,2.285030952648446e-05,4,3.0453335972622452e-05,5,0,0,0,1.3312820873881535,8,0.0
1713,0.0,0,7.613333993155613e-06,2,0,0,0,77.13333993155614,2,0.0
1714,1.142515476324223e-05,1,2.0936668481177935e-05,3,0,0,0,1.8252829496286906,3,0.0
1715,3.8083849210807435e-06,1,1.9033334982889032e-05,2,0,0,0,4.895458192894239,2,0.0
1716,9.520962302701859e-06,2,3.8066669965778065e-06,1,0,0,0,0.4060578218335493,3,0.0
1717,7.616769842161487e-06,2,0.0,0,0,0,0,0.012958790017766002,2,0.0
1718,0.0,0,7.613333993155613e-06,2,0,0,0,77.13333993155614,2,0.0
1719,3.8083849210807435e-06,1,3.8066669965778065e-06,1,0,0,0,0.9995604515579641,2,0.0
1720,7.616769842161487e-06,2,3.8066669965778065e-06,1,0,0,0,0.5062567727798837,3,0.0
1721,9.520962302701859e-06,2,5.710000494866709e-06,1,0,0,0,0.6038897474148801,2,0.0
1722,9.520962302701859e-06,2,0.0,0,0,0,0,0.01039397067088777,2,0.0
1723,0.0,0,7.613333993155613e-06,2,0,0,0,77.13333993155614,2,0.0
1724,7.616769842161487e-06,1,3.8066669965778065e-06,1,0,0,0,0.5062567727798837,2,0.0
1725,0.0,0,1.142000098973342e-05,3,0,0,0,115.20000989733421,3,0.0
1726,0.0,0,7.613333993155613e-06,2,0,0,0,77.13333993155614,2,0.0
1727,3.8083849210807435e-06,1,3.8066669965778065e-06,1,0,0,0,0.9995604515579641,2,0.0
1728,1.142515476324223e-05,2,3.8066669965778065e-06,1,0,0,0,0.3389687233561098,3,0.0
1729,3.8083849210807435e-06,1,7.613333993155613e-06,1,0,0,0,1.9735348868920333,2,0.0
1730,3.8083849210807435e-06,1,3.8066669965778065e-06,1,0,0,0,0.9995604515579641,2,0.0
1731,0.0,0,7.613333993155613e-06,2,0,0,0,77.13333993155614,2,0.0
1732,7.616769842161487e-06,2,3.8066669965778065e-06,1,0,0,0,0.5062567727798837,2,0.0
1733,3.8083849210807435e-06,1,3.8066669965778065e-06,1,0,0,0,0.9995604515579641,2,0.0
1734,6.283835119783227e-05,12,7.803667342984503e-05,14,0,0,0,1.2414795103901008,26,0.0
1735,7.616769842161487e-06,2,3.8066669965778065e-06,1,0,0,0,0.5062567727798837,3,0.0
1736,7.616769842161487e-06,2,1.142000098973342e-05,3,1,0,1,1.4928527383041192,3,0.3333333333333333
1737,3.8083849210807435e-06,1,3.8066669965778065e-06,1,0,0,0,0.9995604515579641,2,0.0
1738,9.520962302701859e-06,1,3.8066669965778065e-06,1,0,0,0,0.4060578218335493,2,0.0
1739,0.0,0,9.516667491444516e-06,2,0,0,0,96.16667491444517,2,0.0
1740,2.094611706594409e-05,2,9.516667491444516e-06,1,0,0,0,0.4569330989328093,2,0.0
1741,7.616769842161487e-06,2,0.0,0,0,0,0,0.012958790017766002,2,0.0
1742,9.520962302701859e-06,2,3.8066669965778065e-06,1,0,0,0,0.4060578218335493,3,0.0
1743,0.0,0,9.516667491444516e-06,2,0,0,0,96.16667491444517,2,0.0
1744,1.3329347223782601e-05,3,1.1420000989733419e-05,2,0,0,0,0.857822856000935,5,0.0
1745,3.6179656750267065e-05,5,3.8066669965778065e-06,1,0,0,0,0.10768202751943204,6,0.0
1746,0.0,0,9.516667491444516e-06,2,0,0,0,96.16667491444517,2,0.0
1747,1.3329347223782603e-05,2,7.613333993155613e-06,2,0,0,0,0.5743640301068202,4,0.0
1748,0.0,0,7.613333993155613e-06,2,0,0,0,77.13333993155614,2,0.0
1749,7.616769842161487e-06,2,9.516667491444516e-06,2,0,0,0,1.2462037469230602,3,0.0
1750,5.712577381621115e-06,1,3.8066669965778065e-06,1,0,0,0,0.672105804376964,2,0.0
1751,3.8083849210807435e-06,1,3.8066669965778065e-06,1,0,0,0,0.9995604515579641,2,0.0
1752,3.8083849210807435e-06,1,3.8066669965778065e-06,1,0,0,0,0.9995604515579641,2,0.0
1753,0.0,0,7.613333993155613e-06,2,0,0,0,77.13333993155614,2,0.0
1754,3.8083849210807435e-06,1,3.8066669965778065e-06,1,0,0,0,0.9995604515579641,2,0.0
1755,3.8083849210807435e-06,1,5.710000494866709e-06,1,0,0,0,1.4865476692249984,2,0.0
1756,5.712577381621115e-06,1,3.8066669965778065e-06,1,0,0,0,0.672105804376964,2,0.0
1757,3.8083849210807435e-06,1,3.8066669965778065e-06,1,0,0,0,0.9995604515579641,2,0.0
1758,3.8083849210807435e-06,1,3.8066669965778065e-06,1,0,0,0,0.9995604515579641,2,0.0
1759,3.8083849210807435e-06,1,7.613333993155613e-06,2,0,0,0,1.9735348868920333,3,0.0
1760,3.8083849210807435e-06,1,3.8066669965778065e-06,1,0,0,0,0.9995604515579641,2,0.0
1761,5.712577381621115e-06,1,3.8066669965778065e-06,1,0,0,0,0.672105804376964,2,0.0
1762,3.8083849210807435e-06,1,7.613333993155613e-06,2,0,0,0,1.9735348868920333,3,0.0
1763,7.616769842161487e-06,2,7.613333993155613e-06,2,0,0,0,0.9995547555420015,4,0.0
1764,0.0,0,9.516667491444516e-06,2,0,0,0,96.16667491444517,2,0.0
1765,0.0,0,1.142000098973342e-05,2,0,0,0,115.20000989733421,2,0.0
1766,3.8083849210807435e-06,1,3.8066669965778065e-06,1,0,0,0,0.9995604515579641,2,0.0
1767,3.8083849210807435e-06,1,7.613333993155613e-06,2,0,0,0,1.9735348868920333,2,0.0
1768,1.142515476324223e-05,2,7.613333993155613e-06,2,0,0,0,0.6692607736389057,4,0.0
1769,3.8083849210807435e-06,1,3.8066669965778065e-06,1,0,0,0,0.9995604515579641,2,0.0
1770,7.616769842161487e-06,2,3.8066669965778065e-06,1,0,0,0,0.5062567727798837,3,0.0
1771,3.8083849210807435e-06,1,3.8066669965778065e-06,1,0,0,0,0.9995604515579641,2,0.0
1772,3.8083849210807435e-06,1,3.8066669965778065e-06,1,0,0,0,0.9995604515579641,2,0.0
1773,7.616769842161487e-06,2,0.0,0,0,0,0,0.012958790017766002,2,0.0
1774,2.475450198702483e-05,2,2.474333547775574e-05,1,0,0,0,0.9995507248837687,2,0.0
1775,3.8083849210807435e-06,1,7.613333993155613e-06,2,0,0,0,1.9735348868920333,3,0.0
1776,7.616769842161487e-06,1,3.8066669965778065e-06,1,0,0,0,0.5062567727798837,2,0.0
1777,2.6658694447565206e-05,2,1.713000148460013e-05,3,0,0,0,0.6439029197916605,3,0.0
1778,9.520962302701859e-06,2,0.0,0,0,0,0,0.01039397067088777,2,0.0
1779,3.8083849210807435e-06,1,3.8066669965778065e-06,1,0,0,0,0.9995604515579641,2,0.0
1780,7.616769842161487e-06,2,0.0,0,0,0,0,0.012958790017766002,2,0.0
1781,3.8083849210807435e-06,1,5.710000494866709e-06,1,0,0,0,1.4865476692249984,2,0.0
1782,3.8083849210807435e-06,1,5.710000494866709e-06,1,0,0,0,1.4865476692249984,2,0.0
1783,3.8083849210807435e-06,1,7.613333993155613e-06,2,0,0,0,1.9735348868920333,3,0.0
1784,7.997608334269561e-05,10,0.0015683468025900562,33,15,3,14,19.586957017836298,37,0.3783783783783784
1785,9.520962302701859e-06,2,3.8066669965778065e-06,1,0,0,0,0.4060578218335493,3,0.0
1786,1.9041924605403718e-05,1,1.713000148460013e-05,2,0,0,0,0.9001185533734755,2,0.0
1787,1.7137732144863347e-05,3,2.474333547775574e-05,2,0,0,0,1.4412183266903111,4,0.0
1788,0.0,0,7.613333993155613e-06,2,0,0,0,77.13333993155614,2,0.0
1789,2.475450198702483e-05,2,5.710000494866709e-06,1,0,0,0,0.23376048725095322,2,0.0
1790,9.520962302701859e-06,2,0.0,0,0,0,0,0.01039397067088777,2,0.0
1791,0.0,0,7.613333993155613e-06,2,0,0,0,77.13333993155614,2,0.0
1792,2.285030952648446e-05,2,4.3776670460644776e-05,4,0,0,0,1.9118117082478334,4,0.0
1793,1.5233539684322974e-05,3,2.2840001979466837e-05,2,0,0,0,1.4960669520372205,4,0.0
1794,7.616769842161487e-06,2,0.0,0,0,0,0,0.012958790017766002,2,0.0
1795,2.285030952648446e-05,2,1.1420000989733419e-05,1,0,0,0,0.5019540575886107,2,0.0
1796,1.9041924605403718e-05,1,7.613333993155613e-06,1,0,0,0,0.40295498765981763,2,0.0
1797,7.616769842161487e-06,2,0.0,0,0,0,0,0.012958790017766002,2,0.0
1798,2.475450198702483e-05,2,3.235666947091135e-05,2,0,0,0,1.305866819936895,2,0.0
1799,2.285030952648446e-05,2,9.516667491444516e-06,1,1,1,0,0.41902125460865636,2,0.0
1800,1.9041924605403718e-05,1,1.713000148460013e-05,2,0,0,0,0.9001185533734755,2,0.0
1801,1.9041924605403718e-05,1,1.713000148460013e-05,2,0,0,0,0.9001185533734755,2,0.0
1802,4.189223413188818e-05,7,0.0001142000098973342,16,0,0,0,2.721932096738257,19,0.0
1803,3.8083849210807435e-06,1,3.8066669965778065e-06,1,0,0,0,0.9995604515579641,2,0.0
1804,1.9041924605403718e-05,1,3.045333597262245e-05,2,0,0,0,1.5961475453725964,2,0.0
1805,3.8083849210807435e-06,1,7.613333993155613e-06,2,0,0,0,1.9735348868920333,3,0.0
1806,3.237127182918632e-05,2,1.5226667986311226e-05,2,0,0,0,0.47200701182683813,2,0.0
1807,3.8083849210807435e-06,1,7.613333993155613e-06,2,0,0,0,1.9735348868920333,3,0.0
1808,3.8083849210807435e-06,1,3.8066669965778065e-06,1,0,0,0,0.9995604515579641,2,0.0
1809,7.616769842161487e-06,2,1.142000098973342e-05,3,0,0,0,1.4928527383041192,5,0.0
1810,7.616769842161487e-06,2,0.0,0,0,0,0,0.012958790017766002,2,0.0
1811,1.3329347223782603e-05,2,0.0,0,0,0,0,0.007446378318590626,2,0.0
1812,7.616769842161487e-06,2,1.5226667986311226e-05,4,0,0,0,1.9861507210662366,6,0.0
1813,3.8083849210807435e-06,1,7.613333993155613e-06,2,0,0,0,1.9735348868920333,3,0.0
1814,3.8083849210807435e-06,1,3.8066669965778065e-06,1,0,0,0,0.9995604515579641,2,0.0
1815,3.8083849210807435e-06,1,3.8066669965778065e-06,1,0,0,0,0.9995604515579641,2,0.0
1816,1.9041924605403718e-05,3,3.235666947091135e-05,4,0,0,0,1.6955802585153281,5,0.0
1817,3.8083849210807435e-06,1,5.710000494866709e-06,1,0,0,0,1.4865476692249984,2,0.0
1818,0.0,0,7.613333993155613e-06,2,0,0,0,77.13333993155614,2,0.0
1819,2.475450198702483e-05,2,9.516667491444516e-06,1,0,0,0,0.38691853477751637,2,0.0
1820,0.00011615574009296268,21,9.707000841273406e-05,16,4,4,1,0.8358297692228623,31,0.03225806451612903
1821,1.142515476324223e-05,2,2.8550002474333546e-05,5,0,0,0,2.4858670501942823,6,0.0
1822,1.9041924605403718e-05,1,2.6646668976044643e-05,2,0,0,0,1.3972821190871332,2,0.0
1823,1.3329347223782603e-05,2,0.0,0,0,0,0,0.007446378318590626,2,0.0
1824,1.3329347223782601e-05,2,1.142000098973342e-05,3,0,0,0,0.8578228560009351,5,0.0
1825,3.8083849210807435e-06,1,3.8066669965778065e-06,1,0,0,0,0.9995604515579641,2,0.0
1826,7.616769842161487e-06,1,7.613333993155613e-06,2,0,0,0,0.9995547555420015,3,0.0
1827,1.9041924605403718e-05,1,5.710000494866709e-06,1,0,0,0,0.30352227451708597,2,0.0
1828,1.9041924605403718e-05,2,3.8066669965778065e-06,1,0,0,0,0.20408956137435438,2,0.0
1829,3.8083849210807435e-06,1,3.8066669965778065e-06,1,0,0,0,0.9995604515579641,2,0.0
1830,1.9041924605403718e-05,1,2.0936668481177935e-05,2,0,0,0,1.0989839796589385,2,0.0
1831,9.520962302701859e-06,2,0.0,0,0,0,0,0.01039397067088777,2,0.0
1832,3.8083849210807435e-06,1,3.8066669965778065e-06,1,0,0,0,0.9995604515579641,2,0.0
1833,7.616769842161487e-06,2,9.516667491444516e-06,2,0,0,0,1.2462037469230602,3,0.0
1834,3.8083849210807435e-06,1,3.8066669965778065e-06,1,0,0,0,0.9995604515579641,2,0.0
1835,1.142515476324223e-05,2,7.613333993155613e-06,2,0,0,0,0.6692607736389057,4,0.0
1836,1.142515476324223e-05,3,0.0,0,0,0,0,0.00867667307331396,3,0.0
1837,3.998804167134781e-05,9,3.997000346406697e-05,7,0,0,0,0.9995500352092846,12,0.0
1838,1.9041924605403718e-05,1,1.142000098973342e-05,2,0,0,0,0.6018204139452809,2,0.0
1839,0.00037322172226591285,52,0.00027979002424846877,36,3,1,2,0.7497287394627047,78,0.02564102564102564
1840,1.7137732144863347e-05,2,1.5226667986311226e-05,3,0,0,0,0.8891348268732905,3,0.0
1841,7.045512103999376e-05,9,0.00011039334290075639,11,0,0,0,1.5660570242395853,18,0.0
1842,0.0,0,7.613333993155613e-06,2,0,0,0,77.13333993155614,2,0.0
1843,3.237127182918632e-05,2,3.8066669965778065e-06,1,0,0,0,0.12031148693924444,3,0.0
1844,0.00018280247621187568,27,0.00016178334735455677,30,1,1,1,0.885080129626183,46,0.021739130434782608
1845,3.8083849210807435e-06,1,3.8066669965778065e-06,1,0,0,0,0.9995604515579641,2,0.0
1846,3.8083849210807435e-06,1,3.8066669965778065e-06,1,0,0,0,0.9995604515579641,2,0.0
1847,1.5233539684322974e-05,3,1.3323334488022323e-05,3,0,0,0,0.8754230767567879,5,0.0
1848,3.8083849210807435e-06,1,3.8066669965778065e-06,1,0,0,0,0.9995604515579641,2,0.0
1849,0.0,0,7.613333993155613e-06,2,0,0,0,77.13333993155614,2,0.0
1850,5.712577381621115e-06,1,3.8066669965778065e-06,1,0,0,0,0.672105804376964,2,0.0
1851,3.998804167134781e-05,2,1.713000148460013e-05,2,0,0,0,0.42980402050706695,3,0.0
1852,3.8083849210807435e-06,1,5.710000494866709e-06,1,0,0,0,1.4865476692249984,2,0.0
1853,3.8083849210807435e-06,1,3.8066669965778065e-06,1,0,0,0,0.9995604515579641,2,0.0
1854,2.285030952648446e-05,2,1.1420000989733419e-05,2,0,0,0,0.5019540575886107,2,0.0
1855,0.00032180852583132285,53,0.0002893066917399133,54,0,0,0,0.8990339444801154,95,0.0
1856,0.0,0,1.142000098973342e-05,3,0,0,0,115.20000989733421,3,0.0
1857,3.8083849210807435e-06,1,7.613333993155613e-06,2,0,0,0,1.9735348868920333,3,0.0
1858,1.142515476324223e-05,2,0.0,0,0,0,0,0.00867667307331396,2,0.0
1859,2.285030952648446e-05,2,7.613333993155613e-06,1,0,0,0,0.33608845162870216,2,0.0
1860,4.379642659242855e-05,5,4.3776670460644776e-05,7,0,0,0,0.9995499375845053,9,0.0
1861,3.8083849210807435e-06,1,7.613333993155613e-06,2,0,0,0,1.9735348868920333,3,0.0
1862,5.1413196434590034e-05,4,7.042333943668941e-05,5,5,3,4,1.3690344284155984,7,0.5714285714285714
1863,4.760481151350929e-05,5,2.0936668481177935e-05,3,1,1,1,0.4409758222233131,7,0.14285714285714285
1864,2.475450198702483e-05,2,9.516667491444516e-06,1,0,0,0,0.38691853477751637,2,0.0
1865,4.189223413188818e-05,3,3.235666947091135e-05,3,0,0,0,0.7729207588472726,4,0.0
1866,9.520962302701859e-06,1,7.613333993155613e-06,2,0,0,0,0.801721672996211,2,0.0
1867,4.760481151350929e-05,3,1.9033334982889032e-05,1,0,0,0,0.4010776769859106,3,0.0
1868,3.8083849210807435e-06,1,7.613333993155613e-06,2,0,0,0,1.9735348868920333,3,0.0
1869,3.8083849210807435e-06,1,7.613333993155613e-06,2,0,0,0,1.9735348868920333,2,0.0
1870,7.616769842161487e-06,2,3.8066669965778065e-06,1,0,0,0,0.5062567727798837,3,0.0
1871,0.0,0,7.613333993155613e-06,2,0,0,0,77.13333993155614,2,0.0
1872,3.8083849210807435e-06,1,3.8066669965778065e-06,1,0,0,0,0.9995604515579641,2,0.0
1873,3.8083849210807435e-06,1,3.8066669965778065e-06,1,0,0,0,0.9995604515579641,2,0.0
1874,3.8083849210807435e-06,1,3.8066669965778065e-06,1,0,0,0,0.9995604515579641,2,0.0
1875,7.616769842161487e-06,2,7.613333993155613e-06,2,0,0,0,0.9995547555420015,3,0.0
1876,7.616769842161487e-06,2,0.0,0,0,0,0,0.012958790017766002,2,0.0
1877,2.094611706594409e-05,2,1.3323334488022323e-05,2,0,0,0,0.6378057503891481,3,0.0
1878,1.142515476324223e-05,2,0.0,0,0,0,0,0.00867667307331396,2,0.0
1879,3.8083849210807435e-06,1,3.8066669965778065e-06,1,0,0,0,0.9995604515579641,2,0.0
1880,3.8083849210807435e-06,1,2.0936668481177935e-05,1,0,0,0,5.382445410561274,2,0.0
1881,3.8083849210807435e-06,1,3.8066669965778065e-06,1,0,0,0,0.9995604515579641,2,0.0
1882,3.8083849210807435e-06,1,3.8066669965778065e-06,1,0,0,0,0.9995604515579641,2,0.0
1883,1.142515476324223e-05,2,0.0,0,0,0,0,0.00867667307331396,2,0.0
1884,3.8083849210807435e-06,1,1.142000098973342e-05,3,0,0,0,2.9475093222261024,4,0.0
1885,0.0,0,7.613333993155613e-06,2,0,0,0,77.13333993155614,2,0.0
1886,7.616769842161487e-06,2,0.0,0,0,0,0,0.012958790017766002,2,0.0
1887,3.8083849210807435e-06,1,7.613333993155613e-06,2,0,0,0,1.9735348868920333,3,0.0
1888,5.712577381621115e-06,1,3.8066669965778065e-06,1,0,0,0,0.672105804376964,2,0.0
1889,3.8083849210807435e-06,1,3.8066669965778065e-06,1,0,0,0,0.9995604515579641,2,0.0
1890,3.8083849210807435e-06,1,3.8066669965778065e-06,1,0,0,0,0.9995604515579641,2,0.0
1891,1.142515476324223e-05,3,1.142000098973342e-05,3,0,0,0,0.9995528239217015,6,0.0
1892,3.8083849210807435e-06,1,9.516667491444516e-06,2,0,0,0,2.4605221045590673,3,0.0
1893,1.142515476324223e-05,2,3.8066669965778065e-06,1,0,0,0,0.3389687233561098,3,0.0
1894,3.8083849210807435e-06,1,9.516667491444516e-06,2,0,0,0,2.4605221045590673,3,0.0
1895,3.8083849210807435e-06,1,3.8066669965778065e-06,1,0,0,0,0.9995604515579641,2,0.0
1896,1.7137732144863347e-05,1,3.8066669965778065e-06,1,0,0,0,0.22663462709286558,2,0.0
1897,2.6658694447565206e-05,3,9.707000841273407e-05,2,1,1,0,3.631343397681184,5,0.0
1898,9.520962302701859e-06,2,0.0,0,0,0,0,0.01039397067088777,2,0.0
1899,2.285030952648446e-05,2,4.3776670460644776e-05,4,0,0,0,1.9118117082478334,4,0.0
1900,1.3329347223782601e-05,3,1.9033334982889032e-05,5,0,0,0,1.4247405077891646,8,0.0
1901,7.616769842161487e-06,2,0.0,0,0,0,0,0.012958790017766002,2,0.0
1902,7.616769842161487e-06,2,0.0,0,0,0,0,0.012958790017766002,2,0.0
1903,1.7137732144863347e-05,1,1.713000148460013e-05,2,0,0,0,0.9995515268366946,2,0.0
1904,3.8083849210807435e-06,1,3.8066669965778065e-06,1,0,0,0,0.9995604515579641,2,0.0
1905,7.616769842161487e-06,2,0.0,0,0,0,0,0.012958790017766002,2,0.0
1906,1.7137732144863347e-05,1,1.713000148460013e-05,2,0,0,0,0.9995515268366946,2,0.0
1907,3.8083849210807435e-06,1,3.8066669965778065e-06,1,0,0,0,0.9995604515579641,2,0.0
1908,5.522158135567078e-05,11,4.568000395893368e-05,11,0,0,0,0.8275252231964798,20,0.0
1909,9.520962302701859e-06,2,0.0,0,0,0,0,0.01039397067088777,2,0.0
1910,3.237127182918632e-05,2,1.9033334982889032e-05,2,0,0,0,0.589238853456036,3,0.0
1911,7.616769842161487e-06,2,1.142000098973342e-05,2,0,0,0,1.4928527383041192,3,0.0
1912,3.8083849210807435e-06,1,3.8066669965778065e-06,1,0,0,0,0.9995604515579641,2,0.0
1913,3.8083849210807435e-06,1,3.8066669965778065e-06,1,0,0,0,0.9995604515579641,2,0.0
1914,7.616769842161487e-06,2,3.8066669965778065e-06,1,0,0,0,0.5062567727798837,3,0.0
1915,1.5233539684322974e-05,3,0.0,0,0,0,0,0.006521651364181754,3,0.0
1916,2.285030952648446e-05,5,7.613333993155613e-06,2,0,0,0,0.33608845162870216,7,0.0
1917,2.094611706594409e-05,2,1.1420000989733419e-05,2,0,0,0,0.5473694246609786,3,0.0
1918,9.520962302701859e-06,2,5.710000494866709e-06,1,0,0,0,0.6038897474148801,3,0.0
1919,3.8083849210807435e-06,1,3.8066669965778065e-06,1,0,0,0,0.9995604515579641,2,0.0
1920,3.8083849210807435e-06,1,3.8066669965778065e-06,1,0,0,0,0.9995604515579641,2,0.0
1921,3.8083849210807435e-06,1,3.8066669965778065e-06,1,0,0,0,0.9995604515579641,2,0.0
1922,3.8083849210807435e-06,1,3.8066669965778065e-06,1,0,0,0,0.9995604515579641,2,0.0
1923,2.4754501987024835e-05,2,1.3323334488022323e-05,2,0,0,0,0.5400765823040795,2,0.0
1924,3.8083849210807435e-06,1,3.8066669965778065e-06,1,0,0,0,0.9995604515579641,2,0.0
1925,7.616769842161487e-06,2,1.9033334982889032e-05,5,0,0,0,2.479448703828354,6,0.0
1926,9.520962302701859e-06,2,0.0,0,0,0,0,0.01039397067088777,2,0.0
1927,0.000363700759963211,49,0.001258103442368965,78,0,0,0,3.458495915446135,105,0.0
1928,2.094611706594409e-05,2,7.423000643326722e-05,2,0,0,0,3.531768173690567,3,0.0
1929,0.0,0,7.613333993155613e-06,2,0,0,0,77.13333993155614,2,0.0
1930,3.8083849210807435e-06,1,0.00012752334438535651,2,0,0,0,32.6537295999152,3,0.0
1931,3.8083849210807435e-06,1,7.613333993155613e-06,2,0,0,0,1.9735348868920333,3,0.0
1932,1.7137732144863347e-05,2,0.0,0,0,0,0,0.0058012271660572755,2,0.0
1933,2.094611706594409e-05,2,0.0,0,0,0,0,0.00475147029196258,2,0.0
1934,3.8083849210807435e-06,1,5.710000494866709e-06,1,0,0,0,1.4865476692249984,2,0.0
1935,3.8083849210807435e-06,1,3.8066669965778065e-06,1,0,0,0,0.9995604515579641,2,0.0
1936,1.5233539684322974e-05,4,0.0,0,0,0,0,0.006521651364181754,4,0.0
1937,0.0,0,7.613333993155613e-06,2,0,0,0,77.13333993155614,2,0.0
1938,9.520962302701859e-06,2,3.8066669965778065e-06,1,0,0,0,0.4060578218335493,3,0.0
1939,7.616769842161487e-06,2,4.568000395893368e-05,4,0,0,0,5.932534583163179,5,0.0
1940,3.8083849210807435e-06,1,7.613333993155613e-06,2,0,0,0,1.9735348868920333,2,0.0
1941,2.285030952648446e-05,2,1.1420000989733419e-05,1,0,0,0,0.5019540575886107,2,0.0
1942,3.237127182918632e-05,3,9.516667491444516e-06,1,0,0,0,0.29615924938304133,4,0.0
1943,1.7137732144863347e-05,4,1.3323334488022323e-05,3,0,0,0,0.7787181269098864,7,0.0
1944,7.616769842161487e-06,2,5.710000494866709e-06,1,0,0,0,0.7529057641609425,3,0.0
1945,1.3329347223782603e-05,3,3.8066669965778065e-06,1,0,0,0,0.2909052042127054,4,0.0
1946,2.285030952648446e-05,2,1.713000148460013e-05,2,0,0,0,0.7507524665284734,2,0.0
1947,0.00026468275201511167,43,0.00019794668382204595,28,2,2,1,0.7479591563832036,59,0.01694915254237288
1948,3.8083849210807435e-06,1,3.8066669965778065e-06,1,0,0,0,0.9995604515579641,2,0.0
1949,3.8083849210807435e-06,1,3.8066669965778065e-06,1,0,0,0,0.9995604515579641,2,0.0
1950,1.7137732144863347e-05,1,2.284000197946684e-05,3,0,0,0,1.3308016267269072,3,0.0
1951,1.7137732144863347e-05,1,2.474333547775574e-05,2,0,0,0,1.4412183266903111,2,0.0
1952,5.712577381621115e-06,1,3.8066669965778065e-06,1,0,0,0,0.672105804376964,2,0.0
1953,1.7137732144863347e-05,1,1.142000098973342e-05,2,0,0,0,0.6683014269464823,2,0.0
1954,2.094611706594409e-05,2,1.5226667986311226e-05,1,0,0,0,0.7282420761173173,2,0.0
1955,2.6658694447565206e-05,2,1.1420000989733419e-05,1,0,0,0,0.4305143142281231,2,0.0
1956,3.8083849210807435e-06,1,3.8066669965778065e-06,1,0,0,0,0.9995604515579641,2,0.0
1957,3.8083849210807435e-06,1,3.8066669965778065e-06,1,0,0,0,0.9995604515579641,2,0.0
1958,0.0001294850873167453,25,0.00011039334290075639,20,6,4,2,0.8526702044863936,44,0.045454545454545456
1959,7.616769842161487e-06,2,0.0,0,0,0,0,0.012958790017766002,2,0.0
1960,2.8562886908105577e-05,2,3.997000346406696e-05,2,0,0,0,1.3979751443925759,2,0.0
1961,7.616769842161487e-06,2,7.613333993155613e-06,2,0,0,0,0.9995547555420015,4,0.0
1962,2.094611706594409e-05,3,3.8066669965778064e-05,9,0,0,0,1.8134779848553495,11,0.0
1963,1.7137732144863347e-05,1,7.613333993155613e-06,1,0,0,0,0.447468027019674,2,0.0
1964,3.6179656750267065e-05,4,3.8066669965778065e-06,1,0,0,0,0.10768202751943204,5,0.0
1965,3.8083849210807435e-06,1,3.8066669965778065e-06,1,0,0,0,0.9995604515579641,2,0.0
1966,9.520962302701859e-06,2,0.0,0,0,0,0,0.01039397067088777,2,0.0
1967,1.7137732144863347e-05,3,7.613333993155613e-06,2,0,0,0,0.447468027019674,5,0.0
1968,7.616769842161487e-06,2,0.0,0,0,0,0,0.012958790017766002,2,0.0
1969,0.0005065151945037389,98,0.00036353669817318053,60,4,3,2,0.7177769283635193,148,0.013513513513513514
1970,2.8562886908105577e-05,2,5.710000494866709e-06,1,0,0,0,0.20270116242979347,2,0.0
1971,0.0,0,1.9033334982889032e-05,4,0,0,0,191.3333498288903,4,0.0
1972,3.8083849210807435e-06,1,5.710000494866709e-06,1,0,0,0,1.4865476692249984,2,0.0
1973,3.8083849210807435e-06,1,1.142000098973342e-05,2,0,0,0,2.9475093222261024,3,0.0
1974,3.8083849210807435e-06,1,7.613333993155613e-06,2,0,0,0,1.9735348868920333,2,0.0
1975,9.520962302701859e-06,2,3.8066669965778065e-06,1,0,0,0,0.4060578218335493,3,0.0
1976,7.616769842161487e-06,2,0.0,0,0,0,0,0.012958790017766002,2,0.0
1977,2.6658694447565206e-05,3,3.997000346406697e-05,6,0,0,0,1.4974573420458102,8,0.0
1978,8.568866072431673e-05,16,0.00014465334586995666,17,1,1,1,1.6873249290500514,29,0.034482758620689655
1979,3.8083849210807435e-06,1,3.8066669965778065e-06,1,1,1,0,0.9995604515579641,2,0.0
1980,1.7137732144863347e-05,1,3.8066669965778065e-06,1,0,0,0,0.22663462709286558,2,0.0
1981,7.616769842161487e-06,2,0.0,0,0,0,0,0.012958790017766002,2,0.0
1982,1.5233539684322974e-05,3,3.8066669965778065e-06,1,0,0,0,0.2547792014763549,3,0.0
1983,9.520962302701859e-06,2,1.3323334488022323e-05,2,0,0,0,1.3952174497402035,4,0.0
1984,3.8083849210807435e-06,1,5.710000494866709e-06,1,0,0,0,1.4865476692249984,2,0.0
1985,2.4754501987024835e-05,3,1.5226667986311226e-05,2,0,0,0,0.6166556060673609,3,0.0
1986,3.8083849210807435e-06,1,3.8066669965778065e-06,1,0,0,0,0.9995604515579641,2,0.0
1987,7.616769842161487e-05,12,8.565000742300064e-05,11,13,8,9,1.1243292927100894,19,0.47368421052631576
1988,1.142515476324223e-05,3,3.8066669965778065e-06,1,0,0,0,0.3389687233561098,4,0.0
1989,9.520962302701859e-06,2,0.0,0,0,0,0,0.01039397067088777,2,0.0
1990,0.00010473058532972045,22,9.897334191102297e-05,20,0,0,0,0.9450804991635848,36,0.0
1991,1.142515476324223e-05,2,9.516667491444516e-06,2,0,0,0,0.8344067987803035,4,0.0
1992,3.8083849210807435e-06,1,3.8066669965778065e-06,1,0,0,0,0.9995604515579641,2,0.0
1993,2.285030952648446e-05,2,2.8550002474333546e-05,2,0,0,0,1.248349284408199,2,0.0
1994,3.8083849210807435e-06,1,3.8066669965778065e-06,1,0,0,0,0.9995604515579641,2,0.0
1995,1.142515476324223e-05,2,0.0,0,0,0,0,0.00867667307331396,2,0.0
1996,4.570061905296892e-05,6,2.0936668481177935e-05,5,4,2,2,0.459309697470438,11,0.18181818181818182
1997,0.0007673895615977699,132,0.0009326334141615626,143,55,30,36,1.2153043648174,248,0.14516129032258066
1998,0.0,0,7.613333993155613e-06,2,0,0,0,77.13333993155614,2,0.0
1999,2.094611706594409e-05,2,1.3323334488022322e-05,1,0,0,0,0.637805750389148,2,0.0
2000,2.094611706594409e-05,4,9.516667491444516e-06,2,0,0,0,0.4569330989328093,6,0.0
2001,0.0001009222004086397,18,5.71000049486671e-05,12,0,0,0,0.5662122258007677,27,0.0
2002,2.094611706594409e-05,2,7.613333993155613e-06,1,0,0,0,0.36649677320463997,2,0.0
2003,2.094611706594409e-05,2,9.516667491444516e-06,1,0,0,0,0.4569330989328093,2,0.0
2004,3.8083849210807435e-06,1,5.710000494866709e-06,1,0,0,0,1.4865476692249984,2,0.0
2005,3.8083849210807435e-06,1,1.3323334488022323e-05,2,0,0,0,3.4344965398931366,3,0.0
2006,3.8083849210807435e-06,1,3.8066669965778065e-06,1,0,0,0,0.9995604515579641,2,0.0
2007,0.00010282639286918008,11,7.803667342984503e-05,6,0,0,0,0.759150993751011,12,0.0
2008,3.8083849210807435e-06,1,3.8066669965778065e-06,1,0,0,0,0.9995604515579641,2,0.0
2009,2.094611706594409e-05,2,0.0,0,0,0,0,0.00475147029196258,2,0.0
2010,3.8083849210807435e-06,1,3.8066669965778065e-06,1,0,0,0,0.9995604515579641,2,0.0
2011,3.0467079368645948e-05,3,2.474333547775574e-05,3,0,0,0,0.8127480934026915,5,0.0
2012,2.475450198702483e-05,3,2.6646668976044647e-05,3,0,0,0,1.0761297486470505,5,0.0
2013,1.142515476324223e-05,1,1.9033334982889032e-05,2,0,0,0,1.6601369244872928,2,0.0
2014,7.616769842161487e-06,2,0.0,0,0,0,0,0.012958790017766002,2,0.0
2015,9.520962302701859e-06,2,0.0,0,0,0,0,0.01039397067088777,2,0.0
2016,1.7137732144863347e-05,1,1.142000098973342e-05,2,0,0,0,0.6683014269464823,2,0.0
2017,2.094611706594409e-05,2,1.9033334982889032e-05,3,0,0,0,0.909114727573656,4,0.0
2018,1.3329347223782601e-05,3,0.0002855000247433355,4,0,0,0,21.2668583203772,6,0.0
2019,1.7137732144863347e-05,1,1.5226667986311226e-05,2,0,0,0,0.8891348268732905,2,0.0
2020,3.8083849210807435e-06,1,3.8066669965778065e-06,1,0,0,0,0.9995604515579641,2,0.0
2021,3.8083849210807435e-06,1,3.8066669965778065e-06,1,0,0,0,0.9995604515579641,2,0.0
2022,4.570061905296892e-05,5,2.284000197946684e-05,4,0,0,0,0.5008666357311999,6,0.0
2023,1.142515476324223e-05,3,0.0,0,0,0,0,0.00867667307331396,3,0.0
2024,2.8562886908105577e-05,3,3.045333597262245e-05,4,0,0,0,1.0659545938473585,6,0.0
2025,1.142515476324223e-05,3,0.0,0,0,0,0,0.00867667307331396,3,0.0
2026,2.8562886908105577e-05,4,1.3323334488022323e-05,3,0,0,0,0.4683176028659674,6,0.0
2027,2.094611706594409e-05,2,3.045333597262245e-05,4,0,0,0,1.451732681942672,5,0.0
2028,3.8083849210807435e-06,1,7.613333993155613e-06,2,0,0,0,1.9735348868920333,2,0.0
2029,2.8562886908105577e-05,4,2.855000247433355e-05,4,0,0,0,0.9995504837383151,7,0.0
2030,0.0,0,7.613333993155613e-06,2,0,0,0,77.13333993155614,2,0.0
2031,1.142515476324223e-05,2,0.0,0,0,0,0,0.00867667307331396,2,0.0
2032,3.8083849210807435e-06,1,3.8066669965778065e-06,1,0,0,0,0.9995604515579641,2,0.0
2033,3.8083849210807435e-06,1,1.5226667986311226e-05,2,0,0,0,3.9214837575601704,2,0.0
2034,1.3329347223782603e-05,2,7.613333993155613e-06,2,0,0,0,0.5743640301068202,4,0.0
2035,5.7125773816211154e-05,6,7.613333993155613e-05,6,0,0,0,1.3321504428474924,10,0.0
2036,3.8083849210807435e-06,1,3.8066669965778065e-06,1,0,0,0,0.9995604515579641,2,0.0
2037,3.237127182918632e-05,4,9.516667491444516e-06,1,0,0,0,0.29615924938304133,4,0.0
2038,3.8083849210807435e-06,1,1.142000098973342e-05,3,0,0,0,2.9475093222261024,4,0.0
2039,0.00043034749608212403,86,0.0006052600524558712,114,0,0,0,1.4063505025950387,178,0.0
2040,1.7137732144863347e-05,1,3.8066669965778065e-06,1,0,0,0,0.22663462709286558,2,0.0
2041,3.8083849210807435e-06,1,3.8066669965778065e-06,1,0,0,0,0.9995604515579641,2,0.0
2042,1.7137732144863347e-05,1,3.426000296920026e-05,2,0,0,0,1.9933018265073321,2,0.0
2043,1.142515476324223e-05,2,0.0,0,0,0,0,0.00867667307331396,2,0.0
2044,3.0467079368645948e-05,5,1.713000148460013e-05,2,0,0,0,0.5636783703409273,6,0.0
2045,9.520962302701859e-06,2,7.613333993155613e-06,2,0,0,0,0.801721672996211,4,0.0
2046,4.379642659242855e-05,4,3.426000296920026e-05,3,0,0,0,0.7827517097969616,5,0.0
2047,3.0467079368645948e-05,6,1.3323334488022323e-05,2,0,0,0,0.43914350881004527,7,0.0
2048,3.8083849210807435e-06,1,3.8066669965778065e-06,1,0,0,0,0.9995604515579641,2,0.0
2049,3.8083849210807435e-06,1,7.613333993155613e-06,1,0,0,0,1.9735348868920333,2,0.0
2050,1.7137732144863347e-05,1,5.519667145037819e-05,2,0,0,0,3.207885526104778,2,0.0
2051,3.8083849210807435e-06,1,3.8066669965778065e-06,1,0,0,0,0.9995604515579641,2,0.0
2052,2.285030952648446e-05,2,2.2840001979466837e-05,3,0,0,0,0.9995508754683362,3,0.0
2053,4.189223413188818e-05,7,3.0453335972622452e-05,5,0,0,0,0.7275949137800405,10,0.0
2054,2.475450198702483e-05,5,2.6646668976044647e-05,5,3,2,2,1.0761297486470505,9,0.2222222222222222
2055,3.8083849210807435e-06,1,1.142000098973342e-05,3,2,1,1,2.9475093222261024,4,0.25
2056,2.8562886908105577e-05,4,1.5226667986311226e-05,3,0,0,0,0.5347217129750108,7,0.0
2057,3.8083849210807435e-06,1,3.8066669965778065e-06,1,0,0,0,0.9995604515579641,2,0.0
2058,1.5233539684322974e-05,2,3.8066669965778065e-06,1,0,0,0,0.2547792014763549,2,0.0
2059,3.8083849210807435e-06,1,3.8066669965778065e-06,1,0,0,0,0.9995604515579641,2,0.0
2060,3.8083849210807435e-06,1,7.613333993155613e-06,2,0,0,0,1.9735348868920333,2,0.0
2061,3.8083849210807435e-06,1,3.8066669965778065e-06,1,0,0,0,0.9995604515579641,2,0.0
2062,2.094611706594409e-05,2,3.8066669965778065e-06,1,0,0,0,0.18562412174830126,2,0.0
2063,1.7137732144863347e-05,1,2.284000197946684e-05,3,0,0,0,1.3308016267269072,3,0.0
2064,2.475450198702483e-05,4,9.516667491444516e-06,2,0,0,0,0.38691853477751637,5,0.0
2065,7.616769842161487e-06,2,0.0,0,0,0,0,0.012958790017766002,2,0.0
2066,2.094611706594409e-05,2,9.516667491444516e-06,1,1,1,1,0.4569330989328093,2,0.5
2067,1.3329347223782603e-05,2,3.8066669965778065e-06,1,0,0,0,0.2909052042127054,3,0.0
2068,3.8083849210807435e-06,1,3.8066669965778065e-06,1,0,0,0,0.9995604515579641,2,0.0
2069,2.094611706594409e-05,2,3.8066669965778065e-06,1,2,2,1,0.18562412174830126,2,0.5
2070,3.8083849210807435e-06,1,9.516667491444516e-06,1,0,0,0,2.4605221045590673,2,0.0
2071,0.00011615574009296268,14,8.374667392471174e-05,16,4,2,3,0.7212260990955339,24,0.125
2072,7.616769842161487e-06,2,1.3323334488022323e-05,3,0,0,0,1.739501729685178,4,0.0
2073,1.9041924605403718e-05,3,9.516667491444516e-06,2,0,0,0,0.5023877008025491,5,0.0
2074,2.285030952648446e-05,2,9.516667491444516e-06,1,2,2,1,0.41902125460865636,2,0.5
2075,1.7137732144863347e-05,1,1.713000148460013e-05,2,1,0,1,0.9995515268366946,2,0.5
2076,2.094611706594409e-05,2,3.8066669965778065e-06,1,0,0,0,0.18562412174830126,2,0.0
2077,3.8083849210807435e-06,1,3.8066669965778065e-06,1,0,0,0,0.9995604515579641,2,0.0
2078,2.094611706594409e-05,2,1.3323334488022322e-05,1,0,0,0,0.637805750389148,2,0.0
2079,3.8083849210807435e-06,1,3.8066669965778065e-06,1,0,0,0,0.9995604515579641,2,0.0
2080,4.950900397404966e-05,5,4.187333696235587e-05,6,0,0,0,0.8460830413832137,9,0.0
2081,2.475450198702483e-05,2,3.8066669965778065e-06,1,0,0,0,0.15718146348767167,2,0.0
2082,3.8083849210807435e-06,1,3.8066669965778065e-06,1,0,0,0,0.9995604515579641,2,0.0
2083,3.0467079368645948e-05,4,7.232667293497833e-05,10,0,0,0,2.369433862538718,11,0.0
2084,0.0,0,1.3323334488022323e-05,2,0,0,0,134.23334488022326,2,0.0
2085,0.0,0,1.5226667986311226e-05,2,0,0,0,153.26667986311224,2,0.0
2086,9.520962302701859e-06,2,0.0,0,0,0,0,0.01039397067088777,2,0.0
2087,7.616769842161487e-06,2,7.613333993155613e-06,2,0,0,0,0.9995547555420015,3,0.0
2088,3.046707936864595e-05,2,1.9033334982889032e-05,1,0,0,0,0.6259458011063682,2,0.0
2089,9.520962302701859e-06,2,0.0,0,0,0,0,0.01039397067088777,2,0.0
2090,1.7137732144863347e-05,1,3.426000296920026e-05,2,0,0,0,1.9933018265073321,2,0.0
2091,9.520962302701859e-06,2,0.0,0,0,0,0,0.01039397067088777,2,0.0
2092,5.712577381621115e-06,1,3.8066669965778065e-06,1,0,0,0,0.672105804376964,2,0.0
2093,1.5233539684322974e-05,3,3.8066669965778065e-06,1,0,0,0,0.2547792014763549,4,0.0
2094,7.616769842161487e-06,2,0.0,0,0,0,0,0.012958790017766002,2,0.0
2095,9.520962302701859e-06,2,0.0,0,0,0,0,0.01039397067088777,2,0.0
2096,5.712577381621115e-06,1,3.8066669965778065e-06,1,0,0,0,0.672105804376964,2,0.0
2097,3.4275464289726694e-05,4,1.142000098973342e-05,3,0,0,0,0.3351227751468142,7,0.0
2098,4.379642659242855e-05,7,5.9003338446956e-05,8,1,1,1,1.3464271020445753,13,0.07692307692307693
2099,3.8083849210807435e-06,1,1.3323334488022323e-05,3,0,0,0,3.4344965398931366,4,0.0
2100,3.8083849210807435e-06,1,3.8066669965778065e-06,1,0,0,0,0.9995604515579641,2,0.0
2101,5.712577381621115e-06,1,2.8550002474333546e-05,5,0,0,0,4.928967064580071,6,0.0
2102,3.8083849210807435e-06,1,3.8066669965778065e-06,1,0,0,0,0.9995604515579641,2,0.0
2103,1.5233539684322974e-05,2,0.0,0,0,0,0,0.006521651364181754,2,0.0
2104,2.8562886908105577e-05,2,1.9033334982889032e-05,2,0,0,0,0.6675299331930977,2,0.0
2105,0.0,0,9.516667491444516e-06,2,0,0,0,96.16667491444517,2,0.0
2106,1.142515476324223e-05,3,3.8066669965778064e-05,6,0,0,0,3.311597175901272,8,0.0
2107,2.094611706594409e-05,2,1.5226667986311226e-05,4,0,0,0,0.7282420761173173,4,0.0
2108,3.8083849210807435e-06,1,7.613333993155613e-06,2,0,0,0,1.9735348868920333,3,0.0
2109,1.7137732144863347e-05,3,0.0,0,0,0,0,0.0058012271660572755,3,0.0
2110,7.616769842161487e-06,2,3.8066669965778065e-06,1,0,0,0,0.5062567727798837,3,0.0
2111,7.616769842161487e-06,1,3.8066669965778065e-06,1,0,0,0,0.5062567727798837,2,0.0
2112,4.760481151350929e-05,4,2.6646668976044647e-05,5,1,1,0,0.5606702579355205,7,0.0
2113,2.4754501987024835e-05,3,5.710000494866709e-06,1,0,0,0,0.2337604872509532,3,0.0
2114,7.616769842161487e-06,2,3.8066669965778065e-06,1,0,0,0,0.5062567727798837,3,0.0
2115,1.7137732144863347e-05,1,2.6646668976044643e-05,2,0,0,0,1.5516350266537153,2,0.0
2116,7.616769842161487e-06,2,0.0,0,0,0,0,0.012958790017766002,2,0.0
2117,2.094611706594409e-05,2,0.0,0,0,0,0,0.00475147029196258,2,0.0
2118,7.42635059610745e-05,11,9.707000841273406e-05,5,0,0,0,1.306689446078532,11,0.0
2119,3.8083849210807435e-06,1,3.8066669965778065e-06,1,0,0,0,0.9995604515579641,2,0.0
2120,3.237127182918632e-05,3,3.426000296920026e-05,2,0,0,0,1.0581662199728277,3,0.0
2121,3.6179656750267065e-05,2,3.997000346406696e-05,2,0,0,0,1.104475815190065,2,0.0
2122,1.7137732144863347e-05,1,5.710000494866709e-06,1,2,1,1,0.3370513270562697,2,0.5
2123,1.7137732144863347e-05,1,1.713000148460013e-05,2,0,0,0,0.9995515268366946,2,0.0
2124,2.094611706594409e-05,2,1.1420000989733419e-05,2,0,0,0,0.5473694246609786,3,0.0
2125,3.4275464289726694e-05,3,2.8550002474333546e-05,3,0,0,0,0.8334433604405385,4,0.0
2126,7.616769842161487e-06,2,0.0,0,0,0,0,0.012958790017766002,2,0.0
2127,3.8083849210807435e-06,1,3.8066669965778065e-06,1,0,0,0,0.9995604515579641,2,0.0
2128,2.094611706594409e-05,2,7.613333993155613e-06,2,0,0,0,0.36649677320463997,3,0.0
2129,3.8083849210807436e-05,4,3.426000296920026e-05,6,0,0,0,0.899856973022906,7,0.0
2130,7.616769842161487e-06,1,3.8066669965778065e-06,1,0,0,0,0.5062567727798837,2,0.0
2131,9.520962302701859e-06,2,0.0,0,0,0,0,0.01039397067088777,2,0.0
2132,3.8083849210807435e-06,1,3.8066669965778065e-06,1,0,0,0,0.9995604515579641,2,0.0
2133,3.8083849210807435e-06,1,3.8066669965778065e-06,1,0,0,0,0.9995604515579641,2,0.0
2134,9.520962302701859e-06,2,0.0,0,0,0,0,0.01039397067088777,2,0.0
2135,2.8562886908105577e-05,3,3.235666947091135e-05,3,0,0,0,1.132358703956402,3,0.0
2136,3.8083849210807435e-06,1,5.710000494866709e-06,1,0,0,0,1.4865476692249984,2,0.0
2137,9.520962302701859e-06,2,3.8066669965778065e-06,1,1,1,0,0.4060578218335493,3,0.0
2138,3.8083849210807435e-06,1,5.519667145037819e-05,1,0,0,0,14.148215328567893,2,0.0
2139,3.8083849210807435e-06,1,1.142000098973342e-05,3,0,0,0,2.9475093222261024,4,0.0
2140,5.712577381621115e-06,1,1.142000098973342e-05,2,0,0,0,1.9819092690548437,3,0.0
2141,3.8083849210807435e-06,1,1.3323334488022323e-05,3,0,0,0,3.4344965398931366,3,0.0
2142,3.8083849210807435e-06,1,5.710000494866709e-06,1,0,0,0,1.4865476692249984,2,0.0
2143,3.8083849210807435e-06,1,3.8066669965778065e-06,1,0,0,0,0.9995604515579641,2,0.0
2144,3.8083849210807435e-06,1,3.8066669965778065e-06,1,0,0,0,0.9995604515579641,2,0.0
2145,3.8083849210807435e-06,1,3.8066669965778065e-06,1,0,0,0,0.9995604515579641,2,0.0
2146,0.0,0,7.613333993155613e-06,2,0,0,0,77.13333993155614,2,0.0
2147,7.616769842161487e-06,2,0.0,0,0,0,0,0.012958790017766002,2,0.0
2148,3.8083849210807435e-06,1,3.8066669965778065e-06,1,0,0,0,0.9995604515579641,2,0.0
2149,3.8083849210807435e-06,1,5.710000494866709e-06,1,0,0,0,1.4865476692249984,2,0.0
2150,2.094611706594409e-05,2,5.710000494866709e-06,1,0,0,0,0.27606044747647057,2,0.0
2151,0.0,0,7.613333993155613e-06,2,0,0,0,77.13333993155614,2,0.0
2152,3.8083849210807435e-06,1,3.8066669965778065e-06,1,0,0,0,0.9995604515579641,2,0.0
2153,2.475450198702483e-05,5,1.5226667986311226e-05,4,0,0,0,0.616655606067361,8,0.0
2154,7.616769842161487e-06,2,3.8066669965778065e-06,1,0,0,0,0.5062567727798837,3,0.0
2155,7.616769842161487e-06,2,0.0,0,0,0,0,0.012958790017766002,2,0.0
2156,7.616769842161487e-06,2,0.0,0,0,0,0,0.012958790017766002,2,0.0
2157,7.616769842161487e-06,1,2.0936668481177935e-05,3,0,0,0,2.726097695209413,3,0.0
2158,3.8083849210807435e-06,1,3.8066669965778065e-06,1,0,0,0,0.9995604515579641,2,0.0
2159,0.0,0,9.516667491444516e-06,2,0,0,0,96.16667491444517,2,0.0
2160,1.142515476324223e-05,1,7.613333993155613e-06,2,0,0,0,0.6692607736389057,3,0.0
2161,3.8083849210807435e-06,1,3.8066669965778065e-06,1,0,0,0,0.9995604515579641,2,0.0
2162,7.616769842161487e-06,2,0.0,0,0,0,0,0.012958790017766002,2,0.0
2163,5.712577381621115e-06,1,3.8066669965778065e-06,1,0,0,0,0.672105804376964,2,0.0
2164,3.8083849210807435e-06,1,3.8066669965778065e-06,1,0,0,0,0.9995604515579641,2,0.0
2165,3.8083849210807435e-06,1,5.710000494866709e-06,1,0,0,0,1.4865476692249984,2,0.0
2166,6.283835119783227e-05,12,1.713000148460013e-05,4,0,0,0,0.273759975542441,15,0.0
2167,1.142515476324223e-05,2,1.713000148460013e-05,3,0,0,0,1.494990899345895,5,0.0
2168,3.8083849210807435e-06,1,3.8066669965778065e-06,1,0,0,0,0.9995604515579641,2,0.0
2169,0.0,0,7.613333993155613e-06,2,0,0,0,77.13333993155614,2,0.0
2170,2.285030952648446e-05,2,2.0936668481177935e-05,2,0,0,0,0.9166180724883819,2,0.0
2171,2.475450198702483e-05,5,1.3323334488022323e-05,2,0,0,0,0.5400765823040795,7,0.0
2172,3.6179656750267065e-05,3,2.0936668481177935e-05,4,0,0,0,0.5798475058897319,4,0.0
2173,2.285030952648446e-05,4,5.710000494866709e-06,1,0,0,0,0.2531556486487478,4,0.0
2174,4.189223413188818e-05,4,2.0936668481177935e-05,3,0,0,0,0.5009656884438795,5,0.0
2175,1.5233539684322974e-05,1,3.8066669965778065e-06,1,0,0,0,0.2547792014763549,2,0.0
2176,3.8083849210807435e-06,1,7.613333993155613e-06,2,0,0,0,1.9735348868920333,3,0.0
2177,1.7137732144863347e-05,2,0.0,0,0,0,0,0.0058012271660572755,2,0.0
2178,0.0,0,1.142000098973342e-05,3,0,0,0,115.20000989733421,3,0.0
2179,1.9041924605403718e-05,2,1.1420000989733419e-05,1,0,0,0,0.6018204139452807,2,0.0
2180,3.8083849210807435e-06,1,9.516667491444516e-06,2,0,0,0,2.4605221045590673,3,0.0
2181,7.616769842161487e-06,2,0.0,0,0,0,0,0.012958790017766002,2,0.0
2182,7.616769842161487e-06,2,0.0,0,0,0,0,0.012958790017766002,2,0.0
2183,1.5233539684322974e-05,1,3.426000296920026e-05,4,0,0,0,2.24083960237374,4,0.0
2184,1.142515476324223e-05,2,0.0,0,0,0,0,0.00867667307331396,2,0.0
2185,3.998804167134781e-05,8,9.516667491444516e-05,14,0,0,0,2.37643623740631,20,0.0
2186,1.5233539684322974e-05,1,1.142000098973342e-05,2,0,0,0,0.7512943017007013,2,0.0
2187,7.616769842161487e-06,2,7.613333993155613e-06,2,0,0,0,0.9995547555420015,4,0.0
2188,1.5233539684322974e-05,1,5.519667145037819e-05,2,0,0,0,3.6062561279906924,2,0.0
2189,3.8083849210807435e-06,1,1.5226667986311226e-05,4,0,0,0,3.9214837575601704,5,0.0
2190,3.8083849210807435e-06,1,3.8066669965778065e-06,1,0,0,0,0.9995604515579641,2,0.0
2191,1.142515476324223e-05,3,0.0,0,0,0,0,0.00867667307331396,3,0.0
2192,3.8083849210807435e-06,1,1.1420000989733419e-05,1,0,0,0,2.947509322226102,2,0.0
2193,3.8083849210807435e-06,1,3.8066669965778065e-06,1,0,0,0,0.9995604515579641,2,0.0
2194,1.142515476324223e-05,2,1.5226667986311226e-05,3,0,0,0,1.329844874204497,4,0.0
2195,3.0467079368645948e-05,5,3.8066669965778065e-06,1,0,0,0,0.12780635498283993,6,0.0
2196,7.616769842161487e-06,2,0.0,0,0,0,0,0.012958790017766002,2,0.0
2197,2.285030952648446e-05,2,2.2840001979466837e-05,1,0,0,0,0.9995508754683362,2,0.0
2198,2.475450198702483e-05,5,2.0936668481177935e-05,4,0,0,0,0.8463926773572057,7,0.0
2199,2.475450198702483e-05,3,1.3323334488022323e-05,3,0,0,0,0.5400765823040795,5,0.0
2200,3.8083849210807435e-06,1,3.8066669965778065e-06,1,0,0,0,0.9995604515579641,2,0.0
2201,3.8083849210807435e-06,1,3.8066669965778065e-06,1,0,0,0,0.9995604515579641,2,0.0
2202,2.475450198702483e-05,5,1.142000098973342e-05,3,0,0,0,0.463497558540798,8,0.0
2203,1.5233539684322974e-05,4,0.0,0,0,0,0,0.006521651364181754,4,0.0
2204,7.616769842161487e-06,2,9.516667491444516e-06,2,0,0,0,1.2462037469230602,4,0.0
2205,7.616769842161487e-06,1,3.8066669965778065e-06,1,0,0,0,0.5062567727798837,2,0.0
2206,3.8083849210807435e-06,1,3.8066669965778065e-06,1,0,0,0,0.9995604515579641,2,0.0
2207,7.616769842161487e-06,2,1.5226667986311226e-05,3,0,0,0,1.9861507210662366,5,0.0
2208,1.142515476324223e-05,2,0.0,0,0,0,0,0.00867667307331396,2,0.0
2209,3.8083849210807435e-06,1,3.8066669965778065e-06,1,0,0,0,0.9995604515579641,2,0.0
2210,3.8083849210807435e-06,1,3.8066669965778065e-06,1,0,0,0,0.9995604515579641,2,0.0
2211,3.8083849210807435e-06,1,3.8066669965778065e-06,1,0,0,0,0.9995604515579641,2,0.0
2212,7.616769842161487e-06,2,0.0,0,0,0,0,0.012958790017766002,2,0.0
2213,5.712577381621115e-06,1,2.0936668481177935e-05,5,0,0,0,3.6191635999021923,6,0.0
2214,9.520962302701859e-06,2,0.0,0,0,0,0,0.01039397067088777,2,0.0
2215,3.8083849210807435e-06,1,3.8066669965778065e-06,1,0,0,0,0.9995604515579641,2,0.0
2216,5.712577381621115e-06,1,1.142000098973342e-05,3,3,1,3,1.9819092690548437,3,1.0
2217,1.5233539684322974e-05,1,1.713000148460013e-05,3,0,0,0,1.1236806268689608,3,0.0
2218,1.9041924605403718e-05,2,0.0,0,0,0,0,0.005224135088891232,2,0.0
2219,3.8083849210807435e-06,1,5.710000494866709e-06,1,0,0,0,1.4865476692249984,2,0.0
2220,3.8083849210807435e-06,1,9.516667491444516e-06,2,0,0,0,2.4605221045590673,3,0.0
2221,0.0,0,7.613333993155613e-06,2,0,0,0,77.13333993155614,2,0.0
2222,1.3329347223782603e-05,2,0.0,0,0,0,0,0.007446378318590626,2,0.0
2223,3.8083849210807435e-06,1,3.8066669965778065e-06,1,0,0,0,0.9995604515579641,2,0.0
2224,9.520962302701859e-06,2,0.0,0,0,0,0,0.01039397067088777,2,0.0
2225,1.9041924605403718e-05,2,1.3323334488022323e-05,2,0,0,0,0.7012531270880124,2,0.0
2226,3.8083849210807435e-06,1,3.8066669965778065e-06,1,0,0,0,0.9995604515579641,2,0.0
2227,0.0,0,7.613333993155613e-06,2,0,0,0,77.13333993155614,2,0.0
2228,3.8083849210807435e-06,1,9.516667491444516e-06,2,0,0,0,2.4605221045590673,2,0.0
2229,7.616769842161487e-06,2,0.0,0,0,0,0,0.012958790017766002,2,0.0
2230,3.8083849210807435e-06,1,3.8066669965778065e-06,1,0,0,0,0.9995604515579641,2,0.0
2231,9.520962302701859e-06,2,0.0,0,0,0,0,0.01039397067088777,2,0.0
2232,3.8083849210807435e-06,1,7.613333993155613e-06,2,0,0,0,1.9735348868920333,3,0.0
2233,2.285030952648446e-05,2,5.710000494866709e-06,1,0,0,0,0.2531556486487478,2,0.0
2234,2.475450198702483e-05,5,1.142000098973342e-05,3,0,0,0,0.463497558540798,8,0.0
2235,9.520962302701859e-06,2,7.613333993155613e-06,2,0,0,0,0.801721672996211,3,0.0
2236,0.0,0,3.235666947091135e-05,6,0,0,0,324.56669470911356,6,0.0
2237,2.6658694447565202e-05,2,2.8550002474333546e-05,1,0,0,0,1.0706801309187353,2,0.0
2238,3.8083849210807435e-06,1,3.0453335972622452e-05,1,0,0,0,7.817381498896446,2,0.0
2239,3.8083849210807435e-06,1,1.9033334982889032e-05,1,0,0,0,4.895458192894239,2,0.0
2240,7.616769842161487e-06,2,1.3323334488022323e-05,2,0,0,0,1.739501729685178,3,0.0
2241,3.8083849210807435e-06,1,3.8066669965778065e-06,1,0,0,0,0.9995604515579641,2,0.0
2242,1.5233539684322974e-05,1,1.9033334982889032e-05,4,0,0,0,1.2478094019250474,4,0.0
2243,3.8083849210807435e-06,1,3.8066669965778065e-06,1,2,1,1,0.9995604515579641,2,0.5
2244,1.9041924605403718e-05,2,1.5226667986311226e-05,1,1,1,1,0.8006858402307439,2,0.5
2245,2.6658694447565202e-05,2,3.6163336467489164e-05,2,0,0,0,1.3551982716701187,2,0.0
2246,2.6658694447565202e-05,5,7.613333993155613e-06,1,0,0,0,0.28825524385243156,5,0.0
2247,1.5233539684322974e-05,1,7.613333993155613e-06,2,0,0,0,0.5030367515885281,2,0.0
2248,5.712577381621115e-06,1,3.8066669965778065e-06,1,0,0,0,0.672105804376964,2,0.0
2249,1.5233539684322974e-05,1,5.710000494866709e-06,1,0,0,0,0.37890797653244146,2,0.0
2250,2.285030952648446e-05,2,1.5226667986311226e-05,1,0,0,0,0.6678196635485192,2,0.0
2251,3.8083849210807435e-06,1,3.8066669965778065e-06,1,0,0,0,0.9995604515579641,2,0.0
2252,0.0,0,1.5226667986311226e-05,3,2,0,2,153.26667986311224,3,0.6666666666666666
2253,1.5233539684322974e-05,1,9.516667491444516e-06,2,0,0,0,0.6271655266446147,2,0.0
2254,3.8083849210807435e-06,1,3.8066669965778065e-06,1,0,0,0,0.9995604515579641,2,0.0
2255,3.8083849210807435e-06,1,1.5226667986311226e-05,3,0,0,0,3.9214837575601704,4,0.0
2256,1.5233539684322974e-05,3,1.3323334488022323e-05,3,4,2,2,0.8754230767567879,6,0.3333333333333333
2257,2.285030952648446e-05,2,1.1420000989733419e-05,1,0,0,0,0.5019540575886107,2,0.0
2258,3.8083849210807435e-06,1,3.8066669965778065e-06,1,0,0,0,0.9995604515579641,2,0.0
2259,1.9041924605403718e-05,2,1.3323334488022323e-05,2,0,0,0,0.7012531270880124,3,0.0
2260,7.616769842161487e-06,1,5.710000494866709e-06,1,0,0,0,0.7529057641609425,2,0.0
2261,2.8562886908105577e-05,4,6.0906671945244904e-05,5,0,0,0,2.1284203555920542,8,0.0
2262,3.8083849210807435e-06,1,1.3323334488022323e-05,2,0,0,0,3.4344965398931366,3,0.0
2263,1.9041924605403718e-05,2,5.710000494866709e-06,1,0,0,0,0.30352227451708597,2,0.0
2264,6.283835119783227e-05,13,0.0008717267422163177,13,5,1,5,13.852074698873666,20,0.25
2265,1.142515476324223e-05,2,2.2840001979466837e-05,4,0,0,0,1.9904289747700885,5,0.0
2266,3.8083849210807435e-06,1,3.8066669965778065e-06,1,0,0,0,0.9995604515579641,2,0.0
2267,1.142515476324223e-05,2,0.0,0,0,0,0,0.00867667307331396,2,0.0
2268,9.520962302701859e-06,2,3.8066669965778065e-06,1,0,0,0,0.4060578218335493,3,0.0
2269,3.4275464289726694e-05,7,3.426000296920026e-05,8,0,0,0,0.9995502222051135,14,0.0
2270,9.520962302701859e-06,2,0.0,0,0,0,0,0.01039397067088777,2,0.0
2271,0.0,0,7.613333993155613e-06,2,0,0,0,77.13333993155614,2,0.0
2272,0.00038274268456861473,71,0.0005043833770465594,92,0,0,0,1.317730225444973,140,0.0
2273,1.142515476324223e-05,2,0.0,0,0,0,0,0.00867667307331396,2,0.0
2274,3.4275464289726694e-05,5,7.613333993155613e-06,2,0,0,0,0.22438486730376433,7,0.0
2275,3.8083849210807435e-06,1,3.8066669965778065e-06,1,0,0,0,0.9995604515579641,2,0.0
2276,0.00011615574009296268,19,0.0001161033433956231,22,0,0,0,0.9995492979761887,36,0.0
2277,1.5233539684322974e-05,1,3.8066669965778065e-06,1,0,0,0,0.2547792014763549,2,0.0
2278,3.237127182918632e-05,6,5.139000445380039e-05,6,0,0,0,1.5857095073042182,12,0.0
2279,5.712577381621115e-06,1,3.8066669965778065e-06,1,0,0,0,0.672105804376964,2,0.0
2280,3.8083849210807435e-06,1,3.8066669965778065e-06,1,0,0,0,0.9995604515579641,2,0.0
2281,1.5233539684322974e-05,1,1.142000098973342e-05,2,0,0,0,0.7512943017007013,2,0.0
2282,1.9041924605403718e-05,2,2.2840001979466837e-05,1,0,0,0,1.1984166928016702,2,0.0
2283,3.8083849210807435e-06,1,9.516667491444516e-06,1,0,0,0,2.4605221045590673,2,0.0
2284,3.8083849210807435e-06,1,3.8066669965778065e-06,1,1,1,0,0.9995604515579641,2,0.0
2285,0.0,0,7.613333993155613e-06,2,0,0,0,77.13333993155614,2,0.0
2286,1.5233539684322974e-05,1,1.1420000989733419e-05,2,0,0,0,0.7512943017007012,2,0.0
2287,3.237127182918632e-05,5,9.516667491444516e-06,1,0,0,0,0.29615924938304133,5,0.0
2288,0.0,0,9.516667491444516e-06,2,0,0,0,96.16667491444517,2,0.0
2289,2.475450198702483e-05,2,1.713000148460013e-05,2,0,0,0,0.6932346298306425,2,0.0
2290,1.5233539684322974e-05,2,9.516667491444516e-06,1,0,0,0,0.6271655266446147,2,0.0
2291,3.8083849210807435e-06,1,3.8066669965778065e-06,1,0,0,0,0.9995604515579641,2,0.0
2292,3.8083849210807435e-06,1,7.613333993155613e-06,1,0,0,0,1.9735348868920333,2,0.0
2293,3.8083849210807435e-06,1,5.710000494866709e-06,1,0,0,0,1.4865476692249984,2,0.0
2294,1.5233539684322974e-05,1,9.516667491444516e-06,2,0,0,0,0.6271655266446147,2,0.0
2295,1.3329347223782603e-05,2,9.516667491444516e-06,2,0,0,0,0.7160934430538776,3,0.0
2296,1.5233539684322974e-05,1,2.2840001979466837e-05,2,0,0,0,1.4960669520372205,2,0.0
2297,1.5233539684322974e-05,1,3.8066669965778065e-06,1,0,0,0,0.2547792014763549,2,0.0
2298,3.8083849210807435e-06,1,3.8066669965778065e-06,1,0,0,0,0.9995604515579641,2,0.0
2299,2.094611706594409e-05,4,1.9033334982889032e-05,2,0,0,0,0.909114727573656,6,0.0
2300,1.9041924605403718e-05,4,3.6163336467489164e-05,3,0,0,0,1.8944456848007916,7,0.0
2301,2.094611706594409e-05,3,1.713000148460013e-05,2,0,0,0,0.8186784018454866,4,0.0
2302,1.5233539684322974e-05,3,3.8066669965778065e-06,1,0,0,0,0.2547792014763549,4,0.0
2303,1.5233539684322974e-05,1,5.710000494866709e-06,1,0,0,0,0.37890797653244146,2,0.0
2304,2.475450198702483e-05,4,3.8066669965778065e-06,1,1,1,0,0.15718146348767167,5,0.0
2305,1.9041924605403718e-05,2,1.3323334488022322e-05,1,0,0,0,0.7012531270880124,2,0.0
2306,1.3329347223782603e-05,2,0.0,0,0,0,0,0.007446378318590626,2,0.0
2307,3.8083849210807435e-06,1,3.8066669965778065e-06,1,0,0,0,0.9995604515579641,2,0.0
2308,1.5233539684322974e-05,1,7.613333993155613e-06,2,0,0,0,0.5030367515885281,2,0.0
2309,9.520962302701859e-06,2,3.8066669965778065e-06,1,0,0,0,0.4060578218335493,3,0.0
2310,1.5233539684322974e-05,4,3.8066669965778065e-06,1,0,0,0,0.2547792014763549,5,0.0
2311,2.094611706594409e-05,2,2.8550002474333546e-05,4,0,0,0,1.3612963562145026,5,0.0
2312,1.5233539684322974e-05,4,1.9033334982889032e-05,5,3,1,2,1.2478094019250474,9,0.2222222222222222
2313,1.9041924605403718e-05,2,1.9033334982889032e-05,3,0,0,0,0.999551266516207,4,0.0
2314,0.0,0,7.613333993155613e-06,2,0,0,0,77.13333993155614,2,0.0
2315,1.9041924605403718e-05,2,5.710000494866709e-06,1,0,0,0,0.30352227451708597,2,0.0
2316,3.8083849210807436e-05,4,3.6163336467489164e-05,3,0,0,0,0.9497035321736318,5,0.0
2317,0.0,0,7.613333993155613e-06,2,0,0,0,77.13333993155614,2,0.0
2318,3.8083849210807435e-06,1,3.8066669965778065e-06,1,0,0,0,0.9995604515579641,2,0.0
2319,0.0,0,7.613333993155613e-06,2,0,0,0,77.13333993155614,2,0.0
2320,3.8083849210807435e-06,1,3.8066669965778065e-06,1,0,0,0,0.9995604515579641,2,0.0
2321,2.094611706594409e-05,4,7.613333993155613e-06,2,0,0,0,0.36649677320463997,5,0.0
2322,3.8083849210807435e-06,1,4.5680003958933675e-05,1,0,0,0,11.71327924023272,2,0.0
2323,3.8083849210807435e-06,1,7.613333993155613e-06,2,0,0,0,1.9735348868920333,2,0.0
2324,1.5233539684322974e-05,2,1.1420000989733419e-05,1,0,0,0,0.7512943017007012,2,0.0
2325,2.8562886908105577e-05,3,5.710000494866709e-06,1,0,0,0,0.20270116242979347,3,0.0
2326,3.8083849210807435e-06,1,1.3323334488022323e-05,2,0,0,0,3.4344965398931366,3,0.0
2327,3.8083849210807435e-06,1,3.8066669965778065e-06,1,0,0,0,0.9995604515579641,2,0.0
2328,2.285030952648446e-05,2,3.0453335972622452e-05,2,0,0,0,1.3312820873881535,2,0.0
2329,3.8083849210807435e-06,1,3.8066669965778065e-06,1,0,0,0,0.9995604515579641,2,0.0
2330,2.285030952648446e-05,2,1.1420000989733419e-05,1,0,0,0,0.5019540575886107,2,0.0
2331,3.8083849210807435e-06,1,3.235666947091136e-05,3,1,0,1,8.304368716563483,4,0.25
2332,1.5233539684322974e-05,1,1.5226667986311226e-05,2,0,0,0,0.9995518518128743,2,0.0
2333,9.520962302701859e-06,2,0.0,0,0,0,0,0.01039397067088777,2,0.0
2334,2.475450198702483e-05,3,1.5226667986311226e-05,2,0,0,0,0.616655606067361,4,0.0
2335,1.9041924605403718e-05,2,0.0,0,0,0,0,0.005224135088891232,2,0.0
2336,3.8083849210807435e-06,1,7.613333993155613e-06,2,0,0,0,1.9735348868920333,3,0.0
2337,3.8083849210807435e-06,1,3.8066669965778065e-06,1,0,0,0,0.9995604515579641,2,0.0
2338,1.5233539684322974e-05,3,2.474333547775574e-05,6,0,0,0,1.620195727093307,9,0.0
2339,3.8083849210807435e-06,1,3.8066669965778065e-06,1,1,0,1,0.9995604515579641,2,0.5
2340,3.8083849210807435e-06,1,7.613333993155613e-06,2,0,0,0,1.9735348868920333,2,0.0
2341,4.570061905296892e-05,6,6.47133389418227e-05,8,2,1,2,1.4151192774679608,10,0.2
2342,7.616769842161487e-06,2,3.8066669965778065e-06,1,0,0,0,0.5062567727798837,3,0.0
2343,3.237127182918632e-05,4,0.0,0,0,0,0,0.00307964531004654,4,0.0
2344,3.8083849210807435e-06,1,1.5226667986311226e-05,2,0,0,0,3.9214837575601704,3,0.0
2345,3.8083849210807435e-06,1,9.516667491444516e-06,2,0,0,0,2.4605221045590673,3,0.0
2346,3.8083849210807435e-06,1,7.613333993155613e-06,1,0,0,0,1.9735348868920333,2,0.0
2347,2.285030952648446e-05,3,1.9033334982889032e-05,2,0,0,0,0.8336852695084277,3,0.0
2348,9.520962302701859e-06,2,3.8066669965778065e-06,1,0,0,0,0.4060578218335493,2,0.0
2349,3.4275464289726694e-05,6,1.142000098973342e-05,3,0,0,0,0.3351227751468142,7,0.0
2350,1.5233539684322974e-05,2,0.0,0,0,0,0,0.006521651364181754,2,0.0
2351,0.0,0,7.613333993155613e-06,2,0,0,0,77.13333993155614,2,0.0
2352,1.5233539684322974e-05,1,1.713000148460013e-05,3,0,0,0,1.1236806268689608,3,0.0
2353,3.8083849210807435e-06,1,3.8066669965778065e-06,1,0,0,0,0.9995604515579641,2,0.0
2354,2.8562886908105577e-05,4,3.8066669965778065e-06,1,0,0,0,0.13629705232075,5,0.0
2355,5.712577381621115e-06,1,9.516667491444516e-06,2,0,0,0,1.6544584028853737,3,0.0
2356,0.0,0,7.613333993155613e-06,2,0,0,0,77.13333993155614,2,0.0
2357,7.616769842161487e-06,1,1.3323334488022323e-05,3,0,0,0,1.739501729685178,4,0.0
2358,3.8083849210807435e-06,1,4.3776670460644776e-05,7,2,0,2,11.226292022565687,8,0.25
2359,0.0,0,7.613333993155613e-06,2,0,0,0,77.13333993155614,2,0.0
2360,1.9041924605403718e-05,2,1.1420000989733419e-05,1,0,0,0,0.6018204139452807,2,0.0
2361,1.5233539684322974e-05,1,9.516667491444516e-06,2,0,0,0,0.6271655266446147,2,0.0
2362,3.8083849210807435e-06,1,3.8066669965778065e-06,1,0,0,0,0.9995604515579641,2,0.0
2363,1.5233539684322974e-05,1,1.3323334488022323e-05,2,0,0,0,0.8754230767567879,2,0.0
2364,3.8083849210807435e-06,1,7.613333993155613e-06,2,0,0,0,1.9735348868920333,3,0.0
2365,8.949704564539747e-05,16,9.136000791786735e-05,13,0,0,0,1.0207926752389025,26,0.0
2366,3.8083849210807436e-05,5,2.474333547775574e-05,4,0,0,0,0.6506241772692775,8,0.0
2367,5.712577381621115e-06,1,3.8066669965778065e-06,1,0,0,0,0.672105804376964,2,0.0
2368,2.475450198702483e-05,2,2.8550002474333546e-05,2,0,0,0,1.1527087724103318,2,0.0
2369,7.616769842161487e-06,2,1.142000098973342e-05,3,1,1,1,1.4928527383041192,4,0.25
2370,4.189223413188818e-05,7,4.948667095551148e-05,6,0,0,0,1.1808533644523624,10,0.0
2371,7.616769842161487e-06,2,0.0,0,0,0,0,0.012958790017766002,2,0.0
2372,1.5233539684322974e-05,2,3.8066669965778065e-06,1,0,0,0,0.2547792014763549,2,0.0
2373,0.0,0,7.613333993155613e-06,2,0,0,0,77.13333993155614,2,0.0
2374,2.8562886908105577e-05,2,1.713000148460013e-05,3,0,0,0,0.6011258230840543,4,0.0
2375,3.0467079368645948e-05,4,0.0,0,0,0,0,0.0032714934519578135,4,0.0
2376,3.8083849210807435e-06,1,7.613333993155613e-06,2,0,0,0,1.9735348868920333,3,0.0
2377,3.6179656750267065e-05,5,9.897334191102296e-05,16,2,0,2,2.7308235740210978,19,0.10526315789473684
2378,0.0002494492123307887,37,0.0002702733567570243,42,0,0,0,1.0834470453011578,69,0.0
2379,1.9041924605403718e-05,2,5.710000494866709e-06,1,0,0,0,0.30352227451708597,2,0.0
2380,1.5233539684322974e-05,1,1.1420000989733419e-05,2,0,0,0,0.7512943017007012,2,0.0
2381,9.520962302701859e-06,2,0.0,0,0,0,0,0.01039397067088777,2,0.0
2382,3.8083849210807435e-06,1,3.8066669965778065e-06,1,0,0,0,0.9995604515579641,2,0.0
2383,3.8083849210807435e-06,1,3.8066669965778065e-06,1,0,0,0,0.9995604515579641,2,0.0
2384,1.5233539684322974e-05,1,5.710000494866709e-06,1,0,0,0,0.37890797653244146,2,0.0
2385,1.9041924605403718e-05,2,0.0,0,0,0,0,0.005224135088891232,2,0.0
2386,3.8083849210807435e-06,1,3.8066669965778065e-06,1,0,0,0,0.9995604515579641,2,0.0
2387,7.616769842161487e-05,13,5.71000049486671e-05,13,0,0,0,0.7499899188311702,22,0.0
2388,1.9041924605403718e-05,2,1.5226667986311226e-05,2,0,0,0,0.8006858402307439,3,0.0
2389,5.7125773816211154e-05,7,6.0906671945244904e-05,5,1,1,0,1.0660698471492347,9,0.0
2390,1.5233539684322974e-05,2,0.0,0,0,0,0,0.006521651364181754,2,0.0
2391,2.8562886908105577e-05,3,2.284000197946684e-05,3,0,0,0,0.8003381534111847,4,0.0
2392,1.9041924605403718e-05,2,2.0936668481177935e-05,3,0,0,0,1.0989839796589385,4,0.0
2393,0.0,0,3.0453335972622452e-05,2,0,0,0,305.53335972622455,2,0.0
2394,0.0,0,9.516667491444516e-06,2,0,0,0,96.16667491444517,2,0.0
2395,1.5233539684322974e-05,1,3.8066669965778065e-06,1,0,0,0,0.2547792014763549,2,0.0
2396,3.8083849210807435e-06,1,1.5226667986311226e-05,2,0,0,0,3.9214837575601704,3,0.0
2397,3.0467079368645945e-05,2,2.474333547775574e-05,3,1,1,1,0.8127480934026915,3,0.3333333333333333
2398,1.5233539684322974e-05,3,0.0,0,0,0,0,0.006521651364181754,3,0.0
2399,0.0,0,7.613333993155613e-06,2,0,0,0,77.13333993155614,2,0.0
2400,7.616769842161487e-06,2,0.0,0,0,0,0,0.012958790017766002,2,0.0
2401,2.8562886908105577e-05,3,7.613333993155613e-06,1,0,0,0,0.269105272538837,3,0.0
2402,3.8083849210807435e-06,1,7.613333993155613e-06,2,0,0,0,1.9735348868920333,3,0.0
2403,2.475450198702483e-05,2,9.516667491444516e-06,2,0,0,0,0.38691853477751637,2,0.0
2404,1.5233539684322974e-05,1,3.8066669965778064e-05,4,0,0,0,2.4890971524859133,4,0.0
2405,4.760481151350929e-05,11,6.47133389418227e-05,13,0,0,0,1.3586331626835697,21,0.0
2406,2.285030952648446e-05,5,9.516667491444516e-06,2,0,0,0,0.41902125460865636,6,0.0
2407,1.5233539684322974e-05,1,2.8550002474333546e-05,2,0,0,0,1.86845327720548,2,0.0
2408,2.094611706594409e-05,2,1.5226667986311226e-05,2,0,0,0,0.7282420761173173,2,0.0
2409,3.8083849210807435e-06,1,1.142000098973342e-05,2,0,0,0,2.9475093222261024,2,0.0
2410,2.285030952648446e-05,3,2.474333547775574e-05,4,0,0,0,1.0824836784482903,5,0.0
2411,1.142515476324223e-05,3,9.516667491444516e-06,2,0,0,0,0.8344067987803035,5,0.0
2412,1.142515476324223e-05,2,0.0,0,0,0,0,0.00867667307331396,2,0.0
2413,3.8083849210807435e-06,1,1.713000148460013e-05,1,0,0,0,4.408470975227205,2,0.0
2414,3.8083849210807435e-06,1,3.8066669965778065e-06,1,0,0,0,0.9995604515579641,2,0.0
2415,1.5233539684322974e-05,1,2.6646668976044647e-05,5,0,0,0,1.7443245021493938,6,0.0
2416,1.142515476324223e-05,2,7.613333993155613e-06,2,0,0,0,0.6692607736389057,4,0.0
2417,4.570061905296892e-05,9,9.516667491444516e-06,2,0,0,0,0.20996806790586683,11,0.0
2418,1.5233539684322974e-05,1,2.2840001979466837e-05,2,0,0,0,1.4960669520372205,2,0.0
2419,2.285030952648446e-05,2,5.710000494866709e-06,1,0,0,0,0.2531556486487478,2,0.0
2420,1.5233539684322974e-05,1,1.142000098973342e-05,2,0,0,0,0.7512943017007013,2,0.0
2421,0.0001009222004086397,18,0.00010849000940246748,11,0,0,0,1.0749123357362602,26,0.0
2422,1.5233539684322974e-05,1,3.8066669965778065e-06,1,0,0,0,0.2547792014763549,2,0.0
2423,1.5233539684322974e-05,4,7.613333993155613e-06,1,0,0,0,0.5030367515885281,4,0.0
2424,2.094611706594409e-05,2,3.8066669965778065e-06,1,0,0,0,0.18562412174830126,2,0.0
2425,3.4275464289726694e-05,4,1.1420000989733419e-05,1,0,0,0,0.33512277514681416,4,0.0
2426,3.8083849210807435e-06,1,3.8066669965778065e-06,1,0,0,0,0.9995604515579641,2,0.0
2427,2.285030952648446e-05,4,3.806666996577807e-05,2,0,0,0,1.6630132993079707,4,0.0
2428,1.9041924605403718e-05,2,1.713000148460013e-05,1,0,0,0,0.9001185533734755,2,0.0
2429,1.5233539684322974e-05,1,1.3323334488022323e-05,2,1,1,1,0.8754230767567879,2,0.5
2430,2.6658694447565202e-05,2,3.235666947091135e-05,2,0,0,0,1.2129392012944271,2,0.0
2431,3.8083849210807435e-06,1,3.8066669965778065e-06,1,0,0,0,0.9995604515579641,2,0.0
2432,2.8562886908105577e-05,2,0.0,0,0,0,0,0.0034888321026630784,2,0.0
2433,5.902996627675152e-05,5,4.948667095551148e-05,4,0,0,0,0.8386047562318291,6,0.0
2434,8.378446826377636e-05,8,6.661667244011161e-05,8,0,0,0,0.7953399934576652,9,0.0
2435,2.475450198702483e-05,2,2.4743335477755744e-05,2,0,0,0,0.9995507248837688,3,0.0
2436,1.5233539684322974e-05,1,1.142000098973342e-05,2,0,0,0,0.7512943017007013,3,0.0
2437,2.094611706594409e-05,2,7.613333993155613e-06,2,0,0,0,0.36649677320463997,2,0.0
2438,2.6658694447565206e-05,3,0.0,0,0,0,0,0.0037371031010483054,3,0.0
2439,3.6179656750267065e-05,4,5.139000445380039e-05,3,0,0,0,1.4192528007702652,5,0.0
2440,1.5233539684322974e-05,1,5.710000494866709e-06,1,0,0,0,0.37890797653244146,2,0.0
2441,2.285030952648446e-05,5,1.9033334982889032e-05,4,2,1,2,0.8336852695084277,8,0.25
2442,7.616769842161487e-06,2,1.3323334488022323e-05,3,0,0,0,1.739501729685178,4,0.0
2443,7.616769842161487e-06,2,5.710000494866709e-06,1,0,0,0,0.7529057641609425,3,0.0
2444,3.8083849210807435e-06,1,3.8066669965778065e-06,1,0,0,0,0.9995604515579641,2,0.0
2445,1.9041924605403718e-05,3,1.3323334488022323e-05,3,1,0,1,0.7012531270880124,6,0.16666666666666666
2446,9.520962302701859e-06,2,3.8066669965778065e-06,1,0,0,0,0.4060578218335493,3,0.0
2447,1.9041924605403718e-05,4,1.142000098973342e-05,3,2,0,2,0.6018204139452809,7,0.2857142857142857
2448,1.7137732144863347e-05,2,3.8066669965778065e-06,1,0,0,0,0.22663462709286558,2,0.0
2449,1.142515476324223e-05,3,0.0,0,0,0,0,0.00867667307331396,3,0.0
2450,7.616769842161487e-06,2,3.8066669965778065e-06,1,0,0,0,0.5062567727798837,3,0.0
2451,9.520962302701859e-06,2,5.710000494866709e-06,1,0,0,0,0.6038897474148801,2,0.0
2452,1.7137732144863347e-05,2,3.8066669965778064e-05,1,0,0,0,2.2141352264341405,2,0.0
2453,3.8083849210807435e-06,1,7.613333993155613e-06,1,0,0,0,1.9735348868920333,2,0.0
2454,1.5233539684322974e-05,3,9.516667491444516e-06,2,2,2,0,0.6271655266446147,5,0.0
2455,7.616769842161487e-06,2,3.8066669965778065e-06,1,0,0,0,0.5062567727798837,3,0.0
2456,3.0467079368645945e-05,2,4.187333696235587e-05,2,0,0,0,1.373154970291661,2,0.0
2457,7.616769842161487e-06,2,0.0,0,0,0,0,0.012958790017766002,2,0.0
2458,2.094611706594409e-05,2,1.5226667986311226e-05,1,0,0,0,0.7282420761173173,2,0.0
2459,1.3329347223782603e-05,2,0.0,0,0,0,0,0.007446378318590626,2,0.0
2460,1.7137732144863347e-05,2,0.0,0,0,0,0,0.0058012271660572755,2,0.0
2461,2.475450198702483e-05,2,0.0,0,0,0,0,0.0040234159611085545,2,0.0
2462,1.3329347223782603e-05,1,3.8066669965778065e-06,1,0,0,0,0.2909052042127054,2,0.0
2463,1.142515476324223e-05,2,3.8066669965778065e-06,1,0,0,0,0.3389687233561098,2,0.0
2464,9.520962302701859e-06,2,1.713000148460013e-05,2,0,0,0,1.7908813009028648,2,0.0
2465,2.094611706594409e-05,2,5.710000494866709e-06,1,0,0,0,0.27606044747647057,2,0.0
2466,1.9041924605403718e-05,2,0.0,0,0,0,0,0.005224135088891232,2,0.0
2467,7.616769842161487e-06,2,3.8066669965778065e-06,1,0,0,0,0.5062567727798837,3,0.0
2468,1.7137732144863347e-05,2,7.613333993155613e-06,1,0,0,0,0.447468027019674,2,0.0
2469,3.8083849210807435e-06,1,3.8066669965778065e-06,1,0,0,0,0.9995604515579641,2,0.0
2470,3.8083849210807435e-06,1,1.142000098973342e-05,3,0,0,0,2.9475093222261024,3,0.0
2471,3.8083849210807435e-06,1,7.613333993155613e-06,2,0,0,0,1.9735348868920333,3,0.0
2472,1.142515476324223e-05,3,0.0,0,0,0,0,0.00867667307331396,3,0.0
2473,1.142515476324223e-05,3,5.710000494866709e-06,1,0,0,0,0.5041147484975076,4,0.0
2474,7.616769842161487e-06,2,0.0,0,0,0,0,0.012958790017766002,2,0.0
2475,3.8083849210807435e-06,1,9.516667491444516e-06,2,0,0,0,2.4605221045590673,3,0.0
2476,5.1413196434590034e-05,9,1.9033334982889032e-05,5,0,0,0,0.3714258929201566,13,0.0
2477,1.142515476324223e-05,2,1.5226667986311226e-05,2,0,0,0,1.329844874204497,2,0.0
2478,2.4754501987024835e-05,4,2.0936668481177935e-05,3,0,0,0,0.8463926773572056,5,0.0
2479,3.8083849210807435e-06,1,1.142000098973342e-05,2,0,0,0,2.9475093222261024,2,0.0
2480,3.8083849210807435e-06,1,9.516667491444516e-06,2,0,0,0,2.4605221045590673,2,0.0
2481,1.7137732144863347e-05,2,5.710000494866709e-06,1,1,1,1,0.3370513270562697,2,0.5
2482,7.616769842161487e-06,2,0.0,0,0,0,0,0.012958790017766002,2,0.0
2483,1.5233539684322974e-05,2,1.1420000989733419e-05,2,0,0,0,0.7512943017007012,4,0.0
2484,0.0,0,1.9033334982889032e-05,2,0,0,0,191.3333498288903,2,0.0
2485,2.285030952648446e-05,5,1.5226667986311226e-05,4,5,3,3,0.6678196635485192,8,0.375
2486,1.3329347223782603e-05,3,1.713000148460013e-05,3,0,0,0,1.283011094842107,4,0.0
2487,1.3329347223782603e-05,3,9.516667491444516e-06,2,0,0,0,0.7160934430538776,5,0.0
2488,1.7137732144863347e-05,2,0.0,0,0,0,0,0.0058012271660572755,2,0.0
2489,3.8083849210807435e-06,1,3.8066669965778065e-06,1,0,0,0,0.9995604515579641,2,0.0
2490,1.3329347223782601e-05,3,3.8066669965778065e-06,1,0,0,0,0.29090520421270544,4,0.0
2491,0.0,0,1.1420000989733419e-05,2,0,0,0,115.2000098973342,2,0.0
2492,3.8083849210807435e-06,1,7.613333993155613e-06,2,0,0,0,1.9735348868920333,3,0.0
2493,7.616769842161487e-06,2,5.710000494866709e-06,1,0,0,0,0.7529057641609425,3,0.0
2494,3.8083849210807435e-06,1,5.710000494866709e-06,1,0,0,0,1.4865476692249984,2,0.0
2495,7.616769842161487e-06,1,3.8066669965778065e-06,1,0,0,0,0.5062567727798837,2,0.0
2496,0.0,0,7.613333993155613e-06,2,0,0,0,77.13333993155614,2,0.0
2497,1.3329347223782603e-05,2,3.8066669965778065e-06,1,0,0,0,0.2909052042127054,2,0.0
2498,7.616769842161487e-06,2,3.8066669965778065e-06,1,0,0,0,0.5062567727798837,3,0.0
2499,3.8083849210807435e-06,1,3.8066669965778065e-06,1,0,0,0,0.9995604515579641,2,0.0
2500,2.8562886908105577e-05,3,5.710000494866709e-06,1,0,0,0,0.20270116242979347,3,0.0
2501,1.7137732144863347e-05,2,0.0,0,0,0,0,0.0058012271660572755,2,0.0
2502,1.3329347223782603e-05,1,1.3323334488022323e-05,2,0,0,0,0.9995522689479924,2,0.0
2503,1.7137732144863347e-05,3,3.8066669965778065e-06,1,0,0,0,0.22663462709286558,3,0.0
2504,3.8083849210807435e-06,1,3.426000296920026e-05,2,0,0,0,8.791355934230515,2,0.0
2505,9.520962302701859e-06,2,0.0,0,0,0,0,0.01039397067088777,2,0.0
2506,3.8083849210807435e-06,1,1.3323334488022323e-05,2,0,0,0,3.4344965398931366,3,0.0
2507,3.8083849210807435e-06,1,1.142000098973342e-05,3,0,0,0,2.9475093222261024,4,0.0
2508,3.8083849210807435e-06,1,3.8066669965778065e-06,1,0,0,0,0.9995604515579641,2,0.0
2509,1.142515476324223e-05,2,2.8550002474333546e-05,5,0,0,0,2.4858670501942823,6,0.0
2510,9.520962302701859e-06,2,0.0,0,0,0,0,0.01039397067088777,2,0.0
2511,7.616769842161487e-06,2,0.0,0,0,0,0,0.012958790017766002,2,0.0
2512,1.9041924605403718e-05,2,9.516667491444516e-06,1,0,0,0,0.5023877008025491,2,0.0
2513,3.8083849210807435e-06,1,7.613333993155613e-06,1,0,0,0,1.9735348868920333,2,0.0
2514,9.520962302701859e-06,2,3.8066669965778065e-06,1,0,0,0,0.4060578218335493,3,0.0
2515,3.8083849210807435e-06,1,5.710000494866709e-06,1,0,0,0,1.4865476692249984,2,0.0
2516,3.8083849210807435e-06,1,3.8066669965778065e-06,1,0,0,0,0.9995604515579641,2,0.0
2517,1.3329347223782601e-05,3,0.0,0,0,0,0,0.007446378318590627,3,0.0
2518,3.8083849210807435e-06,1,2.0936668481177935e-05,3,0,0,0,5.382445410561274,4,0.0
2519,0.0,0,2.0936668481177935e-05,2,0,0,0,210.36668481177935,2,0.0
2520,7.616769842161487e-06,2,3.8066669965778065e-06,1,0,0,0,0.5062567727798837,3,0.0
2521,1.142515476324223e-05,3,2.2840001979466837e-05,4,0,0,0,1.9904289747700885,6,0.0
2522,3.8083849210807436e-05,7,2.6646668976044643e-05,5,0,0,0,0.7004707364200031,12,0.0
2523,2.475450198702483e-05,2,0.0,0,0,0,0,0.0040234159611085545,2,0.0
2524,1.9041924605403718e-05,2,2.474333547775574e-05,1,0,0,0,1.2978494059444017,2,0.0
2525,1.7137732144863347e-05,2,3.8066669965778065e-06,1,0,0,0,0.22663462709286558,2,0.0
2526,1.7137732144863347e-05,2,9.516667491444516e-06,1,0,0,0,0.5578847269830781,2,0.0
2527,1.9041924605403718e-05,2,3.8066669965778065e-06,1,0,0,0,0.20408956137435438,2,0.0
2528,3.8083849210807435e-06,1,9.516667491444516e-06,2,0,0,0,2.4605221045590673,3,0.0
2529,0.0,0,7.613333993155613e-06,2,0,0,0,77.13333993155614,2,0.0
2530,1.142515476324223e-05,2,5.710000494866709e-06,1,0,0,0,0.5041147484975076,3,0.0
2531,7.616769842161487e-06,2,0.0,0,0,0,0,0.012958790017766002,2,0.0
2532,7.616769842161487e-06,2,3.8066669965778065e-06,1,0,0,0,0.5062567727798837,2,0.0
2533,2.094611706594409e-05,3,3.8066669965778065e-06,1,0,0,0,0.18562412174830126,4,0.0
2534,5.712577381621115e-06,1,3.8066669965778065e-06,1,0,0,0,0.672105804376964,2,0.0
2535,0.0,0,9.516667491444516e-06,2,0,0,0,96.16667491444517,2,0.0
2536,1.142515476324223e-05,2,1.5226667986311226e-05,4,0,0,0,1.329844874204497,6,0.0
2537,3.8083849210807435e-06,1,3.8066669965778065e-06,1,0,0,0,0.9995604515579641,2,0.0
2538,3.8083849210807435e-06,1,3.8066669965778065e-06,1,0,0,0,0.9995604515579641,2,0.0
2539,3.0467079368645948e-05,5,7.613333993155613e-06,2,0,0,0,0.25234121651372204,5,0.0
2540,3.8083849210807435e-06,1,3.8066669965778065e-06,1,0,0,0,0.9995604515579641,2,0.0
2541,3.8083849210807435e-06,1,9.516667491444516e-06,2,0,0,0,2.4605221045590673,2,0.0
2542,1.3329347223782603e-05,1,1.142000098973342e-05,2,0,0,0,0.857822856000935,2,0.0
2543,1.3329347223782603e-05,1,3.235666947091135e-05,2,0,0,0,2.416846398418566,2,0.0
2544,1.7137732144863347e-05,2,1.142000098973342e-05,2,0,0,0,0.6683014269464823,3,0.0
2545,1.7137732144863347e-05,2,9.516667491444516e-06,1,0,0,0,0.5578847269830781,2,0.0
2546,3.8083849210807435e-06,1,3.8066669965778065e-06,1,0,0,0,0.9995604515579641,2,0.0
2547,1.7137732144863347e-05,2,9.516667491444516e-06,1,0,0,0,0.5578847269830781,3,0.0
2548,1.3329347223782601e-05,3,2.284000197946684e-05,1,0,0,0,1.7081993336832795,4,0.0
2549,3.8083849210807435e-06,1,3.8066669965778065e-06,1,0,0,0,0.9995604515579641,2,0.0
2550,1.3329347223782603e-05,1,5.139000445380039e-05,2,0,0,0,3.83414052788914,2,0.0
2551,3.8083849210807435e-06,1,7.613333993155613e-06,2,0,0,0,1.9735348868920333,3,0.0
2552,1.7137732144863347e-05,3,2.2840001979466837e-05,4,0,0,0,1.330801626726907,6,0.0
2553,3.8083849210807435e-06,1,7.613333993155613e-06,1,0,0,0,1.9735348868920333,2,0.0
2554,1.3329347223782603e-05,1,9.516667491444516e-06,2,0,0,0,0.7160934430538776,2,0.0
2555,2.4754501987024835e-05,4,3.8066669965778065e-06,1,0,0,0,0.15718146348767165,5,0.0
2556,9.520962302701859e-06,2,0.0,0,0,0,0,0.01039397067088777,2,0.0
2557,9.520962302701859e-06,2,0.0,0,0,0,0,0.01039397067088777,2,0.0
2558,0.0,0,9.516667491444516e-06,2,2,0,2,96.16667491444517,2,1.0
2559,0.0,0,7.613333993155613e-06,2,0,0,0,77.13333993155614,2,0.0
2560,3.8083849210807435e-06,1,3.8066669965778065e-06,1,0,0,0,0.9995604515579641,2,0.0
2561,3.8083849210807435e-06,1,3.8066669965778065e-06,1,0,0,0,0.9995604515579641,2,0.0
2562,3.8083849210807435e-06,1,3.8066669965778065e-06,1,0,0,0,0.9995604515579641,2,0.0
2563,3.8083849210807435e-06,1,3.8066669965778065e-06,1,0,0,0,0.9995604515579641,2,0.0
2564,1.7137732144863347e-05,2,1.1420000989733419e-05,1,0,0,0,0.6683014269464822,2,0.0
2565,1.9041924605403718e-05,4,7.613333993155613e-06,2,0,0,0,0.40295498765981763,6,0.0
2566,3.8083849210807435e-06,1,3.8066669965778065e-06,1,0,0,0,0.9995604515579641,2,0.0
2567,3.8083849210807435e-06,1,3.8066669965778065e-06,1,0,0,0,0.9995604515579641,2,0.0
2568,9.520962302701859e-06,2,7.613333993155613e-06,2,0,0,0,0.801721672996211,4,0.0
2569,1.3329347223782603e-05,1,3.8066669965778065e-06,1,0,0,0,0.2909052042127054,2,0.0
2570,1.142515476324223e-05,2,0.0,0,0,0,0,0.00867667307331396,2,0.0
2571,1.9041924605403718e-05,2,3.8066669965778065e-06,1,0,0,0,0.20408956137435438,3,0.0
2572,1.3329347223782603e-05,1,1.5226667986311226e-05,3,0,0,0,1.1412816818950495,3,0.0
2573,3.8083849210807435e-06,1,3.8066669965778065e-06,1,0,0,0,0.9995604515579641,2,0.0
2574,1.7137732144863347e-05,2,5.710000494866709e-06,1,0,0,0,0.3370513270562697,2,0.0
2575,1.3329347223782603e-05,1,3.8066669965778065e-06,1,0,0,0,0.2909052042127054,2,0.0
2576,3.237127182918632e-05,6,2.6646668976044643e-05,5,0,0,0,0.8237025367144317,10,0.0
2577,2.285030952648446e-05,2,0.0,0,0,0,0,0.0043572397088850095,2,0.0
2578,3.8083849210807435e-06,1,3.8066669965778065e-06,1,0,0,0,0.9995604515579641,2,0.0
2579,7.616769842161487e-06,2,0.0,0,0,0,0,0.012958790017766002,2,0.0
2580,9.520962302701859e-06,2,3.8066669965778065e-06,1,0,0,0,0.4060578218335493,3,0.0
2581,3.8083849210807435e-06,1,3.8066669965778065e-06,1,0,0,0,0.9995604515579641,2,0.0
2582,1.142515476324223e-05,2,1.713000148460013e-05,1,0,0,0,1.494990899345895,2,0.0
2583,9.520962302701859e-06,2,0.0,0,0,0,0,0.01039397067088777,2,0.0
2584,2.094611706594409e-05,3,1.713000148460013e-05,4,0,0,0,0.8186784018454866,6,0.0
2585,1.5233539684322974e-05,3,5.710000494866709e-06,1,0,0,0,0.37890797653244146,3,0.0
2586,1.7137732144863347e-05,2,1.9033334982889032e-05,2,0,0,0,1.1099682268000988,3,0.0
2587,1.7137732144863347e-05,2,0.00013323334488022322,2,0,0,0,7.734970224604348,3,0.0
2588,1.3329347223782603e-05,1,1.5226667986311226e-05,4,0,0,0,1.1412816818950495,5,0.0
2589,0.00021898213296214276,37,0.0002531433552724241,49,1,0,1,1.1559288375021635,75,0.013333333333333334
2590,9.520962302701859e-06,2,0.0,0,0,0,0,0.01039397067088777,2,0.0
2591,7.616769842161487e-06,2,0.0,0,2,2,0,0.012958790017766002,2,0.0
2592,0.0,0,7.613333993155613e-06,2,0,0,0,77.13333993155614,2,0.0
2593,3.8083849210807435e-06,1,3.8066669965778065e-06,1,0,0,0,0.9995604515579641,2,0.0
2594,7.616769842161487e-06,2,0.0,0,0,0,0,0.012958790017766002,2,0.0
2595,1.5233539684322974e-05,2,3.8066669965778065e-06,1,0,0,0,0.2547792014763549,3,0.0
2596,5.712577381621115e-06,1,3.8066669965778065e-06,1,0,0,0,0.672105804376964,2,0.0
2597,1.142515476324223e-05,1,1.5226667986311226e-05,3,0,0,0,1.329844874204497,3,0.0
2598,3.8083849210807435e-06,1,3.8066669965778065e-06,1,0,0,0,0.9995604515579641,2,0.0
2599,0.0,0,1.3323334488022323e-05,3,0,0,0,134.23334488022326,3,0.0
2600,5.712577381621115e-06,1,3.8066669965778065e-06,1,0,0,0,0.672105804376964,2,0.0
2601,0.0,0,1.142000098973342e-05,2,0,0,0,115.20000989733421,2,0.0
2602,1.7137732144863347e-05,3,3.8066669965778065e-06,1,0,0,0,0.22663462709286558,4,0.0
2603,1.3329347223782603e-05,2,3.8066669965778065e-06,1,0,0,0,0.2909052042127054,3,0.0
2604,3.8083849210807435e-06,1,7.613333993155613e-06,2,0,0,0,1.9735348868920333,3,0.0
2605,1.5233539684322974e-05,4,0.0,0,0,0,0,0.006521651364181754,4,0.0
2606,3.8083849210807435e-06,1,1.3323334488022323e-05,3,0,0,0,3.4344965398931366,3,0.0
2607,1.3329347223782601e-05,3,1.3323334488022323e-05,2,0,0,0,0.9995522689479925,4,0.0
2608,1.3329347223782603e-05,1,1.5226667986311226e-05,2,0,0,0,1.1412816818950495,2,0.0
2609,3.8083849210807435e-06,1,3.8066669965778065e-06,1,0,0,0,0.9995604515579641,2,0.0
2610,3.8083849210807435e-06,1,3.8066669965778065e-06,1,0,0,0,0.9995604515579641,2,0.0
2611,2.285030952648446e-05,3,2.8550002474333546e-05,3,0,0,0,1.248349284408199,5,0.0
2612,3.8083849210807435e-06,1,1.1420000989733419e-05,1,0,0,0,2.947509322226102,2,0.0
2613,3.8083849210807435e-06,1,3.8066669965778065e-06,1,0,0,0,0.9995604515579641,2,0.0
2614,3.8083849210807435e-06,1,3.8066669965778065e-06,1,0,0,0,0.9995604515579641,2,0.0
2615,3.8083849210807435e-06,1,3.8066669965778065e-06,1,0,0,0,0.9995604515579641,2,0.0
2616,7.616769842161487e-06,2,3.8066669965778065e-06,1,0,0,0,0.5062567727798837,3,0.0
2617,7.616769842161487e-06,2,0.0,0,0,0,0,0.012958790017766002,2,0.0
2618,3.8083849210807435e-06,1,3.8066669965778065e-06,1,0,0,0,0.9995604515579641,2,0.0
2619,1.5233539684322974e-05,3,1.5226667986311226e-05,3,2,1,1,0.9995518518128743,5,0.2
2620,7.616769842161487e-06,2,3.8066669965778065e-06,1,0,0,0,0.5062567727798837,3,0.0
2621,1.9041924605403718e-05,3,1.9033334982889032e-05,4,0,0,0,0.999551266516207,6,0.0
2622,1.7137732144863347e-05,2,1.5226667986311226e-05,1,0,0,0,0.8891348268732905,2,0.0
2623,1.3329347223782603e-05,2,0.0,0,0,0,0,0.007446378318590626,2,0.0
2624,3.8083849210807435e-06,1,5.710000494866709e-06,1,0,0,0,1.4865476692249984,2,0.0
2625,1.3329347223782603e-05,1,2.0936668481177935e-05,3,0,0,0,1.5664699207362216,3,0.0
2626,1.7137732144863347e-05,2,1.3323334488022322e-05,1,0,0,0,0.7787181269098864,2,0.0
2627,2.285030952648446e-05,2,3.6163336467489164e-05,5,0,0,0,1.5800804963280164,6,0.0
2628,1.7137732144863347e-05,2,1.1420000989733419e-05,1,0,0,0,0.6683014269464822,2,0.0
2629,7.616769842161487e-06,2,0.0,0,0,0,0,0.012958790017766002,2,0.0
2630,1.5233539684322974e-05,2,9.516667491444516e-06,2,0,0,0,0.6271655266446147,3,0.0
2631,1.7137732144863347e-05,1,2.0936668481177935e-05,2,0,0,0,1.220384926763503,2,0.0
2632,4.570061905296892e-05,6,3.8066669965778064e-05,5,0,0,0,0.8333221418172949,8,0.0
2633,9.520962302701859e-06,2,0.0,0,0,0,0,0.01039397067088777,2,0.0
2634,5.712577381621115e-06,1,7.613333993155613e-06,2,0,0,0,1.3270075367159038,2,0.0
2635,3.8083849210807435e-06,1,3.8066669965778065e-06,1,0,0,0,0.9995604515579641,2,0.0
2636,1.7137732144863347e-05,2,3.235666947091135e-05,3,0,0,0,1.882885126543928,3,0.0
2637,9.520962302701859e-06,2,3.8066669965778065e-06,1,0,0,0,0.4060578218335493,3,0.0
2638,3.8083849210807435e-06,1,3.8066669965778065e-06,1,0,0,0,0.9995604515579641,2,0.0
2639,7.616769842161487e-06,2,3.8066669965778065e-06,1,0,0,0,0.5062567727798837,3,0.0
2640,3.8083849210807435e-06,1,3.8066669965778065e-06,1,0,0,0,0.9995604515579641,2,0.0
2641,3.8083849210807435e-06,1,3.8066669965778065e-06,1,0,0,0,0.9995604515579641,2,0.0
2642,1.7137732144863347e-05,2,3.8066669965778065e-06,1,0,0,0,0.22663462709286558,3,0.0
2643,1.7137732144863347e-05,2,2.284000197946684e-05,3,0,0,0,1.3308016267269072,4,0.0
2644,1.3329347223782603e-05,1,5.710000494866709e-06,1,0,0,0,0.43263461715976276,2,0.0
2645,1.9041924605403718e-05,2,1.5226667986311226e-05,2,0,0,0,0.8006858402307439,2,0.0
2646,4.379642659242855e-05,7,4.187333696235587e-05,7,0,0,0,0.9561902920269965,12,0.0
2647,3.8083849210807435e-06,1,3.8066669965778065e-06,1,0,0,0,0.9995604515579641,2,0.0
2648,3.8083849210807436e-05,5,6.852000593840052e-05,11,0,0,0,1.7970950377359682,13,0.0
2649,2.285030952648446e-05,3,0.0,0,0,0,0,0.0043572397088850095,3,0.0
2650,3.8083849210807435e-06,1,3.8066669965778065e-06,1,0,0,0,0.9995604515579641,2,0.0
2651,0.0,0,7.613333993155613e-06,2,0,0,0,77.13333993155614,2,0.0
2652,3.8083849210807435e-06,1,3.8066669965778065e-06,1,0,0,0,0.9995604515579641,2,0.0
2653,1.7137732144863347e-05,2,3.8066669965778065e-06,1,0,0,0,0.22663462709286558,2,0.0
2654,2.4754501987024835e-05,4,3.8066669965778065e-06,1,0,0,0,0.15718146348767165,5,0.0
2655,1.3329347223782601e-05,2,1.142000098973342e-05,3,0,0,0,0.8578228560009351,4,0.0
2656,9.520962302701859e-06,2,0.0,0,0,0,0,0.01039397067088777,2,0.0
2657,9.520962302701859e-06,2,0.0,0,0,0,0,0.01039397067088777,2,0.0
2658,1.7137732144863347e-05,4,3.8066669965778065e-06,1,0,0,0,0.22663462709286558,5,0.0
2659,0.0,0,1.3323334488022323e-05,3,0,0,0,134.23334488022326,3,0.0
2660,3.8083849210807435e-06,1,7.613333993155613e-06,2,0,0,0,1.9735348868920333,3,0.0
2661,3.8083849210807435e-06,1,3.8066669965778065e-06,1,0,0,0,0.9995604515579641,2,0.0
2662,1.7137732144863347e-05,3,1.3323334488022322e-05,2,2,2,1,0.7787181269098864,4,0.25
2663,2.8562886908105577e-05,1,3.997000346406697e-05,3,0,0,0,1.397975144392576,3,0.0
2664,3.998804167134781e-05,6,1.5226667986311226e-05,4,0,0,0,0.3823251859485488,9,0.0
2665,1.3329347223782603e-05,3,0.0,0,0,0,0,0.007446378318590626,3,0.0
2666,3.8083849210807435e-06,1,3.8066669965778065e-06,1,0,0,0,0.9995604515579641,2,0.0
2667,1.5233539684322974e-05,2,9.516667491444516e-06,2,0,0,0,0.6271655266446147,3,0.0
2668,7.616769842161487e-06,2,0.0,0,0,0,0,0.012958790017766002,2,0.0
2669,5.712577381621115e-06,1,1.3323334488022323e-05,2,0,0,0,2.3093601352243134,3,0.0
2670,3.8083849210807435e-06,1,3.8066669965778065e-06,1,0,0,0,0.9995604515579641,2,0.0
2671,1.3329347223782603e-05,3,1.3323334488022323e-05,2,0,0,0,0.9995522689479924,4,0.0
2672,0.0,0,9.516667491444516e-06,2,0,0,0,96.16667491444517,2,0.0
2673,3.8083849210807435e-06,1,3.8066669965778065e-06,1,0,0,0,0.9995604515579641,2,0.0
2674,1.7137732144863347e-05,3,1.1420000989733419e-05,2,0,0,0,0.6683014269464822,3,0.0
2675,3.8083849210807435e-06,1,3.8066669965778065e-06,1,0,0,0,0.9995604515579641,2,0.0
2676,7.616769842161487e-06,2,0.0,0,0,0,0,0.012958790017766002,2,0.0
2677,7.616769842161487e-06,2,0.0,0,0,0,0,0.012958790017766002,2,0.0
2678,3.8083849210807435e-06,1,3.8066669965778065e-06,1,0,0,0,0.9995604515579641,2,0.0
2679,3.8083849210807435e-06,1,3.8066669965778065e-06,1,0,0,0,0.9995604515579641,2,0.0
2680,9.520962302701859e-06,2,1.5226667986311226e-05,2,0,0,0,1.593049375321534,3,0.0
2681,0.0,0,7.613333993155613e-06,2,0,0,0,77.13333993155614,2,0.0
2682,1.3329347223782603e-05,3,3.8066669965778065e-06,1,0,0,0,0.2909052042127054,4,0.0
2683,0.0,0,1.3323334488022323e-05,2,2,0,2,134.23334488022326,2,1.0
2684,7.616769842161487e-06,2,7.613333993155613e-06,2,0,0,0,0.9995547555420015,4,0.0
2685,0.0,0,7.613333993155613e-06,2,0,0,0,77.13333993155614,2,0.0
2686,3.8083849210807435e-06,1,3.8066669965778065e-06,1,0,0,0,0.9995604515579641,2,0.0
2687,0.0,0,1.3323334488022323e-05,2,0,0,0,134.23334488022326,2,0.0
2688,3.8083849210807435e-06,1,3.8066669965778065e-06,1,0,0,0,0.9995604515579641,2,0.0
2689,3.8083849210807435e-06,1,3.8066669965778065e-06,1,0,0,0,0.9995604515579641,2,0.0
2690,3.8083849210807435e-06,1,7.613333993155613e-06,1,0,0,0,1.9735348868920333,2,0.0
2691,0.0,0,1.3323334488022323e-05,2,0,0,0,134.23334488022326,2,0.0
2692,3.8083849210807435e-06,1,3.8066669965778065e-06,1,0,0,0,0.9995604515579641,2,0.0
2693,3.8083849210807435e-06,1,3.8066669965778065e-06,1,0,0,0,0.9995604515579641,2,0.0
2694,5.712577381621115e-06,1,3.8066669965778065e-06,1,0,0,0,0.672105804376964,2,0.0
2695,3.8083849210807435e-06,1,3.8066669965778065e-06,1,0,0,0,0.9995604515579641,2,0.0
2696,4.379642659242855e-05,8,3.426000296920026e-05,6,0,0,0,0.7827517097969616,14,0.0
2697,1.7137732144863347e-05,2,5.710000494866709e-06,1,0,0,0,0.3370513270562697,2,0.0
2698,1.3329347223782603e-05,1,9.516667491444516e-06,2,0,0,0,0.7160934430538776,2,0.0
2699,3.8083849210807435e-06,1,3.8066669965778065e-06,1,0,0,0,0.9995604515579641,2,0.0
2700,3.8083849210807435e-06,1,3.8066669965778065e-06,1,0,0,0,0.9995604515579641,2,0.0
2701,9.520962302701859e-06,2,3.8066669965778065e-06,1,0,0,0,0.4060578218335493,3,0.0
2702,3.8083849210807435e-06,1,3.8066669965778065e-06,1,0,0,0,0.9995604515579641,2,0.0
2703,9.520962302701859e-06,2,1.5226667986311226e-05,2,0,0,0,1.593049375321534,3,0.0
2704,2.094611706594409e-05,3,1.713000148460013e-05,1,1,1,1,0.8186784018454866,3,0.3333333333333333
2705,3.998804167134781e-05,5,6.0906671945244904e-05,4,4,2,3,1.521817215352984,8,0.375
2706,2.094611706594409e-05,3,7.613333993155613e-06,1,0,0,0,0.36649677320463997,4,0.0
2707,5.9029966276751525e-05,10,7.803667342984503e-05,12,0,0,0,1.3214395060557727,18,0.0
2708,3.0467079368645948e-05,4,3.426000296920026e-05,3,0,0,0,1.124085247229897,6,0.0
2709,3.8083849210807435e-06,1,7.613333993155613e-06,1,0,0,0,1.9735348868920333,2,0.0
2710,6.855092857945339e-05,12,3.997000346406697e-05,8,1,0,1,0.5836775159958953,17,0.058823529411764705
2711,6.855092857945339e-05,12,5.329333795208929e-05,10,0,0,0,0.7777511398158924,18,0.0
2712,1.5233539684322974e-05,4,2.284000197946684e-05,3,1,1,0,1.4960669520372207,7,0.0
2713,3.237127182918632e-05,4,1.3323334488022323e-05,2,0,0,0,0.41339109101223925,5,0.0
2714,3.8083849210807435e-06,1,3.8066669965778065e-06,1,0,0,0,0.9995604515579641,2,0.0
2715,2.094611706594409e-05,3,3.8066669965778065e-06,1,1,1,0,0.18562412174830126,3,0.0
2716,1.3329347223782601e-05,3,9.516667491444516e-06,2,0,0,0,0.7160934430538777,5,0.0
2717,3.8083849210807435e-06,1,3.8066669965778065e-06,1,0,0,0,0.9995604515579641,2,0.0
2718,1.7137732144863347e-05,2,1.9033334982889032e-05,1,0,0,0,1.1099682268000988,2,0.0
2719,0.0,0,7.613333993155613e-06,2,0,0,0,77.13333993155614,2,0.0
2720,4.950900397404967e-05,8,3.8066669965778064e-05,4,0,0,0,0.7693496524490381,10,0.0
2721,3.0467079368645948e-05,3,2.0936668481177935e-05,3,0,0,0,0.6882132318718094,5,0.0
2722,7.616769842161487e-06,2,3.8066669965778065e-06,1,0,0,0,0.5062567727798837,3,0.0
2723,1.3329347223782603e-05,1,7.613333993155613e-06,2,0,0,0,0.5743640301068202,2,0.0
2724,1.7137732144863347e-05,2,3.8066669965778065e-06,1,0,0,0,0.22663462709286558,2,0.0
2725,3.998804167134781e-05,6,1.713000148460013e-05,4,7,4,4,0.42980402050706695,9,0.4444444444444444
2726,3.4275464289726694e-05,4,3.8066669965778064e-05,3,0,0,0,1.1102881300481633,6,0.0
2727,7.616769842161487e-06,1,3.8066669965778065e-06,1,0,0,0,0.5062567727798837,2,0.0
2728,3.8083849210807435e-06,1,9.516667491444516e-06,2,0,0,0,2.4605221045590673,2,0.0
2729,9.520962302701859e-06,2,3.8066669965778065e-06,1,0,0,0,0.4060578218335493,3,0.0
2730,3.8083849210807435e-06,1,3.8066669965778065e-06,1,0,0,0,0.9995604515579641,2,0.0
2731,1.7137732144863347e-05,2,1.3323334488022322e-05,1,0,0,0,0.7787181269098864,2,0.0
2732,9.520962302701859e-06,2,3.8066669965778065e-06,1,0,0,0,0.4060578218335493,3,0.0
2733,3.6179656750267065e-05,8,5.139000445380039e-05,10,0,0,0,1.4192528007702652,16,0.0
2734,4.570061905296892e-05,7,2.855000247433355e-05,7,0,0,0,0.6255374505134855,13,0.0
2735,1.7137732144863347e-05,2,3.235666947091135e-05,1,0,0,0,1.882885126543928,2,0.0
2736,3.6179656750267065e-05,5,3.616333646748916e-05,4,0,0,0,0.9995501533299984,7,0.0
2737,9.520962302701859e-06,2,0.0,0,0,0,0,0.01039397067088777,2,0.0
2738,1.142515476324223e-05,2,3.8066669965778065e-06,1,0,0,0,0.3389687233561098,3,0.0
2739,1.3329347223782603e-05,1,7.613333993155613e-06,2,0,0,0,0.5743640301068202,2,0.0
2740,1.7137732144863347e-05,2,1.3323334488022322e-05,1,0,0,0,0.7787181269098864,2,0.0
2741,1.9041924605403718e-05,2,3.8066669965778065e-06,1,0,0,0,0.20408956137435438,2,0.0
2742,7.616769842161487e-06,2,1.713000148460013e-05,3,0,0,0,2.2327997124472954,4,0.0
2743,0.0,0,1.713000148460013e-05,3,0,0,0,172.3000148460013,3,0.0
2744,5.7125773816211154e-05,9,3.426000296920026e-05,7,0,0,0,0.6004288046772837,14,0.0
2745,9.520962302701859e-06,2,7.613333993155613e-06,2,0,0,0,0.801721672996211,4,0.0
2746,1.7137732144863347e-05,2,1.3323334488022323e-05,2,0,0,0,0.7787181269098864,4,0.0
2747,2.094611706594409e-05,3,2.0936668481177935e-05,2,0,0,0,0.9995510533018253,4,0.0
2748,9.520962302701859e-06,2,5.710000494866709e-06,1,0,0,0,0.6038897474148801,3,0.0
2749,2.285030952648446e-05,5,3.6163336467489164e-05,5,0,0,0,1.5800804963280164,8,0.0
2750,2.094611706594409e-05,3,0.0,0,0,0,0,0.00475147029196258,3,0.0
2751,4.76048115135093e-05,7,7.613333993155613e-06,2,1,1,0,0.16168880556149584,8,0.0
2752,0.0,0,7.613333993155613e-06,2,0,0,0,77.13333993155614,2,0.0
2753,1.3329347223782601e-05,3,7.613333993155613e-06,2,0,0,0,0.5743640301068202,5,0.0
2754,1.3329347223782603e-05,1,3.8066669965778065e-06,1,0,0,0,0.2909052042127054,2,0.0
2755,1.3329347223782603e-05,1,1.3323334488022323e-05,2,0,0,0,0.9995522689479924,2,0.0
2756,3.8083849210807435e-06,1,3.8066669965778065e-06,1,0,0,0,0.9995604515579641,2,0.0
2757,1.3329347223782603e-05,1,7.613333993155613e-06,2,0,0,0,0.5743640301068202,2,0.0
2758,1.9041924605403718e-05,2,1.3323334488022323e-05,2,1,1,1,0.7012531270880124,2,0.5
2759,3.8083849210807435e-06,1,5.710000494866709e-06,1,0,0,0,1.4865476692249984,2,0.0
2760,3.8083849210807435e-06,1,3.8066669965778065e-06,1,0,0,0,0.9995604515579641,2,0.0
2761,1.5233539684322974e-05,4,3.8066669965778065e-06,1,0,0,0,0.2547792014763549,4,0.0
2762,3.8083849210807435e-06,1,3.8066669965778065e-06,1,0,0,0,0.9995604515579641,2,0.0
2763,9.520962302701859e-06,2,1.713000148460013e-05,4,0,0,0,1.7908813009028648,5,0.0
2764,3.998804167134781e-05,6,1.142000098973342e-05,3,0,0,0,0.2873675168315126,7,0.0
2765,0.0,0,4.187333696235587e-05,4,0,0,0,419.73336962355876,4,0.0
2766,2.4754501987024835e-05,3,1.5226667986311226e-05,3,0,0,0,0.6166556060673609,4,0.0
2767,2.6658694447565202e-05,5,2.474333547775574e-05,4,0,0,0,0.9284210605430437,7,0.0
2768,3.8083849210807435e-06,1,3.8066669965778065e-06,1,0,0,0,0.9995604515579641,2,0.0
2769,1.3329347223782603e-05,1,5.710000494866709e-06,1,0,0,0,0.43263461715976276,2,0.0
2770,2.6658694447565206e-05,3,7.613333993155613e-06,2,0,0,0,0.2882552438524315,5,0.0
2771,1.3329347223782603e-05,1,3.8066669965778065e-06,1,0,0,0,0.2909052042127054,2,0.0
2772,0.0,0,1.142000098973342e-05,3,0,0,0,115.20000989733421,3,0.0
2773,0.0,0,2.0936668481177935e-05,3,0,0,0,210.36668481177935,3,0.0
2774,7.616769842161487e-06,2,3.8066669965778065e-06,1,0,0,0,0.5062567727798837,3,0.0
2775,2.8562886908105577e-05,5,7.613333993155613e-06,2,0,0,0,0.269105272538837,6,0.0
2776,7.616769842161487e-06,2,0.0,0,0,0,0,0.012958790017766002,2,0.0
2777,0.0,0,7.613333993155613e-06,2,0,0,0,77.13333993155614,2,0.0
2778,1.9041924605403718e-05,2,7.613333993155613e-06,1,0,0,0,0.40295498765981763,3,0.0
2779,2.285030952648446e-05,2,5.710000494866709e-06,1,0,0,0,0.2531556486487478,3,0.0
2780,2.094611706594409e-05,4,2.0936668481177935e-05,5,0,0,0,0.9995510533018253,7,0.0
2781,3.8083849210807435e-06,1,3.8066669965778065e-06,1,0,0,0,0.9995604515579641,2,0.0
2782,2.094611706594409e-05,3,3.8066669965778065e-06,1,0,0,0,0.18562412174830126,4,0.0
2783,3.8083849210807435e-06,1,3.8066669965778065e-06,1,2,1,1,0.9995604515579641,2,0.5
2784,2.285030952648446e-05,5,2.2840001979466837e-05,4,5,3,3,0.9995508754683362,7,0.42857142857142855
2785,5.712577381621115e-06,1,3.8066669965778065e-06,1,0,0,0,0.672105804376964,2,0.0
2786,1.3329347223782603e-05,1,7.613333993155613e-06,2,0,0,0,0.5743640301068202,2,0.0
2787,1.3329347223782603e-05,1,1.5226667986311226e-05,2,0,0,0,1.1412816818950495,2,0.0
2788,0.0,0,7.613333993155613e-06,2,0,0,0,77.13333993155614,2,0.0
2789,2.8562886908105577e-05,2,1.142000098973342e-05,3,0,0,0,0.40191349275692395,5,0.0
2790,7.997608334269561e-05,16,8.755334092128955e-05,17,0,0,0,1.0946257267125081,26,0.0
2791,1.3329347223782603e-05,1,7.613333993155613e-06,2,0,0,0,0.5743640301068202,2,0.0
2792,3.8083849210807435e-06,1,3.8066669965778065e-06,1,0,0,0,0.9995604515579641,2,0.0
2793,1.142515476324223e-05,2,0.0,0,0,0,0,0.00867667307331396,2,0.0
2794,3.8083849210807435e-06,1,3.8066669965778065e-06,1,0,0,0,0.9995604515579641,2,0.0
2795,1.7137732144863347e-05,2,3.8066669965778065e-06,1,0,0,0,0.22663462709286558,3,0.0
2796,3.6179656750267065e-05,3,4.187333696235587e-05,2,0,0,0,1.1569386461200986,4,0.0
2797,2.8562886908105577e-05,4,2.0936668481177935e-05,2,0,0,0,0.7339340433021412,4,0.0
2798,7.616769842161487e-06,2,3.8066669965778065e-06,1,0,0,0,0.5062567727798837,3,0.0
2799,3.8083849210807435e-06,1,3.8066669965778065e-06,1,0,0,0,0.9995604515579641,2,0.0
2800,3.8083849210807435e-06,1,3.8066669965778065e-06,1,0,0,0,0.9995604515579641,2,0.0
2801,1.142515476324223e-05,2,3.8066669965778065e-06,1,0,0,0,0.3389687233561098,3,0.0
2802,1.3329347223782603e-05,1,2.8550002474333546e-05,2,0,0,0,2.133387572524451,2,0.0
2803,0.00011234735517188194,20,0.00020365668431691265,32,0,0,0,1.8120184686021241,45,0.0
2804,4.379642659242855e-05,6,4.187333696235587e-05,8,0,0,0,0.9561902920269965,12,0.0
2805,9.520962302701859e-06,2,0.0,0,0,0,0,0.01039397067088777,2,0.0
2806,1.3329347223782603e-05,1,1.5226667986311226e-05,2,0,0,0,1.1412816818950495,2,0.0
2807,2.475450198702483e-05,2,3.8066669965778065e-06,1,0,0,0,0.15718146348767167,3,0.0
2808,3.8083849210807435e-06,1,3.8066669965778065e-06,1,0,0,0,0.9995604515579641,2,0.0
2809,1.3329347223782603e-05,1,3.8066669965778065e-06,1,0,0,0,0.2909052042127054,2,0.0
2810,3.237127182918632e-05,7,4.758333745722258e-05,10,0,0,0,1.4684776656750205,16,0.0
2811,2.094611706594409e-05,3,3.8066669965778065e-06,1,0,0,0,0.18562412174830126,4,0.0
2812,1.7137732144863347e-05,2,2.0936668481177935e-05,2,0,0,0,1.220384926763503,3,0.0
2813,1.3329347223782603e-05,1,3.8066669965778065e-06,1,0,0,0,0.2909052042127054,2,0.0
2814,3.8083849210807435e-06,1,3.8066669965778065e-06,1,0,0,0,0.9995604515579641,2,0.0
2815,9.520962302701859e-06,2,3.8066669965778065e-06,1,0,0,0,0.4060578218335493,2,0.0
2816,1.9041924605403718e-05,2,3.8066669965778065e-06,1,0,0,0,0.20408956137435438,2,0.0
2817,7.616769842161487e-06,2,0.0,0,0,0,0,0.012958790017766002,2,0.0
2818,9.520962302701859e-06,2,3.8066669965778065e-06,1,0,0,0,0.4060578218335493,2,0.0
2819,0.0,0,1.142000098973342e-05,2,0,0,0,115.20000989733421,2,0.0
2820,0.0,0,3.8066669965778064e-05,2,0,0,0,381.66669965778067,2,0.0
2821,9.520962302701859e-06,2,7.613333993155613e-06,2,0,0,0,0.801721672996211,4,0.0
2822,3.8083849210807435e-06,1,3.8066669965778065e-06,1,0,0,0,0.9995604515579641,2,0.0
2823,1.9041924605403718e-05,4,1.142000098973342e-05,2,0,0,0,0.6018204139452809,6,0.0
2824,5.712577381621115e-06,1,3.8066669965778065e-06,1,0,0,0,0.672105804376964,2,0.0
2825,0.0,0,1.142000098973342e-05,3,0,0,0,115.20000989733421,3,0.0
2826,2.094611706594409e-05,2,0.0,0,0,0,0,0.00475147029196258,2,0.0
2827,0.0,0,7.613333993155613e-06,2,0,0,0,77.13333993155614,2,0.0
2828,1.5233539684322974e-05,2,2.8550002474333546e-05,4,0,0,0,1.86845327720548,4,0.0
2829,1.3329347223782603e-05,1,6.661667244011162e-05,2,0,0,0,4.9679758314655995,3,0.0
2830,3.8083849210807435e-06,1,3.8066669965778065e-06,1,0,0,0,0.9995604515579641,2,0.0
2831,3.8083849210807435e-06,1,3.8066669965778065e-06,1,0,0,0,0.9995604515579641,2,0.0
2832,0.0,0,7.613333993155613e-06,2,0,0,0,77.13333993155614,2,0.0
2833,3.8083849210807435e-06,1,3.8066669965778065e-06,1,0,0,0,0.9995604515579641,2,0.0
2834,1.3329347223782603e-05,1,6.661667244011162e-05,4,0,0,0,4.9679758314655995,4,0.0
2835,9.520962302701859e-06,2,3.8066669965778065e-06,1,0,0,0,0.4060578218335493,2,0.0
2836,3.8083849210807435e-06,1,3.8066669965778065e-06,1,0,0,0,0.9995604515579641,2,0.0
2837,3.8083849210807435e-06,1,2.0936668481177935e-05,4,0,0,0,5.382445410561274,5,0.0
2838,3.237127182918632e-05,2,0.0,0,0,0,0,0.00307964531004654,2,0.0
2839,0.0,0,7.613333993155613e-06,2,0,0,0,77.13333993155614,2,0.0
2840,3.8083849210807435e-06,1,7.613333993155613e-06,2,0,0,0,1.9735348868920333,3,0.0
2841,3.8083849210807435e-06,1,3.8066669965778065e-06,1,0,0,0,0.9995604515579641,2,0.0
2842,3.8083849210807435e-06,1,3.8066669965778065e-06,1,0,0,0,0.9995604515579641,2,0.0
2843,3.8083849210807435e-06,1,7.613333993155613e-06,2,0,0,0,1.9735348868920333,2,0.0
2844,9.520962302701859e-06,2,1.713000148460013e-05,3,0,0,0,1.7908813009028648,4,0.0
2845,1.5233539684322974e-05,2,2.474333547775574e-05,2,0,0,0,1.620195727093307,3,0.0
2846,2.8562886908105577e-05,3,2.6646668976044643e-05,5,0,0,0,0.9331463736292716,7,0.0
2847,3.8083849210807435e-06,1,9.516667491444516e-06,2,0,0,0,2.4605221045590673,2,0.0
2848,3.8083849210807435e-06,1,3.8066669965778065e-06,1,0,0,0,0.9995604515579641,2,0.0
2849,7.997608334269561e-05,11,8.374667392471174e-05,16,0,0,0,1.0470876000001075,24,0.0
2850,0.0,0,7.613333993155613e-06,2,0,0,0,77.13333993155614,2,0.0
2851,7.616769842161487e-06,2,7.613333993155613e-06,2,0,0,0,0.9995547555420015,4,0.0
2852,3.8083849210807435e-06,1,3.8066669965778065e-06,1,0,0,0,0.9995604515579641,2,0.0
2853,1.9041924605403718e-05,2,5.710000494866709e-06,1,0,0,0,0.30352227451708597,2,0.0
2854,0.0,0,1.3323334488022323e-05,2,0,0,0,134.23334488022326,2,0.0
2855,2.4754501987024835e-05,3,3.0453335972622452e-05,4,0,0,0,1.2292877961736135,4,0.0
2856,3.8083849210807435e-06,1,3.8066669965778065e-06,1,0,0,0,0.9995604515579641,2,0.0
2857,2.285030952648446e-05,4,1.142000098973342e-05,3,0,0,0,0.5019540575886107,7,0.0
2858,7.616769842161487e-06,2,0.0,0,0,0,0,0.012958790017766002,2,0.0
2859,1.3329347223782603e-05,1,3.8066669965778065e-06,1,0,0,0,0.2909052042127054,2,0.0
2860,9.520962302701859e-06,2,0.0,0,1,1,0,0.01039397067088777,2,0.0
2861,1.9041924605403718e-05,2,9.516667491444516e-06,1,0,0,0,0.5023877008025491,2,0.0
2862,1.142515476324223e-05,2,0.0,0,0,0,0,0.00867667307331396,2,0.0
2863,4.570061905296892e-05,5,2.0936668481177935e-05,5,0,0,0,0.459309697470438,9,0.0
2864,5.712577381621115e-06,1,3.8066669965778065e-06,1,0,0,0,0.672105804376964,2,0.0
2865,5.7125773816211154e-05,4,4.3776670460644776e-05,5,0,0,0,0.7667291769886948,7,0.0
2866,9.520962302701859e-06,1,3.8066669965778065e-06,1,0,0,0,0.4060578218335493,2,0.0
2867,2.285030952648446e-05,3,3.045333597262245e-05,4,0,0,0,1.3312820873881532,5,0.0
2868,1.7137732144863347e-05,2,9.516667491444516e-06,2,0,0,0,0.5578847269830781,2,0.0
2869,2.285030952648446e-05,2,1.5226667986311226e-05,2,0,0,0,0.6678196635485192,2,0.0
2870,2.4754501987024835e-05,1,7.613333993155613e-06,2,0,0,0,0.3103395110142348,3,0.0
2871,3.8083849210807435e-06,1,3.8066669965778065e-06,1,0,0,0,0.9995604515579641,2,0.0
2872,2.6658694447565206e-05,3,2.2840001979466837e-05,3,0,0,0,0.8572915253551978,4,0.0
2873,7.616769842161487e-06,2,0.0,0,0,0,0,0.012958790017766002,2,0.0
2874,2.285030952648446e-05,2,0.0,0,0,0,0,0.0043572397088850095,2,0.0
2875,0.00012758089485620492,15,0.00013704001187680103,18,8,5,7,1.0740840439068746,27,0.25925925925925924
2876,1.9041924605403718e-05,2,9.516667491444516e-06,2,0,0,0,0.5023877008025491,3,0.0
2877,2.8562886908105573e-05,2,3.0453335972622452e-05,3,0,0,0,1.065954593847359,4,0.0
2878,3.8083849210807435e-06,1,9.516667491444516e-06,1,0,0,0,2.4605221045590673,2,0.0
2879,2.475450198702483e-05,2,1.1420000989733419e-05,1,0,0,0,0.46349755854079794,2,0.0
2880,1.3329347223782603e-05,1,1.142000098973342e-05,2,0,0,0,0.857822856000935,2,0.0
2881,2.094611706594409e-05,3,5.710000494866709e-06,1,0,0,0,0.27606044747647057,3,0.0
2882,2.6658694447565206e-05,2,3.8066669965778065e-06,1,2,2,1,0.1459961734767399,2,0.5
2883,3.998804167134781e-05,4,7.994000692813393e-05,4,1,1,1,1.996605560938165,6,0.16666666666666666
2884,0.0,0,7.613333993155613e-06,2,0,0,0,77.13333993155614,2,0.0
2885,4.950900397404966e-05,8,2.6646668976044643e-05,5,0,0,0,0.5391494856465119,11,0.0
2886,3.237127182918632e-05,1,2.2840001979466837e-05,2,0,0,0,0.7064706950852339,2,0.0
2887,3.8083849210807435e-06,1,2.6646668976044647e-05,3,3,1,3,6.843407063562377,3,1.0
2888,7.616769842161487e-06,2,3.8066669965778065e-06,1,0,0,0,0.5062567727798837,3,0.0
2889,2.285030952648446e-05,1,5.710000494866709e-06,1,0,0,0,0.2531556486487478,2,0.0
2890,1.7137732144863347e-05,2,5.710000494866709e-06,1,0,0,0,0.3370513270562697,3,0.0
2891,1.142515476324223e-05,2,0.0,0,0,0,0,0.00867667307331396,2,0.0
2892,1.9041924605403718e-05,3,3.426000296920026e-05,4,0,0,0,1.7950129716580598,6,0.0
2893,5.331738889513041e-05,5,9.516667491444516e-06,2,0,0,0,0.1800287825809693,7,0.0
2894,6.855092857945339e-05,10,6.281000544353381e-05,8,2,1,1,0.916375156830176,14,0.07142857142857142
2895,1.9041924605403718e-05,5,1.1420000989733419e-05,2,0,0,0,0.6018204139452807,5,0.0
2896,3.6179656750267065e-05,5,2.0936668481177935e-05,5,0,0,0,0.5798475058897319,9,0.0
2897,7.616769842161487e-06,1,3.8066669965778065e-06,1,0,0,0,0.5062567727798837,2,0.0
2898,3.8083849210807435e-06,1,3.8066669965778065e-06,1,0,0,0,0.9995604515579641,2,0.0
2899,3.0467079368645948e-05,5,5.139000445380039e-05,5,6,4,4,1.6844921241188664,8,0.5
2900,3.8083849210807435e-06,1,3.8066669965778065e-06,1,0,0,0,0.9995604515579641,2,0.0
2901,1.142515476324223e-05,2,7.613333993155613e-06,2,0,0,0,0.6692607736389057,3,0.0
2902,7.616769842161487e-06,2,0.0,0,0,0,0,0.012958790017766002,2,0.0
2903,3.8083849210807435e-06,1,5.710000494866709e-06,1,0,0,0,1.4865476692249984,2,0.0
2904,2.475450198702483e-05,2,0.0,0,0,0,0,0.0040234159611085545,2,0.0
2905,6.474254365837264e-05,6,3.8066669965778065e-06,1,0,0,0,0.06024851549871867,6,0.0
2906,2.094611706594409e-05,2,0.0,0,0,0,0,0.00475147029196258,2,0.0
2907,0.0,0,1.5226667986311226e-05,2,0,0,0,153.26667986311224,2,0.0
2908,7.616769842161487e-06,2,7.613333993155613e-06,2,0,0,0,0.9995547555420015,4,0.0
2909,2.094611706594409e-05,2,0.0,0,0,0,0,0.00475147029196258,2,0.0
2910,0.0,0,1.142000098973342e-05,3,0,0,0,115.20000989733421,3,0.0
2911,3.8083849210807435e-06,1,1.5226667986311226e-05,2,0,0,0,3.9214837575601704,3,0.0
2912,0.0,0,7.613333993155613e-06,2,0,0,0,77.13333993155614,2,0.0
2913,3.8083849210807435e-06,1,3.8066669965778065e-06,1,0,0,0,0.9995604515579641,2,0.0
2914,1.7137732144863347e-05,4,1.5226667986311224e-05,2,0,0,0,0.8891348268732905,6,0.0
2915,9.520962302701859e-06,2,5.710000494866709e-06,1,0,0,0,0.6038897474148801,3,0.0
2916,3.8083849210807435e-06,1,3.8066669965778065e-06,1,0,0,0,0.9995604515579641,2,0.0
2917,9.520962302701859e-06,2,5.710000494866709e-06,1,0,0,0,0.6038897474148801,2,0.0
2918,7.616769842161487e-06,1,3.8066669965778065e-06,1,0,0,0,0.5062567727798837,2,0.0
2919,1.3329347223782603e-05,3,0.0,0,0,0,0,0.007446378318590626,3,0.0
2920,1.5233539684322974e-05,3,1.713000148460013e-05,3,0,0,0,1.1236806268689608,6,0.0
2921,0.0,0,7.613333993155613e-06,2,0,0,0,77.13333993155614,2,0.0
2922,3.8083849210807435e-06,1,3.8066669965778065e-06,1,0,0,0,0.9995604515579641,2,0.0
2923,7.616769842161487e-06,2,3.8066669965778065e-06,1,0,0,0,0.5062567727798837,3,0.0
2924,3.8083849210807435e-06,1,3.8066669965778065e-06,1,0,0,0,0.9995604515579641,2,0.0
2925,1.142515476324223e-05,3,3.8066669965778065e-06,1,0,0,0,0.3389687233561098,4,0.0
2926,3.8083849210807435e-06,1,7.613333993155613e-06,2,0,0,0,1.9735348868920333,3,0.0
2927,0.0,0,1.9033334982889032e-05,2,0,0,0,191.3333498288903,2,0.0
2928,3.8083849210807435e-06,1,5.710000494866709e-06,1,0,0,0,1.4865476692249984,2,0.0
2929,3.8083849210807435e-06,1,7.613333993155613e-06,2,0,0,0,1.9735348868920333,2,0.0
2930,3.8083849210807435e-06,1,5.710000494866709e-06,1,0,0,0,1.4865476692249984,2,0.0
2931,3.8083849210807435e-06,1,3.8066669965778065e-06,1,0,0,0,0.9995604515579641,2,0.0
2932,7.616769842161487e-06,2,0.0,0,0,0,0,0.012958790017766002,2,0.0
2933,3.8083849210807435e-06,1,3.8066669965778065e-06,1,0,0,0,0.9995604515579641,2,0.0
2934,7.616769842161487e-06,2,0.0,0,0,0,0,0.012958790017766002,2,0.0
2935,0.0,0,7.613333993155613e-06,2,0,0,0,77.13333993155614,2,0.0
2936,3.8083849210807435e-06,1,1.3323334488022323e-05,3,0,0,0,3.4344965398931366,3,0.0
2937,3.8083849210807435e-06,1,7.613333993155613e-06,1,0,0,0,1.9735348868920333,2,0.0
2938,4.950900397404966e-05,11,4.948667095551148e-05,10,0,0,0,0.9995498192515644,18,0.0
2939,3.8083849210807435e-06,1,3.8066669965778065e-06,1,0,0,0,0.9995604515579641,2,0.0
2940,3.8083849210807435e-06,1,3.8066669965778065e-06,1,0,0,0,0.9995604515579641,2,0.0
2941,1.142515476324223e-05,1,3.8066669965778065e-06,1,0,0,0,0.3389687233561098,2,0.0
2942,7.616769842161487e-06,1,1.1420000989733419e-05,2,0,0,0,1.492852738304119,3,0.0
2943,1.5233539684322974e-05,2,1.9033334982889032e-05,3,0,0,0,1.2478094019250474,3,0.0
2944,1.142515476324223e-05,1,9.516667491444516e-06,2,0,0,0,0.8344067987803035,2,0.0
2945,0.0,0,1.142000098973342e-05,3,0,0,0,115.20000989733421,3,0.0
2946,3.8083849210807435e-06,1,3.8066669965778065e-06,1,0,0,0,0.9995604515579641,2,0.0
2947,3.8083849210807435e-06,1,3.8066669965778065e-06,1,0,0,0,0.9995604515579641,2,0.0
2948,1.142515476324223e-05,2,3.8066669965778065e-06,1,0,0,0,0.3389687233561098,2,0.0
2949,3.8083849210807435e-06,1,3.8066669965778065e-06,1,0,0,0,0.9995604515579641,2,0.0
2950,3.8083849210807435e-06,1,3.8066669965778065e-06,1,0,0,0,0.9995604515579641,2,0.0
2951,3.8083849210807435e-06,1,3.8066669965778065e-06,1,0,0,0,0.9995604515579641,2,0.0
2952,3.8083849210807435e-06,1,3.8066669965778065e-06,1,0,0,0,0.9995604515579641,2,0.0
2953,3.8083849210807435e-06,1,3.8066669965778065e-06,1,0,0,0,0.9995604515579641,2,0.0
2954,0.0,0,7.613333993155613e-06,2,0,0,0,77.13333993155614,2,0.0
2955,0.0,0,7.613333993155613e-06,2,0,0,0,77.13333993155614,2,0.0
2956,0.0,0,7.613333993155613e-06,2,0,0,0,77.13333993155614,2,0.0
2957,2.8562886908105573e-05,5,3.8066669965778065e-06,1,0,0,0,0.13629705232075004,6,0.0
2958,2.8562886908105577e-05,3,3.8066669965778065e-06,1,0,0,0,0.13629705232075,3,0.0
2959,7.616769842161487e-06,2,0.0,0,0,0,0,0.012958790017766002,2,0.0
2960,5.712577381621115e-06,1,3.8066669965778065e-06,1,0,0,0,0.672105804376964,2,0.0
2961,3.8083849210807435e-06,1,1.5226667986311226e-05,4,0,0,0,3.9214837575601704,5,0.0
2962,1.5233539684322974e-05,2,1.9033334982889032e-05,2,0,0,0,1.2478094019250474,3,0.0
2963,0.0,0,7.613333993155613e-06,2,0,0,0,77.13333993155614,2,0.0
2964,3.8083849210807435e-06,1,1.713000148460013e-05,3,0,0,0,4.408470975227205,4,0.0
2965,3.8083849210807435e-06,1,3.8066669965778065e-06,1,0,0,0,0.9995604515579641,2,0.0
2966,3.8083849210807435e-06,1,3.8066669965778065e-06,1,0,0,0,0.9995604515579641,2,0.0
2967,1.5233539684322974e-05,3,0.0,0,0,0,0,0.006521651364181754,3,0.0
2968,7.616769842161487e-06,2,0.0,0,0,0,0,0.012958790017766002,2,0.0
2969,9.520962302701859e-06,2,0.0,0,0,0,0,0.01039397067088777,2,0.0
2970,5.712577381621115e-06,1,3.8066669965778065e-06,1,0,0,0,0.672105804376964,2,0.0
2971,9.520962302701859e-06,2,5.710000494866709e-06,1,0,0,0,0.6038897474148801,3,0.0
2972,2.285030952648446e-05,4,1.9033334982889032e-05,3,0,0,0,0.8336852695084277,6,0.0
2973,2.094611706594409e-05,2,3.8066669965778065e-06,1,0,0,0,0.18562412174830126,3,0.0
2974,9.520962302701859e-06,1,1.142000098973342e-05,2,0,0,0,1.1973855241588727,2,0.0
2975,0.0,0,9.516667491444516e-06,2,0,0,0,96.16667491444517,2,0.0
2976,1.142515476324223e-05,1,3.8066669965778065e-06,1,0,0,0,0.3389687233561098,2,0.0
2977,7.616769842161487e-06,2,3.8066669965778065e-06,1,0,0,0,0.5062567727798837,2,0.0
2978,3.8083849210807435e-06,1,3.8066669965778065e-06,1,0,0,0,0.9995604515579641,2,0.0
2979,0.0,0,7.613333993155613e-06,2,0,0,0,77.13333993155614,2,0.0
2980,3.8083849210807435e-06,1,3.8066669965778065e-06,1,0,0,0,0.9995604515579641,2,0.0
2981,0.0,0,1.5226667986311226e-05,3,0,0,0,153.26667986311224,3,0.0
2982,0.0,0,7.613333993155613e-06,2,0,0,0,77.13333993155614,2,0.0
2983,3.8083849210807435e-06,1,3.8066669965778065e-06,1,0,0,0,0.9995604515579641,2,0.0
2984,7.616769842161487e-06,2,3.8066669965778065e-06,1,0,0,0,0.5062567727798837,2,0.0
2985,1.7137732144863347e-05,3,3.8066669965778065e-06,1,0,0,0,0.22663462709286558,3,0.0
2986,1.9041924605403718e-05,2,1.142000098973342e-05,2,0,0,0,0.6018204139452809,2,0.0
2987,5.712577381621115e-06,1,3.8066669965778065e-06,1,0,0,0,0.672105804376964,2,0.0
2988,1.7137732144863347e-05,2,0.0,0,0,0,0,0.0058012271660572755,2,0.0
2989,3.8083849210807435e-06,1,7.613333993155613e-06,2,0,0,0,1.9735348868920333,3,0.0
2990,7.616769842161487e-06,2,0.0,0,0,0,0,0.012958790017766002,2,0.0
2991,3.8083849210807435e-06,1,3.8066669965778065e-06,1,0,0,0,0.9995604515579641,2,0.0
2992,3.8083849210807435e-06,1,7.613333993155613e-06,2,0,0,0,1.9735348868920333,3,0.0
2993,9.520962302701859e-06,2,0.0,0,0,0,0,0.01039397067088777,2,0.0
2994,3.8083849210807436e-05,5,1.5226667986311226e-05,2,0,0,0,0.4013913815156491,5,0.0
2995,3.8083849210807435e-06,1,3.8066669965778065e-06,1,0,0,0,0.9995604515579641,2,0.0
2996,1.5233539684322974e-05,4,1.5226667986311226e-05,4,0,0,0,0.9995518518128743,5,0.0
2997,1.5233539684322974e-05,4,9.516667491444516e-06,2,0,0,0,0.6271655266446147,5,0.0
2998,7.616769842161487e-06,2,0.0,0,0,0,0,0.012958790017766002,2,0.0
2999,7.616769842161487e-06,2,1.142000098973342e-05,2,0,0,0,1.4928527383041192,3,0.0
3000,0.0,0,7.613333993155613e-06,2,0,0,0,77.13333993155614,2,0.0
3001,7.616769842161487e-06,2,3.8066669965778065e-06,1,0,0,0,0.5062567727798837,3,0.0
3002,5.712577381621115e-06,1,9.516667491444516e-06,2,0,0,0,1.6544584028853737,2,0.0
3003,1.5233539684322974e-05,3,3.8066669965778065e-06,1,0,0,0,0.2547792014763549,4,0.0
3004,5.712577381621115e-06,1,9.516667491444516e-06,2,0,0,0,1.6544584028853737,3,0.0
3005,3.8083849210807435e-06,1,3.8066669965778065e-06,1,0,0,0,0.9995604515579641,2,0.0
3006,2.475450198702483e-05,5,2.6646668976044643e-05,5,0,0,0,1.0761297486470502,8,0.0
3007,5.712577381621115e-06,1,3.8066669965778065e-06,1,0,0,0,0.672105804376964,2,0.0
3008,3.8083849210807435e-06,1,3.8066669965778065e-06,1,0,0,0,0.9995604515579641,2,0.0
3009,5.712577381621115e-06,1,9.516667491444516e-06,2,0,0,0,1.6544584028853737,2,0.0
3010,7.616769842161487e-06,2,0.0,0,0,0,0,0.012958790017766002,2,0.0
3011,2.475450198702483e-05,6,0.0,0,0,0,0,0.0040234159611085545,6,0.0
3012,3.8083849210807435e-06,1,3.8066669965778065e-06,1,0,0,0,0.9995604515579641,2,0.0
3013,1.142515476324223e-05,3,0.0,0,0,0,0,0.00867667307331396,3,0.0
3014,3.8083849210807435e-06,1,1.5226667986311226e-05,3,1,0,1,3.9214837575601704,4,0.25
3015,2.094611706594409e-05,4,4.758333745722258e-05,8,0,0,0,2.2656596134961964,11,0.0
3016,9.520962302701859e-06,2,1.142000098973342e-05,2,0,0,0,1.1973855241588727,3,0.0
3017,7.616769842161487e-06,2,0.0,0,0,0,0,0.012958790017766002,2,0.0
3018,0.0,0,1.3323334488022323e-05,2,0,0,0,134.23334488022326,2,0.0
3019,1.142515476324223e-05,1,1.9033334982889032e-05,2,0,0,0,1.6601369244872928,2,0.0
3020,7.616769842161487e-06,2,0.0,0,0,0,0,0.012958790017766002,2,0.0
3021,3.8083849210807435e-06,1,5.710000494866709e-06,1,0,0,0,1.4865476692249984,2,0.0
3022,3.8083849210807435e-06,1,3.8066669965778065e-06,1,0,0,0,0.9995604515579641,2,0.0
3023,3.8083849210807435e-06,1,7.613333993155613e-06,2,0,0,0,1.9735348868920333,2,0.0
3024,0.0,0,1.142000098973342e-05,3,0,0,0,115.20000989733421,3,0.0
3025,2.6658694447565206e-05,4,1.142000098973342e-05,3,0,0,0,0.43051431422812314,5,0.0
3026,3.8083849210807435e-06,1,1.1420000989733419e-05,1,0,0,0,2.947509322226102,2,0.0
3027,0.0,0,1.5226667986311226e-05,2,0,0,0,153.26667986311224,2,0.0
3028,3.8083849210807435e-06,1,3.8066669965778065e-06,1,0,0,0,0.9995604515579641,2,0.0
3029,0.0,0,9.516667491444516e-06,2,0,0,0,96.16667491444517,2,0.0
3030,7.616769842161487e-06,2,9.516667491444516e-06,2,0,0,0,1.2462037469230602,4,0.0
3031,3.8083849210807435e-06,1,3.8066669965778065e-06,1,0,0,0,0.9995604515579641,2,0.0
3032,1.7137732144863347e-05,2,1.9033334982889032e-05,3,0,0,0,1.1099682268000988,5,0.0
3033,7.616769842161487e-06,2,0.0,0,0,0,0,0.012958790017766002,2,0.0
3034,2.475450198702483e-05,3,7.613333993155613e-06,1,0,0,0,0.31033951101423485,3,0.0
3035,3.8083849210807435e-06,1,3.8066669965778065e-06,1,0,0,0,0.9995604515579641,2,0.0
3036,3.8083849210807435e-06,1,5.710000494866709e-06,1,0,0,0,1.4865476692249984,2,0.0
3037,7.616769842161487e-06,2,3.8066669965778065e-06,1,0,0,0,0.5062567727798837,3,0.0
3038,1.142515476324223e-05,3,0.0,0,0,0,0,0.00867667307331396,3,0.0
3039,5.712577381621115e-06,1,3.8066669965778065e-06,1,0,0,0,0.672105804376964,2,0.0
3040,7.616769842161487e-06,2,1.3323334488022323e-05,1,0,0,0,1.739501729685178,2,0.0
3041,1.142515476324223e-05,2,7.613333993155613e-06,2,0,0,0,0.6692607736389057,4,0.0
3042,3.8083849210807435e-06,1,3.8066669965778065e-06,1,0,0,0,0.9995604515579641,2,0.0
3043,3.8083849210807435e-06,1,5.710000494866709e-06,1,0,0,0,1.4865476692249984,2,0.0
3044,7.616769842161487e-06,2,0.0,0,0,0,0,0.012958790017766002,2,0.0
3045,7.616769842161487e-06,2,0.0,0,0,0,0,0.012958790017766002,2,0.0
3046,3.8083849210807435e-06,1,3.8066669965778065e-06,1,0,0,0,0.9995604515579641,2,0.0
3047,0.0,0,7.613333993155613e-06,2,0,0,0,77.13333993155614,2,0.0
3048,3.8083849210807435e-06,1,3.8066669965778065e-06,1,0,0,0,0.9995604515579641,2,0.0
3049,9.520962302701859e-06,2,1.3323334488022323e-05,3,0,0,0,1.3952174497402035,5,0.0
3050,9.520962302701859e-06,2,3.8066669965778065e-06,1,0,0,0,0.4060578218335493,3,0.0
3051,1.142515476324223e-05,1,1.142000098973342e-05,2,0,0,0,0.9995528239217015,2,0.0
3052,3.8083849210807435e-06,1,3.8066669965778065e-06,1,0,0,0,0.9995604515579641,2,0.0
3053,1.142515476324223e-05,1,3.8066669965778065e-06,1,0,0,0,0.3389687233561098,2,0.0
3054,1.9041924605403718e-05,2,3.8066669965778065e-06,1,0,0,0,0.20408956137435438,2,0.0
3055,1.142515476324223e-05,1,9.516667491444516e-06,2,0,0,0,0.8344067987803035,2,0.0
3056,3.8083849210807435e-06,1,7.613333993155613e-06,2,0,0,0,1.9735348868920333,3,0.0
3057,7.616769842161487e-06,2,9.516667491444516e-06,1,0,0,0,1.2462037469230602,2,0.0
3058,1.142515476324223e-05,1,1.3323334488022323e-05,2,0,0,0,1.1646988490630994,2,0.0
3059,3.8083849210807435e-06,1,3.8066669965778065e-06,1,0,0,0,0.9995604515579641,2,0.0
3060,7.616769842161487e-06,2,0.0,0,0,0,0,0.012958790017766002,2,0.0
3061,3.8083849210807435e-06,1,3.8066669965778065e-06,1,0,0,0,0.9995604515579641,2,0.0
3062,1.142515476324223e-05,1,9.516667491444516e-06,2,0,0,0,0.8344067987803035,2,0.0
3063,1.3329347223782603e-05,3,3.8066669965778065e-06,1,0,0,0,0.2909052042127054,4,0.0
3064,0.0,0,7.613333993155613e-06,2,0,0,0,77.13333993155614,2,0.0
3065,3.8083849210807435e-06,1,5.710000494866709e-06,1,0,0,0,1.4865476692249984,2,0.0
3066,1.7137732144863347e-05,3,9.516667491444516e-06,2,0,0,0,0.5578847269830781,4,0.0
3067,1.142515476324223e-05,2,1.142000098973342e-05,3,0,0,0,0.9995528239217015,5,0.0
3068,0.0,0,7.613333993155613e-06,2,0,0,0,77.13333993155614,2,0.0
3069,3.8083849210807435e-06,1,3.8066669965778065e-06,1,0,0,0,0.9995604515579641,2,0.0
3070,7.045512103999376e-05,13,2.6646668976044647e-05,6,0,0,0,0.37908898151961856,18,0.0
3071,3.8083849210807435e-06,1,1.5226667986311226e-05,4,0,0,0,3.9214837575601704,5,0.0
3072,7.616769842161487e-06,2,0.0,0,0,0,0,0.012958790017766002,2,0.0
3073,2.094611706594409e-05,2,2.6646668976044643e-05,2,0,0,0,1.2708600304863333,3,0.0
3074,5.522158135567078e-05,12,6.281000544353381e-05,10,0,0,0,1.1371693270854986,18,0.0
3075,3.8083849210807435e-06,1,5.710000494866709e-06,1,0,0,0,1.4865476692249984,2,0.0
3076,9.520962302701859e-06,2,3.8066669965778065e-06,1,0,0,0,0.4060578218335493,3,0.0
3077,3.8083849210807435e-06,1,3.8066669965778065e-06,1,0,0,0,0.9995604515579641,2,0.0
3078,0.0,0,7.613333993155613e-06,2,0,0,0,77.13333993155614,2,0.0
3079,1.5233539684322974e-05,2,2.474333547775574e-05,1,0,0,0,1.620195727093307,2,0.0
3080,3.8083849210807435e-06,1,3.8066669965778065e-06,1,0,0,0,0.9995604515579641,2,0.0
3081,1.5233539684322974e-05,4,1.142000098973342e-05,3,0,0,0,0.7512943017007013,7,0.0
3082,7.616769842161487e-06,1,7.613333993155613e-06,2,0,0,0,0.9995547555420015,3,0.0
3083,9.520962302701859e-06,2,9.516667491444516e-06,2,0,0,0,0.9995535985775418,4,0.0
3084,3.237127182918632e-05,7,9.516667491444516e-06,2,0,0,0,0.29615924938304133,9,0.0
3085,7.616769842161487e-06,2,3.8066669965778065e-06,1,0,0,0,0.5062567727798837,2,0.0
3086,1.7137732144863347e-05,3,0.0,0,0,0,0,0.0058012271660572755,3,0.0
3087,2.285030952648446e-05,5,1.3323334488022323e-05,3,0,0,0,0.584886860568565,7,0.0
3088,7.616769842161487e-06,2,0.0,0,0,0,0,0.012958790017766002,2,0.0
3089,7.616769842161487e-06,2,0.0,0,0,0,0,0.012958790017766002,2,0.0
3090,9.520962302701859e-06,1,3.8066669965778065e-06,1,0,0,0,0.4060578218335493,2,0.0
3091,3.8083849210807435e-06,1,5.710000494866709e-06,1,0,0,0,1.4865476692249984,2,0.0
3092,5.712577381621115e-06,1,3.8066669965778065e-06,1,0,0,0,0.672105804376964,2,0.0
3093,0.0,0,1.3323334488022323e-05,2,0,0,0,134.23334488022326,2,0.0
3094,1.142515476324223e-05,2,1.5226667986311226e-05,3,2,1,2,1.329844874204497,4,0.5
3095,1.3329347223782603e-05,3,0.0,0,0,0,0,0.007446378318590626,3,0.0
3096,3.8083849210807435e-06,1,3.8066669965778065e-06,1,0,0,0,0.9995604515579641,2,0.0
3097,5.712577381621115e-06,1,6.852000593840052e-05,1,0,0,0,11.80543525413894,2,0.0
3098,5.712577381621115e-06,1,9.516667491444516e-06,2,0,0,0,1.6544584028853737,2,0.0
3099,1.5233539684322974e-05,2,1.1420000989733419e-05,1,0,0,0,0.7512943017007012,2,0.0
3100,7.616769842161487e-06,2,0.0,0,0,0,0,0.012958790017766002,2,0.0
3101,3.8083849210807435e-06,1,3.8066669965778065e-06,1,0,0,0,0.9995604515579641,2,0.0
3102,3.8083849210807435e-06,1,7.613333993155613e-06,2,0,0,0,1.9735348868920333,3,0.0
3103,5.712577381621115e-06,1,7.613333993155613e-06,2,0,0,0,1.3270075367159038,3,0.0
3104,3.8083849210807435e-06,1,3.8066669965778065e-06,1,0,0,0,0.9995604515579641,2,0.0
3105,1.3329347223782603e-05,2,7.613333993155613e-06,2,0,0,0,0.5743640301068202,3,0.0
3106,2.475450198702483e-05,3,9.516667491444516e-06,2,0,0,0,0.38691853477751637,3,0.0
3107,9.520962302701859e-06,2,3.8066669965778065e-06,1,0,0,0,0.4060578218335493,2,0.0
3108,3.8083849210807435e-06,1,3.8066669965778065e-06,1,0,0,0,0.9995604515579641,2,0.0
3109,3.8083849210807435e-06,1,3.8066669965778065e-06,1,0,0,0,0.9995604515579641,2,0.0
3110,9.520962302701859e-06,2,3.8066669965778065e-06,1,0,0,0,0.4060578218335493,2,0.0
3111,1.5233539684322974e-05,2,0.0,0,0,0,0,0.006521651364181754,2,0.0
3112,1.5233539684322974e-05,3,0.0,0,0,0,0,0.006521651364181754,3,0.0
3113,0.0,0,9.516667491444516e-06,2,0,0,0,96.16667491444517,2,0.0
3114,3.8083849210807435e-06,1,1.3323334488022323e-05,2,0,0,0,3.4344965398931366,2,0.0
3115,9.520962302701859e-06,2,0.0,0,0,0,0,0.01039397067088777,2,0.0
3116,1.142515476324223e-05,2,3.8066669965778065e-06,1,0,0,0,0.3389687233561098,3,0.0
3117,0.0,0,7.613333993155613e-06,2,0,0,0,77.13333993155614,2,0.0
3118,1.142515476324223e-05,1,9.516667491444516e-06,2,0,0,0,0.8344067987803035,2,0.0
3119,1.5233539684322974e-05,2,3.8066669965778065e-06,1,0,0,0,0.2547792014763549,2,0.0
3120,1.142515476324223e-05,2,1.713000148460013e-05,2,0,0,0,1.494990899345895,3,0.0
3121,9.520962302701859e-06,2,0.0,0,0,0,0,0.01039397067088777,2,0.0
3122,2.8562886908105577e-05,5,1.3323334488022323e-05,2,0,0,0,0.4683176028659674,6,0.0
3123,9.520962302701859e-06,2,0.0,0,0,0,0,0.01039397067088777,2,0.0
3124,7.616769842161487e-06,2,0.0,0,0,0,0,0.012958790017766002,2,0.0
3125,1.9041924605403718e-05,4,5.710000494866709e-06,1,0,0,0,0.30352227451708597,5,0.0
3126,1.7137732144863347e-05,2,2.855000247433355e-05,1,0,0,0,1.6620517266171195,2,0.0
3127,1.5233539684322974e-05,4,0.0,0,0,0,0,0.006521651364181754,4,0.0
3128,7.616769842161487e-06,2,5.710000494866709e-06,1,0,0,0,0.7529057641609425,2,0.0
3129,3.8083849210807435e-06,1,3.8066669965778065e-06,1,0,0,0,0.9995604515579641,2,0.0
3130,7.616769842161487e-06,2,7.613333993155613e-06,2,0,0,0,0.9995547555420015,3,0.0
3131,7.616769842161487e-06,2,3.8066669965778065e-06,1,0,0,0,0.5062567727798837,3,0.0
3132,1.5233539684322974e-05,2,1.713000148460013e-05,3,0,0,0,1.1236806268689608,4,0.0
3133,0.0,0,1.142000098973342e-05,3,0,0,0,115.20000989733421,3,0.0
3134,1.7137732144863347e-05,4,1.142000098973342e-05,2,0,0,0,0.6683014269464823,5,0.0
3135,0.0,0,7.613333993155613e-06,2,0,0,0,77.13333993155614,2,0.0
3136,1.5233539684322974e-05,2,7.613333993155613e-06,1,0,0,0,0.5030367515885281,2,0.0
3137,7.616769842161487e-06,2,0.0,0,0,0,0,0.012958790017766002,2,0.0
3138,3.8083849210807435e-06,1,3.8066669965778065e-06,1,0,0,0,0.9995604515579641,2,0.0
3139,3.8083849210807435e-06,1,3.8066669965778065e-06,1,0,0,0,0.9995604515579641,2,0.0
3140,3.8083849210807435e-06,1,3.8066669965778065e-06,1,0,0,0,0.9995604515579641,2,0.0
3141,1.7137732144863347e-05,2,0.0,0,0,0,0,0.0058012271660572755,2,0.0
3142,3.8083849210807435e-06,1,3.8066669965778065e-06,1,0,0,0,0.9995604515579641,2,0.0
3143,3.8083849210807435e-06,1,3.8066669965778065e-06,1,0,0,0,0.9995604515579641,2,0.0
3144,4.760481151350929e-05,9,4.3776670460644776e-05,8,0,0,0,0.9197535650721428,12,0.0
3145,2.094611706594409e-05,2,7.613333993155613e-06,2,0,0,0,0.36649677320463997,2,0.0
3146,3.8083849210807435e-06,1,3.8066669965778065e-06,1,0,0,0,0.9995604515579641,2,0.0
3147,2.475450198702483e-05,4,3.997000346406696e-05,3,0,0,0,1.6121829149900213,5,0.0
3148,3.237127182918632e-05,8,2.2840001979466837e-05,4,0,0,0,0.7064706950852339,10,0.0
3149,7.616769842161487e-06,2,0.0,0,0,0,0,0.012958790017766002,2,0.0
3150,7.616769842161487e-06,2,7.613333993155613e-06,2,0,0,0,0.9995547555420015,3,0.0
3151,1.5233539684322974e-05,2,0.0,0,0,0,0,0.006521651364181754,2,0.0
3152,3.8083849210807435e-06,1,7.613333993155613e-06,2,0,0,0,1.9735348868920333,2,0.0
3153,3.8083849210807435e-06,1,3.8066669965778065e-06,1,0,0,0,0.9995604515579641,2,0.0
3154,3.8083849210807435e-06,1,3.8066669965778065e-06,1,0,0,0,0.9995604515579641,2,0.0
3155,1.7137732144863347e-05,2,0.0,0,0,0,0,0.0058012271660572755,2,0.0
3156,3.8083849210807435e-06,1,7.613333993155613e-06,2,0,0,0,1.9735348868920333,2,0.0
3157,3.8083849210807435e-06,1,7.613333993155613e-06,2,0,0,0,1.9735348868920333,3,0.0
3158,1.3329347223782603e-05,2,3.8066669965778065e-06,1,0,0,0,0.2909052042127054,3,0.0
3159,1.142515476324223e-05,2,1.3323334488022323e-05,2,0,0,0,1.1646988490630994,3,0.0
3160,5.712577381621115e-06,1,1.3323334488022323e-05,3,0,0,0,2.3093601352243134,4,0.0
3161,0.0,0,7.613333993155613e-06,2,0,0,0,77.13333993155614,2,0.0
3162,2.6658694447565202e-05,3,2.2840001979466837e-05,4,0,0,0,0.8572915253551979,6,0.0
3163,3.8083849210807435e-06,1,3.8066669965778065e-06,1,0,0,0,0.9995604515579641,2,0.0
3164,7.616769842161487e-06,2,3.8066669965778065e-06,1,0,0,0,0.5062567727798837,3,0.0
3165,1.9041924605403718e-05,3,1.3323334488022323e-05,2,0,0,0,0.7012531270880124,4,0.0
3166,7.616769842161487e-06,2,5.710000494866709e-06,1,0,0,0,0.7529057641609425,2,0.0
3167,9.520962302701859e-06,2,0.0,0,0,0,0,0.01039397067088777,2,0.0
3168,3.8083849210807435e-06,1,3.8066669965778065e-06,1,0,0,0,0.9995604515579641,2,0.0
3169,2.285030952648446e-05,3,2.474333547775574e-05,1,0,0,0,1.0824836784482903,4,0.0
3170,7.616769842161487e-06,2,0.0,0,0,0,0,0.012958790017766002,2,0.0
3171,3.8083849210807435e-06,1,7.613333993155613e-06,1,0,0,0,1.9735348868920333,2,0.0
3172,5.712577381621115e-06,1,1.142000098973342e-05,3,0,0,0,1.9819092690548437,3,0.0
3173,2.094611706594409e-05,3,7.613333993155613e-06,1,0,0,0,0.36649677320463997,3,0.0
3174,2.285030952648446e-05,3,3.8066669965778065e-06,1,0,0,0,0.17022284566879356,3,0.0
3175,2.094611706594409e-05,2,0.0,0,0,0,0,0.00475147029196258,2,0.0
3176,3.8083849210807435e-06,1,3.8066669965778065e-06,1,0,0,0,0.9995604515579641,2,0.0
3177,1.7137732144863347e-05,2,1.3323334488022322e-05,1,0,0,0,0.7787181269098864,2,0.0
3178,1.9041924605403718e-05,2,1.713000148460013e-05,2,0,0,0,0.9001185533734755,3,0.0
3179,1.9041924605403718e-05,2,2.8550002474333546e-05,2,0,0,0,1.496714832229865,2,0.0
3180,1.142515476324223e-05,1,1.3323334488022323e-05,2,0,0,0,1.1646988490630994,2,0.0
3181,3.8083849210807435e-06,1,3.8066669965778065e-06,1,0,0,0,0.9995604515579641,2,0.0
3182,9.520962302701859e-06,2,0.0,0,0,0,0,0.01039397067088777,2,0.0
3183,9.520962302701859e-06,2,9.516667491444516e-06,2,0,0,0,0.9995535985775418,4,0.0
3184,7.616769842161487e-06,1,3.8066669965778065e-06,1,0,0,0,0.5062567727798837,2,0.0
3185,0.0,0,7.613333993155613e-06,2,0,0,0,77.13333993155614,2,0.0
3186,1.5233539684322974e-05,2,0.0,0,0,0,0,0.006521651364181754,2,0.0
3187,1.142515476324223e-05,1,3.8066669965778065e-06,1,0,0,0,0.3389687233561098,2,0.0
3188,2.285030952648446e-05,4,0.0,0,0,0,0,0.0043572397088850095,4,0.0
3189,0.0,0,1.142000098973342e-05,2,0,0,0,115.20000989733421,2,0.0
3190,1.9041924605403718e-05,2,2.6646668976044647e-05,2,0,0,0,1.3972821190871334,2,0.0
3191,3.8083849210807435e-06,1,7.613333993155613e-06,2,0,0,0,1.9735348868920333,3,0.0
3192,1.142515476324223e-05,3,0.0,0,0,0,0,0.00867667307331396,3,0.0
3193,0.0,0,7.613333993155613e-06,2,0,0,0,77.13333993155614,2,0.0
3194,1.5233539684322974e-05,4,7.613333993155613e-06,2,0,0,0,0.5030367515885281,6,0.0
3195,9.520962302701859e-06,1,7.613333993155613e-06,2,0,0,0,0.801721672996211,2,0.0
3196,1.3329347223782603e-05,2,7.613333993155613e-06,2,0,0,0,0.5743640301068202,2,0.0
3197,7.616769842161487e-06,1,3.8066669965778065e-06,1,0,0,0,0.5062567727798837,2,0.0
3198,9.520962302701859e-06,2,3.8066669965778065e-06,1,0,0,0,0.4060578218335493,2,0.0
3199,3.8083849210807435e-06,1,3.8066669965778065e-06,1,0,0,0,0.9995604515579641,2,0.0
3200,3.8083849210807435e-06,1,3.8066669965778065e-06,1,0,0,0,0.9995604515579641,2,0.0
3201,3.8083849210807435e-06,1,3.8066669965778065e-06,1,0,0,0,0.9995604515579641,2,0.0
3202,3.8083849210807435e-06,1,3.8066669965778065e-06,1,0,0,0,0.9995604515579641,2,0.0
3203,3.8083849210807435e-06,1,3.8066669965778065e-06,1,0,0,0,0.9995604515579641,2,0.0
3204,1.3329347223782601e-05,3,0.0,0,0,0,0,0.007446378318590627,3,0.0
3205,3.8083849210807435e-06,1,1.5226667986311226e-05,3,0,0,0,3.9214837575601704,4,0.0
3206,9.520962302701859e-06,2,7.613333993155613e-06,1,0,0,0,0.801721672996211,2,0.0
3207,2.285030952648446e-05,6,1.5226667986311226e-05,4,0,0,0,0.6678196635485192,10,0.0
3208,1.5233539684322974e-05,2,3.235666947091135e-05,5,0,0,0,2.1167108273176534,6,0.0
3209,3.4275464289726694e-05,7,1.9033334982889032e-05,3,0,0,0,0.5565985908329139,9,0.0
3210,1.3329347223782601e-05,3,7.613333993155613e-06,2,0,0,0,0.5743640301068202,4,0.0
3211,1.5233539684322974e-05,2,3.8066669965778065e-06,1,0,0,0,0.2547792014763549,3,0.0
3212,3.0467079368645948e-05,4,3.8066669965778064e-05,6,0,0,0,1.248620108760779,9,0.0
3213,1.142515476324223e-05,1,5.710000494866709e-06,1,0,0,0,0.5041147484975076,2,0.0
3214,1.142515476324223e-05,1,1.5226667986311226e-05,3,0,0,0,1.329844874204497,4,0.0
3215,3.8083849210807435e-06,1,3.8066669965778065e-06,1,0,0,0,0.9995604515579641,2,0.0
3216,1.7137732144863347e-05,2,1.3323334488022323e-05,1,0,0,0,0.7787181269098864,2,0.0
3217,0.0,0,7.613333993155613e-06,2,0,0,0,77.13333993155614,2,0.0
3218,9.520962302701859e-06,2,3.8066669965778065e-06,1,0,0,0,0.4060578218335493,3,0.0
3219,9.520962302701859e-06,2,7.613333993155613e-06,2,0,0,0,0.801721672996211,4,0.0
3220,0.0,0,7.613333993155613e-06,2,0,0,0,77.13333993155614,2,0.0
3221,2.094611706594409e-05,2,0.0,0,0,0,0,0.00475147029196258,2,0.0
3222,1.7137732144863347e-05,3,1.713000148460013e-05,3,0,0,0,0.9995515268366946,4,0.0
3223,3.8083849210807435e-06,1,5.710000494866709e-06,1,0,0,0,1.4865476692249984,2,0.0
3224,3.8083849210807435e-06,1,3.8066669965778065e-06,1,0,0,0,0.9995604515579641,2,0.0
3225,1.5233539684322974e-05,2,1.142000098973342e-05,2,0,0,0,0.7512943017007013,2,0.0
3226,3.8083849210807435e-06,1,3.8066669965778065e-06,1,0,0,0,0.9995604515579641,2,0.0
3227,2.094611706594409e-05,4,1.3323334488022323e-05,3,1,0,1,0.6378057503891481,6,0.16666666666666666
3228,7.616769842161487e-06,2,3.8066669965778065e-06,1,0,0,0,0.5062567727798837,3,0.0
3229,3.8083849210807435e-06,1,3.8066669965778065e-06,1,0,0,0,0.9995604515579641,2,0.0
3230,1.142515476324223e-05,3,1.142000098973342e-05,3,0,0,0,0.9995528239217015,6,0.0
3231,1.3329347223782603e-05,1,1.5226667986311226e-05,4,0,0,0,1.1412816818950495,4,0.0
3232,2.285030952648446e-05,3,1.9033334982889032e-05,2,0,0,0,0.8336852695084277,4,0.0
3233,9.520962302701859e-06,2,3.8066669965778065e-06,1,0,0,0,0.4060578218335493,3,0.0
3234,2.094611706594409e-05,2,3.8066669965778065e-06,1,0,0,0,0.18562412174830126,3,0.0
3235,1.3329347223782603e-05,3,3.8066669965778065e-06,1,0,0,0,0.2909052042127054,4,0.0
3236,3.8083849210807435e-06,1,3.8066669965778065e-06,1,0,0,0,0.9995604515579641,2,0.0
3237,0.0,0,1.142000098973342e-05,2,0,0,0,115.20000989733421,2,0.0
3238,1.3329347223782601e-05,3,1.3323334488022323e-05,3,0,0,0,0.9995522689479925,5,0.0
3239,3.8083849210807435e-06,1,7.613333993155613e-06,2,0,0,0,1.9735348868920333,3,0.0
3240,1.142515476324223e-05,1,3.8066669965778065e-06,1,0,0,0,0.3389687233561098,2,0.0
3241,3.8083849210807435e-06,1,9.516667491444516e-06,2,0,0,0,2.4605221045590673,3,0.0
3242,1.142515476324223e-05,2,9.516667491444516e-06,1,0,0,0,0.8344067987803035,2,0.0
3243,0.0,0,7.613333993155613e-06,2,0,0,0,77.13333993155614,2,0.0
3244,7.616769842161487e-06,2,0.0,0,0,0,0,0.012958790017766002,2,0.0
3245,1.7137732144863347e-05,2,3.8066669965778065e-06,1,0,0,0,0.22663462709286558,2,0.0
3246,1.7137732144863347e-05,4,3.8066669965778065e-06,1,0,0,0,0.22663462709286558,5,0.0
3247,7.616769842161487e-06,2,0.0,0,0,0,0,0.012958790017766002,2,0.0
3248,3.4275464289726694e-05,3,2.0936668481177935e-05,3,0,0,0,0.6119675447544388,5,0.0
3249,3.8083849210807435e-06,1,3.8066669965778065e-06,1,0,0,0,0.9995604515579641,2,0.0
3250,7.616769842161487e-06,1,3.8066669965778065e-06,1,0,0,0,0.5062567727798837,2,0.0
3251,1.142515476324223e-05,1,1.713000148460013e-05,2,0,0,0,1.494990899345895,2,0.0
3252,1.3329347223782601e-05,3,5.710000494866709e-06,1,0,0,0,0.4326346171597628,3,0.0
3253,1.5233539684322974e-05,2,3.8066669965778065e-06,1,0,0,0,0.2547792014763549,2,0.0
3254,7.616769842161487e-06,2,1.3323334488022323e-05,2,0,0,0,1.739501729685178,4,0.0
3255,3.8083849210807436e-05,8,7.613333993155613e-06,2,0,0,0,0.2020051449127464,9,0.0
3256,3.8083849210807435e-06,1,3.8066669965778065e-06,1,0,0,0,0.9995604515579641,2,0.0
3257,9.520962302701859e-06,2,0.0,0,0,0,0,0.01039397067088777,2,0.0
3258,3.8083849210807435e-06,1,7.613333993155613e-06,2,0,0,0,1.9735348868920333,2,0.0
3259,0.0,0,1.3323334488022323e-05,2,0,0,0,134.23334488022326,2,0.0
3260,3.8083849210807436e-05,7,5.710000494866709e-06,1,0,0,0,0.15215858576202068,8,0.0
3261,7.616769842161487e-06,2,0.0,0,0,0,0,0.012958790017766002,2,0.0
3262,3.8083849210807435e-06,1,5.710000494866709e-06,1,0,0,0,1.4865476692249984,2,0.0
3263,0.0,0,7.613333993155613e-06,2,0,0,0,77.13333993155614,2,0.0
3264,7.616769842161487e-06,2,0.0,0,0,0,0,0.012958790017766002,2,0.0
3265,7.616769842161487e-06,1,3.8066669965778065e-06,1,0,0,0,0.5062567727798837,2,0.0
3266,1.5233539684322974e-05,2,0.0,0,0,0,0,0.006521651364181754,2,0.0
3267,2.475450198702483e-05,4,0.0,0,0,0,0,0.0040234159611085545,4,0.0
3268,2.285030952648446e-05,3,1.9033334982889032e-05,3,0,0,0,0.8336852695084277,5,0.0
3269,5.712577381621115e-06,1,3.8066669965778065e-06,1,0,0,0,0.672105804376964,2,0.0
3270,2.6658694447565202e-05,4,2.474333547775574e-05,5,0,0,0,0.9284210605430437,9,0.0
3271,1.9041924605403718e-05,3,1.713000148460013e-05,3,0,0,0,0.9001185533734755,5,0.0
3272,3.8083849210807435e-06,1,3.8066669965778065e-06,1,0,0,0,0.9995604515579641,2,0.0
3273,3.4275464289726694e-05,5,4.758333745722258e-05,6,0,0,0,1.387132899655788,9,0.0
3274,1.5233539684322974e-05,2,1.5226667986311226e-05,2,2,1,2,0.9995518518128743,3,0.6666666666666666
3275,7.616769842161487e-06,2,1.142000098973342e-05,3,0,0,0,1.4928527383041192,5,0.0
3276,7.616769842161487e-06,2,5.710000494866709e-06,1,0,0,0,0.7529057641609425,2,0.0
3277,9.520962302701859e-06,2,0.0,0,0,0,0,0.01039397067088777,2,0.0
3278,9.520962302701859e-06,2,1.142000098973342e-05,3,0,0,0,1.1973855241588727,5,0.0
3279,1.5233539684322974e-05,2,0.0,0,0,0,0,0.006521651364181754,2,0.0
3280,1.142515476324223e-05,3,1.9033334982889032e-05,3,0,0,0,1.6601369244872928,4,0.0
3281,3.8083849210807435e-06,1,3.8066669965778065e-06,1,2,1,1,0.9995604515579641,2,0.5
3282,5.712577381621115e-06,1,3.8066669965778065e-06,1,0,0,0,0.672105804376964,2,0.0
3283,3.8083849210807435e-06,1,5.710000494866709e-06,1,0,0,0,1.4865476692249984,2,0.0
3284,1.142515476324223e-05,1,2.6646668976044647e-05,2,1,1,1,2.3207210250528845,2,0.5
3285,1.5233539684322974e-05,2,7.613333993155613e-06,2,0,0,0,0.5030367515885281,3,0.0
3286,1.5233539684322974e-05,2,7.613333993155613e-06,1,0,0,0,0.5030367515885281,2,0.0
3287,1.5233539684322974e-05,2,1.5226667986311226e-05,1,0,0,0,0.9995518518128743,2,0.0
3288,1.142515476324223e-05,1,5.710000494866709e-06,1,0,0,0,0.5041147484975076,2,0.0
3289,7.616769842161487e-06,2,0.0,0,0,0,0,0.012958790017766002,2,0.0
3290,1.142515476324223e-05,1,3.8066669965778065e-06,1,0,0,0,0.3389687233561098,2,0.0
3291,3.8083849210807435e-06,1,3.8066669965778065e-06,1,0,0,0,0.9995604515579641,2,0.0
3292,0.0,0,7.613333993155613e-06,2,0,0,0,77.13333993155614,2,0.0
3293,3.8083849210807435e-06,1,7.613333993155613e-06,2,0,0,0,1.9735348868920333,3,0.0
3294,2.8562886908105577e-05,5,4.3776670460644776e-05,8,0,0,0,1.530783364610663,12,0.0
3295,2.094611706594409e-05,3,7.613333993155613e-06,2,0,0,0,0.36649677320463997,5,0.0
3296,3.6179656750267065e-05,8,2.6646668976044647e-05,5,0,0,0,0.7372359986798319,13,0.0
3297,3.8083849210807435e-06,1,3.8066669965778065e-06,1,0,0,0,0.9995604515579641,2,0.0
3298,9.520962302701859e-06,2,3.8066669965778065e-06,1,0,0,0,0.4060578218335493,3,0.0
3299,3.8083849210807435e-06,1,3.8066669965778065e-06,1,0,0,0,0.9995604515579641,2,0.0
3300,1.9041924605403718e-05,2,9.516667491444516e-06,1,0,0,0,0.5023877008025491,2,0.0
3301,0.00012567670239566455,22,0.00019414001682546814,38,0,0,0,1.5443242915880697,57,0.0
3302,3.8083849210807435e-06,1,3.8066669965778065e-06,1,0,0,0,0.9995604515579641,2,0.0
3303,7.616769842161487e-06,2,3.8066669965778065e-06,1,0,0,0,0.5062567727798837,3,0.0
3304,1.142515476324223e-05,1,9.516667491444516e-06,2,0,0,0,0.8344067987803035,2,0.0
3305,7.616769842161487e-06,2,1.142000098973342e-05,2,0,0,0,1.4928527383041192,3,0.0
3306,1.5233539684322974e-05,4,3.8066669965778065e-06,1,0,0,0,0.2547792014763549,5,0.0
3307,1.142515476324223e-05,1,9.516667491444516e-06,2,0,0,0,0.8344067987803035,2,0.0
3308,3.0467079368645945e-05,5,1.713000148460013e-05,4,0,0,0,0.5636783703409273,9,0.0
3309,2.8562886908105577e-05,5,2.0936668481177935e-05,5,0,0,0,0.7339340433021412,10,0.0
3310,7.616769842161487e-06,2,3.8066669965778065e-06,1,0,0,0,0.5062567727798837,3,0.0
3311,1.5233539684322974e-05,2,2.6646668976044647e-05,3,0,0,0,1.7443245021493938,4,0.0
3312,1.5233539684322974e-05,2,9.326334141615626e-05,6,4,0,4,6.088831629112423,7,0.5714285714285714
3313,3.6179656750267065e-05,6,1.3323334488022323e-05,3,0,0,0,0.3699961821695987,8,0.0
3314,1.142515476324223e-05,1,2.2840001979466837e-05,4,0,0,0,1.9904289747700885,4,0.0
3315,3.8083849210807435e-06,1,3.8066669965778065e-06,1,0,0,0,0.9995604515579641,2,0.0
3316,1.9041924605403718e-05,4,1.5226667986311226e-05,2,0,0,0,0.8006858402307439,5,0.0
3317,1.142515476324223e-05,1,1.3323334488022323e-05,2,0,0,0,1.1646988490630994,2,0.0
3318,1.142515476324223e-05,1,4.187333696235587e-05,4,0,0,0,3.641889226184068,4,0.0
3319,3.8083849210807435e-06,1,3.8066669965778065e-06,1,0,0,0,0.9995604515579641,2,0.0
3320,2.8562886908105577e-05,6,2.6646668976044647e-05,7,0,0,0,0.9331463736292717,11,0.0
3321,3.8083849210807435e-06,1,3.8066669965778065e-06,1,0,0,0,0.9995604515579641,2,0.0
3322,7.616769842161487e-06,2,1.142000098973342e-05,2,0,0,0,1.4928527383041192,3,0.0
3323,7.616769842161487e-06,2,0.0,0,0,0,0,0.012958790017766002,2,0.0
3324,3.8083849210807435e-06,1,7.613333993155613e-06,1,0,0,0,1.9735348868920333,2,0.0
3325,1.5233539684322974e-05,2,0.0,0,0,0,0,0.006521651364181754,2,0.0
3326,3.8083849210807435e-06,1,3.8066669965778065e-06,1,0,0,0,0.9995604515579641,2,0.0
3327,2.285030952648446e-05,2,0.0,0,0,0,0,0.0043572397088850095,2,0.0
3328,3.2371271829186316e-05,4,3.0453335972622452e-05,7,0,0,0,0.94093437834363,10,0.0
3329,7.616769842161487e-06,2,1.1420000989733419e-05,1,0,0,0,1.492852738304119,2,0.0
3330,3.8083849210807435e-06,1,3.8066669965778065e-06,1,0,0,0,0.9995604515579641,2,0.0
3331,2.285030952648446e-05,6,2.474333547775574e-05,5,0,0,0,1.0824836784482903,11,0.0
3332,1.5233539684322974e-05,2,3.8066669965778065e-06,1,0,0,0,0.2547792014763549,2,0.0
3333,1.7137732144863347e-05,3,7.613333993155613e-06,2,0,0,0,0.447468027019674,4,0.0
3334,1.5233539684322974e-05,2,0.0,0,0,0,0,0.006521651364181754,2,0.0
3335,1.142515476324223e-05,2,7.613333993155613e-06,2,0,0,0,0.6692607736389057,4,0.0
3336,5.712577381621115e-06,1,7.613333993155613e-06,2,0,0,0,1.3270075367159038,2,0.0
3337,2.475450198702483e-05,5,1.713000148460013e-05,1,0,0,0,0.6932346298306425,5,0.0
3338,1.142515476324223e-05,2,7.613333993155613e-06,1,0,0,0,0.6692607736389057,3,0.0
3339,2.094611706594409e-05,4,7.613333993155613e-06,2,0,0,0,0.36649677320463997,5,0.0
3340,9.520962302701859e-06,2,0.0,0,0,0,0,0.01039397067088777,2,0.0
3341,0.0,0,7.613333993155613e-06,2,0,0,0,77.13333993155614,2,0.0
3342,2.094611706594409e-05,5,3.8066669965778065e-06,1,0,0,0,0.18562412174830126,6,0.0
3343,1.142515476324223e-05,2,0.0,0,0,0,0,0.00867667307331396,2,0.0
3344,1.142515476324223e-05,1,3.8066669965778065e-06,1,0,0,0,0.3389687233561098,2,0.0
3345,1.5233539684322974e-05,3,9.516667491444516e-06,2,0,0,0,0.6271655266446147,4,0.0
3346,2.475450198702483e-05,4,3.6163336467489164e-05,4,2,1,1,1.4590248674634585,7,0.14285714285714285
3347,5.712577381621115e-06,1,1.3323334488022323e-05,3,0,0,0,2.3093601352243134,4,0.0
3348,1.7137732144863347e-05,2,2.6646668976044647e-05,3,0,0,0,1.5516350266537156,3,0.0
3349,1.9041924605403718e-05,5,1.3323334488022323e-05,3,1,1,0,0.7012531270880124,8,0.0
3350,7.616769842161487e-06,2,0.0,0,0,0,0,0.012958790017766002,2,0.0
3351,7.616769842161487e-06,2,0.0,0,0,0,0,0.012958790017766002,2,0.0
3352,1.142515476324223e-05,1,3.045333597262245e-05,3,0,0,0,2.65101307533568,3,0.0
3353,7.616769842161487e-06,2,7.613333993155613e-06,2,0,0,0,0.9995547555420015,4,0.0
3354,1.5233539684322974e-05,2,3.8066669965778065e-06,1,0,0,0,0.2547792014763549,3,0.0
3355,0.0,0,1.142000098973342e-05,3,0,0,0,115.20000989733421,3,0.0
3356,7.616769842161487e-06,2,3.8066669965778065e-06,1,0,0,0,0.5062567727798837,2,0.0
3357,1.7137732144863347e-05,4,1.9033334982889032e-05,4,0,0,0,1.1099682268000988,8,0.0
3358,1.142515476324223e-05,1,1.142000098973342e-05,2,0,0,0,0.9995528239217015,2,0.0
3359,1.9041924605403718e-05,3,0.0,0,0,0,0,0.005224135088891232,3,0.0
3360,1.142515476324223e-05,2,2.855000247433355e-05,6,0,0,0,2.4858670501942823,8,0.0
3361,1.9041924605403718e-05,3,5.710000494866709e-06,1,0,0,0,0.30352227451708597,3,0.0
3362,3.8083849210807435e-06,1,3.8066669965778065e-06,1,0,0,0,0.9995604515579641,2,0.0
3363,3.8083849210807435e-06,1,3.8066669965778065e-06,1,0,0,0,0.9995604515579641,2,0.0
3364,1.5233539684322974e-05,2,3.8066669965778065e-06,1,0,0,0,0.2547792014763549,2,0.0
3365,3.0467079368645948e-05,5,9.516667491444516e-06,2,0,0,0,0.3146086472791631,7,0.0
3366,3.8083849210807435e-06,1,9.516667491444516e-06,2,0,0,0,2.4605221045590673,3,0.0
3367,3.998804167134781e-05,6,3.8066669965778064e-05,6,0,0,0,0.9520712006507664,11,0.0
3368,3.8083849210807435e-06,1,3.8066669965778065e-06,1,0,0,0,0.9995604515579641,2,0.0
3369,2.094611706594409e-05,2,5.710000494866709e-06,1,0,0,0,0.27606044747647057,2,0.0
3370,0.0,0,1.3323334488022323e-05,2,0,0,0,134.23334488022326,2,0.0
3371,3.8083849210807436e-05,9,6.47133389418227e-05,9,0,0,0,1.697401919434517,17,0.0
3372,7.616769842161487e-06,2,0.0,0,0,0,0,0.012958790017766002,2,0.0
3373,3.8083849210807435e-06,1,3.8066669965778065e-06,1,0,0,0,0.9995604515579641,2,0.0
3374,3.8083849210807435e-06,1,3.8066669965778065e-06,1,0,0,0,0.9995604515579641,2,0.0
3375,3.8083849210807435e-06,1,3.8066669965778065e-06,1,0,0,0,0.9995604515579641,2,0.0
3376,3.8083849210807435e-06,1,5.710000494866709e-06,1,0,0,0,1.4865476692249984,2,0.0
3377,1.5233539684322974e-05,2,0.0,0,0,0,0,0.006521651364181754,2,0.0
3378,7.616769842161487e-06,2,3.8066669965778065e-06,1,0,0,0,0.5062567727798837,3,0.0
3379,7.616769842161487e-06,2,0.0,0,0,0,0,0.012958790017766002,2,0.0
3380,3.8083849210807435e-06,1,7.613333993155613e-06,2,0,0,0,1.9735348868920333,2,0.0
3381,3.6179656750267065e-05,5,2.474333547775574e-05,6,0,0,0,0.6847731677497985,8,0.0
3382,7.616769842161487e-06,2,0.0,0,0,0,0,0.012958790017766002,2,0.0
3383,0.0,0,7.613333993155613e-06,2,0,0,0,77.13333993155614,2,0.0
3384,2.094611706594409e-05,5,1.142000098973342e-05,2,0,0,0,0.5473694246609787,6,0.0
3385,1.142515476324223e-05,2,0.0,0,0,0,0,0.00867667307331396,2,0.0
3386,0.0,0,9.516667491444516e-06,2,0,0,0,96.16667491444517,2,0.0
3387,1.142515476324223e-05,1,7.613333993155613e-06,2,0,0,0,0.6692607736389057,2,0.0
3388,9.520962302701859e-06,2,0.0,0,0,0,0,0.01039397067088777,2,0.0
3389,1.7137732144863347e-05,2,0.0,0,0,0,0,0.0058012271660572755,2,0.0
3390,1.5233539684322974e-05,2,0.0,0,0,0,0,0.006521651364181754,2,0.0
3391,1.5233539684322974e-05,2,1.1420000989733419e-05,1,0,0,0,0.7512943017007012,2,0.0
3392,1.142515476324223e-05,3,5.710000494866709e-06,1,0,0,0,0.5041147484975076,4,0.0
3393,7.616769842161487e-06,2,3.8066669965778065e-06,1,0,0,0,0.5062567727798837,3,0.0
3394,3.8083849210807435e-06,1,5.710000494866709e-06,1,0,0,0,1.4865476692249984,2,0.0
3395,1.5233539684322974e-05,3,3.0453335972622452e-05,4,0,0,0,1.9925820522615671,6,0.0
3396,7.616769842161487e-06,2,0.0,0,0,0,0,0.012958790017766002,2,0.0
3397,7.616769842161487e-06,2,0.0,0,0,0,0,0.012958790017766002,2,0.0
3398,3.8083849210807435e-06,1,3.8066669965778065e-06,1,0,0,0,0.9995604515579641,2,0.0
3399,7.616769842161487e-06,2,7.613333993155613e-06,2,0,0,0,0.9995547555420015,4,0.0
3400,2.094611706594409e-05,4,3.8066669965778065e-06,1,0,0,0,0.18562412174830126,5,0.0
3401,9.520962302701859e-06,2,3.8066669965778065e-06,1,0,0,0,0.4060578218335493,2,0.0
3402,5.712577381621115e-06,1,3.8066669965778065e-06,1,0,0,0,0.672105804376964,2,0.0
3403,5.712577381621115e-06,1,3.8066669965778065e-06,1,0,0,0,0.672105804376964,2,0.0
3404,1.5233539684322974e-05,2,0.0,0,1,1,0,0.006521651364181754,2,0.0
3405,1.3329347223782603e-05,3,2.2840001979466837e-05,3,0,0,0,1.708199333683279,4,0.0
3406,3.8083849210807435e-06,1,3.8066669965778065e-06,1,0,0,0,0.9995604515579641,2,0.0
3407,3.8083849210807435e-06,1,3.8066669965778065e-06,1,0,0,0,0.9995604515579641,2,0.0
3408,1.7137732144863347e-05,2,0.0,0,0,0,0,0.0058012271660572755,2,0.0
3409,1.9041924605403718e-05,2,7.613333993155613e-06,1,0,0,0,0.40295498765981763,2,0.0
3410,1.142515476324223e-05,1,3.8066669965778065e-06,1,0,0,0,0.3389687233561098,2,0.0
3411,3.8083849210807435e-06,1,3.8066669965778065e-06,1,0,0,0,0.9995604515579641,2,0.0
3412,1.142515476324223e-05,1,3.8066669965778065e-06,1,0,0,0,0.3389687233561098,2,0.0
3413,9.520962302701859e-06,2,9.516667491444516e-06,2,0,0,0,0.9995535985775418,3,0.0
3414,3.8083849210807435e-06,1,7.613333993155613e-06,1,0,0,0,1.9735348868920333,2,0.0
3415,1.142515476324223e-05,3,3.8066669965778065e-06,1,0,0,0,0.3389687233561098,4,0.0
3416,1.3329347223782601e-05,3,0.0,0,0,0,0,0.007446378318590627,3,0.0
3417,1.9041924605403718e-05,2,9.516667491444516e-06,2,0,0,0,0.5023877008025491,3,0.0
3418,1.5233539684322974e-05,2,3.235666947091135e-05,4,0,0,0,2.1167108273176534,5,0.0
3419,3.8083849210807435e-06,1,1.142000098973342e-05,2,0,0,0,2.9475093222261024,3,0.0
3420,4.570061905296892e-05,6,4.5680003958933675e-05,6,0,0,0,0.9995498948603423,9,0.0
3421,1.142515476324223e-05,1,1.3323334488022323e-05,3,0,0,0,1.1646988490630994,4,0.0
3422,3.6179656750267065e-05,6,1.142000098973342e-05,3,0,0,0,0.3175333512395654,8,0.0
3423,1.7137732144863347e-05,2,0.0,0,0,0,0,0.0058012271660572755,2,0.0
3424,1.5233539684322974e-05,3,5.710000494866709e-06,1,0,0,0,0.37890797653244146,4,0.0
3425,3.8083849210807435e-06,1,2.474333547775574e-05,1,0,0,0,6.356419845895342,2,0.0
3426,3.8083849210807435e-06,1,3.8066669965778065e-06,1,0,0,0,0.9995604515579641,2,0.0
3427,3.8083849210807435e-06,1,3.8066669965778065e-06,1,0,0,0,0.9995604515579641,2,0.0
3428,1.142515476324223e-05,1,1.142000098973342e-05,2,0,0,0,0.9995528239217015,3,0.0
3429,7.616769842161487e-06,2,0.0,0,0,0,0,0.012958790017766002,2,0.0
3430,3.237127182918632e-05,5,0.0,0,2,2,0,0.00307964531004654,5,0.0
3431,7.616769842161487e-06,1,3.8066669965778065e-06,1,0,0,0,0.5062567727798837,2,0.0
3432,1.5233539684322974e-05,3,1.3323334488022323e-05,3,0,0,0,0.8754230767567879,5,0.0
3433,1.5233539684322974e-05,4,7.613333993155613e-06,2,0,0,0,0.5030367515885281,5,0.0
3434,1.5233539684322974e-05,2,2.0936668481177935e-05,3,0,0,0,1.3719381769811339,4,0.0
3435,1.5233539684322974e-05,2,7.613333993155613e-06,2,0,0,0,0.5030367515885281,4,0.0
3436,2.094611706594409e-05,2,3.8066669965778065e-06,1,0,0,0,0.18562412174830126,2,0.0
3437,2.094611706594409e-05,4,2.474333547775574e-05,5,0,0,0,1.1804237047581638,8,0.0
3438,7.616769842161487e-06,2,1.3323334488022323e-05,3,0,0,0,1.739501729685178,4,0.0
3439,3.8083849210807435e-06,1,1.9033334982889032e-05,4,0,0,0,4.895458192894239,5,0.0
3440,3.8083849210807435e-06,1,3.8066669965778065e-06,1,0,0,0,0.9995604515579641,2,0.0
3441,2.6658694447565206e-05,5,1.713000148460013e-05,4,0,0,0,0.6439029197916605,8,0.0
3442,1.142515476324223e-05,1,7.613333993155613e-06,2,0,0,0,0.6692607736389057,2,0.0
3443,1.5233539684322974e-05,2,9.516667491444516e-06,2,0,0,0,0.6271655266446147,3,0.0
3444,2.8562886908105573e-05,4,5.710000494866709e-06,1,0,0,0,0.2027011624297935,5,0.0
3445,1.142515476324223e-05,1,3.8066669965778065e-06,1,0,0,0,0.3389687233561098,2,0.0
3446,5.712577381621115e-06,1,3.8066669965778065e-06,1,0,0,0,0.672105804376964,2,0.0
3447,5.712577381621115e-06,1,3.6163336467489164e-05,4,0,0,0,6.238770529257953,4,0.0
3448,1.5233539684322974e-05,2,3.8066669965778065e-06,1,0,0,0,0.2547792014763549,2,0.0
3449,3.8083849210807435e-06,1,3.8066669965778065e-06,1,0,0,0,0.9995604515579641,2,0.0
3450,7.616769842161487e-06,1,1.713000148460013e-05,4,0,0,0,2.2327997124472954,4,0.0
3451,1.5233539684322974e-05,2,0.0,0,0,0,0,0.006521651364181754,2,0.0
3452,9.520962302701859e-06,2,0.0,0,0,0,0,0.01039397067088777,2,0.0
3453,3.8083849210807435e-06,1,5.710000494866709e-06,1,0,0,0,1.4865476692249984,2,0.0
3454,2.285030952648446e-05,4,7.613333993155613e-06,2,0,0,0,0.33608845162870216,5,0.0
3455,1.7137732144863347e-05,4,3.8066669965778065e-06,1,0,0,0,0.22663462709286558,5,0.0
3456,3.8083849210807435e-06,1,3.8066669965778065e-06,1,0,0,0,0.9995604515579641,2,0.0
3457,1.5233539684322974e-05,2,9.516667491444516e-06,1,0,0,0,0.6271655266446147,2,0.0
3458,1.7137732144863347e-05,2,7.613333993155613e-06,1,0,0,0,0.447468027019674,2,0.0
3459,1.3329347223782601e-05,3,3.8066669965778065e-06,1,0,0,0,0.29090520421270544,3,0.0
3460,3.8083849210807435e-06,1,5.710000494866709e-06,1,0,0,0,1.4865476692249984,2,0.0
3461,7.616769842161487e-06,2,0.0,0,0,0,0,0.012958790017766002,2,0.0
3462,3.8083849210807435e-06,1,3.8066669965778065e-06,1,0,0,0,0.9995604515579641,2,0.0
3463,3.8083849210807435e-06,1,5.710000494866709e-06,1,0,0,0,1.4865476692249984,2,0.0
3464,1.142515476324223e-05,1,3.235666947091135e-05,3,0,0,0,2.816159100477078,3,0.0
3465,1.5233539684322974e-05,2,0.0,0,0,0,0,0.006521651364181754,2,0.0
3466,2.285030952648446e-05,3,7.613333993155613e-06,2,0,0,0,0.33608845162870216,5,0.0
3467,1.142515476324223e-05,3,5.710000494866709e-06,1,0,0,0,0.5041147484975076,4,0.0
3468,3.8083849210807435e-06,1,3.8066669965778065e-06,1,0,0,0,0.9995604515579641,2,0.0
3469,3.8083849210807435e-06,1,1.3323334488022323e-05,3,0,0,0,3.4344965398931366,4,0.0
3470,1.142515476324223e-05,2,0.0,0,0,0,0,0.00867667307331396,2,0.0
3471,9.520962302701859e-06,2,0.0,0,0,0,0,0.01039397067088777,2,0.0
3472,3.8083849210807435e-06,1,5.710000494866709e-06,1,0,0,0,1.4865476692249984,2,0.0
3473,1.142515476324223e-05,1,3.8066669965778064e-05,2,0,0,0,3.311597175901272,2,0.0
3474,3.8083849210807435e-06,1,3.8066669965778065e-06,1,0,0,0,0.9995604515579641,2,0.0
3475,3.8083849210807435e-06,1,3.8066669965778065e-06,1,0,0,0,0.9995604515579641,2,0.0
3476,2.8562886908105577e-05,4,3.8066669965778065e-06,1,0,0,0,0.13629705232075,4,0.0
3477,1.142515476324223e-05,1,7.613333993155613e-06,2,0,0,0,0.6692607736389057,3,0.0
3478,3.8083849210807435e-06,1,5.710000494866709e-06,1,0,0,0,1.4865476692249984,2,0.0
3479,1.7137732144863347e-05,4,9.516667491444516e-06,2,0,0,0,0.5578847269830781,6,0.0
3480,1.7137732144863347e-05,2,1.3323334488022322e-05,1,0,0,0,0.7787181269098864,2,0.0
3481,1.142515476324223e-05,1,2.474333547775574e-05,2,0,0,0,2.1555749999114866,2,0.0
3482,0.0,0,7.613333993155613e-06,2,0,0,0,77.13333993155614,2,0.0
3483,1.142515476324223e-05,1,7.613333993155613e-06,2,0,0,0,0.6692607736389057,2,0.0
3484,3.8083849210807435e-06,1,3.8066669965778065e-06,1,0,0,0,0.9995604515579641,2,0.0
3485,9.520962302701859e-06,2,0.0,0,0,0,0,0.01039397067088777,2,0.0
3486,9.520962302701859e-06,2,0.0,0,0,0,0,0.01039397067088777,2,0.0
3487,1.3329347223782603e-05,3,3.8066669965778065e-06,1,0,0,0,0.2909052042127054,4,0.0
3488,3.8083849210807435e-06,1,9.516667491444516e-06,2,0,0,0,2.4605221045590673,3,0.0
3489,7.616769842161487e-06,2,1.3323334488022323e-05,3,0,0,0,1.739501729685178,5,0.0
3490,1.3329347223782603e-05,2,3.0453335972622452e-05,5,0,0,0,2.275116985471509,7,0.0
3491,3.8083849210807435e-06,1,7.613333993155613e-06,2,0,0,0,1.9735348868920333,3,0.0
3492,1.3329347223782601e-05,3,3.8066669965778065e-06,1,0,0,0,0.29090520421270544,4,0.0
3493,1.142515476324223e-05,1,3.8066669965778065e-06,1,0,0,0,0.3389687233561098,2,0.0
3494,3.8083849210807435e-06,1,3.8066669965778065e-06,1,0,0,0,0.9995604515579641,2,0.0
3495,1.5233539684322974e-05,2,0.0,0,0,0,0,0.006521651364181754,2,0.0
3496,1.9041924605403718e-05,3,1.5226667986311226e-05,2,0,0,0,0.8006858402307439,4,0.0
3497,3.8083849210807435e-06,1,3.8066669965778065e-06,1,0,0,0,0.9995604515579641,2,0.0
3498,7.616769842161487e-06,1,1.1420000989733419e-05,2,0,0,0,1.492852738304119,3,0.0
3499,3.8083849210807435e-06,1,5.710000494866709e-06,1,0,0,0,1.4865476692249984,2,0.0
3500,1.142515476324223e-05,1,1.1420000989733419e-05,2,0,0,0,0.9995528239217014,2,0.0
3501,3.8083849210807435e-06,1,3.8066669965778065e-06,1,0,0,0,0.9995604515579641,2,0.0
3502,1.5233539684322974e-05,2,5.710000494866709e-06,1,0,0,0,0.37890797653244146,2,0.0
3503,1.142515476324223e-05,2,3.8066669965778065e-06,1,0,0,0,0.3389687233561098,3,0.0
3504,7.616769842161487e-06,2,3.8066669965778065e-06,1,0,0,0,0.5062567727798837,3,0.0
3505,3.0467079368645948e-05,3,5.9003338446956e-05,3,0,0,0,1.9335618471806306,4,0.0
3506,2.285030952648446e-05,5,1.713000148460013e-05,4,0,0,0,0.7507524665284734,9,0.0
3507,3.8083849210807435e-06,1,1.1420000989733419e-05,2,2,1,1,2.947509322226102,3,0.3333333333333333
3508,9.520962302701859e-06,2,3.8066669965778065e-06,1,0,0,0,0.4060578218335493,3,0.0
3509,1.5233539684322974e-05,2,9.516667491444516e-06,1,0,0,0,0.6271655266446147,2,0.0
3510,3.8083849210807435e-06,1,3.8066669965778065e-06,1,0,0,0,0.9995604515579641,2,0.0
3511,3.8083849210807435e-06,1,3.8066669965778065e-06,1,0,0,0,0.9995604515579641,2,0.0
3512,3.8083849210807435e-06,1,3.8066669965778065e-06,1,0,0,0,0.9995604515579641,2,0.0
3513,9.520962302701859e-06,2,7.613333993155613e-06,1,0,0,0,0.801721672996211,2,0.0
3514,3.8083849210807435e-06,1,3.8066669965778065e-06,1,0,0,0,0.9995604515579641,2,0.0
3515,1.7137732144863347e-05,2,0.0,0,0,0,0,0.0058012271660572755,2,0.0
3516,1.5233539684322974e-05,2,3.8066669965778065e-06,1,0,0,0,0.2547792014763549,2,0.0
3517,0.00013900604961944715,27,0.00015988001385626788,25,0,0,0,1.1500579183574382,44,0.0
3518,9.520962302701859e-06,2,0.0,0,0,0,0,0.01039397067088777,2,0.0
3519,1.3329347223782603e-05,2,0.0,0,0,0,0,0.007446378318590626,2,0.0
3520,2.8562886908105577e-05,4,2.0936668481177935e-05,2,1,1,0,0.7339340433021412,4,0.0
3521,7.616769842161487e-06,2,3.8066669965778065e-06,1,0,0,0,0.5062567727798837,3,0.0
3522,1.142515476324223e-05,1,4.187333696235587e-05,8,0,0,0,3.641889226184068,8,0.0
3523,3.8083849210807435e-06,1,3.8066669965778065e-06,1,0,0,0,0.9995604515579641,2,0.0
3524,0.0,0,9.516667491444516e-06,2,0,0,0,96.16667491444517,2,0.0
3525,2.285030952648446e-05,3,0.0,0,0,0,0,0.0043572397088850095,3,0.0
3526,3.8083849210807435e-06,1,1.142000098973342e-05,3,1,0,1,2.9475093222261024,4,0.25
3527,1.142515476324223e-05,1,9.516667491444516e-06,1,0,0,0,0.8344067987803035,2,0.0
3528,1.142515476324223e-05,1,3.045333597262245e-05,2,0,0,0,2.65101307533568,2,0.0
3529,2.285030952648446e-05,4,4.7583337457222574e-05,3,1,1,1,2.0776773142077416,5,0.2
3530,1.142515476324223e-05,1,3.8066669965778065e-06,1,0,0,0,0.3389687233561098,2,0.0
3531,1.7137732144863347e-05,2,0.0,0,0,0,0,0.0058012271660572755,2,0.0
3532,9.520962302701859e-06,2,0.0,0,0,0,0,0.01039397067088777,2,0.0
3533,8.568866072431673e-05,17,0.0001142000098973342,18,1,1,0,1.33234402929589,30,0.0
3534,1.3329347223782603e-05,2,3.8066669965778065e-06,1,0,0,0,0.2909052042127054,3,0.0
3535,3.8083849210807435e-06,1,3.8066669965778065e-06,1,0,0,0,0.9995604515579641,2,0.0
3536,1.5233539684322974e-05,2,5.710000494866709e-06,1,0,0,0,0.37890797653244146,2,0.0
3537,9.520962302701859e-06,2,3.8066669965778065e-06,1,0,0,0,0.4060578218335493,3,0.0
3538,1.142515476324223e-05,1,1.1420000989733419e-05,2,1,1,0,0.9995528239217014,3,0.0
3539,7.616769842161487e-06,2,0.0,0,0,0,0,0.012958790017766002,2,0.0
3540,1.142515476324223e-05,2,3.8066669965778065e-06,1,0,0,0,0.3389687233561098,2,0.0
3541,1.5233539684322974e-05,3,1.5226667986311226e-05,3,0,0,0,0.9995518518128743,5,0.0
3542,5.712577381621115e-06,1,3.8066669965778065e-06,1,0,0,0,0.672105804376964,2,0.0
3543,3.8083849210807435e-06,1,3.8066669965778065e-06,1,0,0,0,0.9995604515579641,2,0.0
3544,7.616769842161487e-06,2,3.8066669965778065e-06,1,0,0,0,0.5062567727798837,3,0.0
3545,1.7137732144863347e-05,2,7.613333993155613e-06,1,0,0,0,0.447468027019674,2,0.0
3546,3.8083849210807435e-06,1,3.8066669965778065e-06,1,0,0,0,0.9995604515579641,2,0.0
3547,1.142515476324223e-05,1,7.613333993155613e-06,2,0,0,0,0.6692607736389057,2,0.0
3548,2.094611706594409e-05,3,0.0,0,0,0,0,0.00475147029196258,3,0.0
3549,1.5233539684322974e-05,2,3.8066669965778065e-06,1,0,0,0,0.2547792014763549,3,0.0
3550,0.0,0,9.516667491444516e-06,2,0,0,0,96.16667491444517,2,0.0
3551,4.379642659242855e-05,6,1.713000148460013e-05,3,0,0,0,0.3925148997793828,7,0.0
3552,1.5233539684322974e-05,2,4.948667095551148e-05,3,3,2,2,3.2338698028224324,4,0.5
3553,1.5233539684322974e-05,1,3.8066669965778065e-06,1,0,0,0,0.2547792014763549,2,0.0
3554,7.616769842161487e-06,2,3.8066669965778065e-06,1,0,0,0,0.5062567727798837,3,0.0
3555,1.9041924605403718e-05,2,9.516667491444516e-06,1,1,1,0,0.5023877008025491,2,0.0
3556,1.7137732144863347e-05,2,1.142000098973342e-05,2,0,0,0,0.6683014269464823,2,0.0
3557,9.330543056647821e-05,18,0.00014275001237166774,27,6,2,6,1.5293544658519505,37,0.16216216216216217
3558,3.8083849210807435e-06,1,3.8066669965778065e-06,1,0,0,0,0.9995604515579641,2,0.0
3559,4.760481151350929e-05,9,3.0453335972622452e-05,7,3,2,1,0.6404665484103256,14,0.07142857142857142
3560,1.142515476324223e-05,1,2.0936668481177935e-05,2,1,0,1,1.8252829496286906,2,0.5
3561,3.8083849210807435e-06,1,7.613333993155613e-06,2,0,0,0,1.9735348868920333,2,0.0
3562,1.7137732144863347e-05,2,5.710000494866709e-06,1,0,0,0,0.3370513270562697,2,0.0
3563,3.6179656750267065e-05,5,1.5226667986311226e-05,3,0,0,0,0.42245901309963196,6,0.0
3564,1.5233539684322974e-05,2,3.8066669965778065e-06,1,1,1,0,0.2547792014763549,3,0.0
3565,1.142515476324223e-05,1,3.235666947091136e-05,2,0,0,0,2.816159100477079,2,0.0
3566,2.475450198702483e-05,4,9.516667491444516e-06,1,0,0,0,0.38691853477751637,4,0.0
3567,3.8083849210807435e-06,1,7.613333993155613e-06,1,0,0,0,1.9735348868920333,2,0.0
3568,3.8083849210807435e-06,1,5.710000494866709e-06,1,0,0,0,1.4865476692249984,2,0.0
3569,3.8083849210807435e-06,1,1.3323334488022323e-05,3,0,0,0,3.4344965398931366,3,0.0
3570,2.094611706594409e-05,2,1.3323334488022323e-05,1,0,0,0,0.6378057503891481,2,0.0
3571,1.5233539684322974e-05,2,5.710000494866709e-06,1,2,1,1,0.37890797653244146,3,0.3333333333333333
3572,7.616769842161487e-06,2,3.8066669965778065e-06,1,0,0,0,0.5062567727798837,3,0.0
3573,1.3329347223782603e-05,3,7.613333993155613e-06,2,0,0,0,0.5743640301068202,5,0.0
3574,7.616769842161487e-06,1,3.8066669965778065e-06,1,0,0,0,0.5062567727798837,2,0.0
3575,5.712577381621115e-06,1,3.8066669965778065e-06,1,0,0,0,0.672105804376964,2,0.0
3576,1.142515476324223e-05,2,0.0,0,0,0,0,0.00867667307331396,2,0.0
3577,2.094611706594409e-05,3,0.0,0,0,0,0,0.00475147029196258,3,0.0
3578,1.142515476324223e-05,2,1.9033334982889032e-05,4,0,0,0,1.6601369244872928,6,0.0
3579,3.8083849210807435e-06,1,9.516667491444516e-06,2,0,0,0,2.4605221045590673,2,0.0
3580,1.7137732144863347e-05,2,1.713000148460013e-05,2,0,0,0,0.9995515268366946,2,0.0
3581,2.094611706594409e-05,3,2.0936668481177935e-05,4,0,0,0,0.9995510533018253,4,0.0
3582,5.331738889513041e-05,9,7.994000692813394e-05,13,0,0,0,1.498388606849903,19,0.0
3583,3.8083849210807435e-06,1,7.613333993155613e-06,2,0,0,0,1.9735348868920333,3,0.0
3584,4.189223413188818e-05,8,1.5226667986311226e-05,4,3,2,2,0.36498815324218287,10,0.2
3585,9.520962302701859e-06,2,7.613333993155613e-06,1,0,0,0,0.801721672996211,2,0.0
3586,2.094611706594409e-05,2,0.0,0,0,0,0,0.00475147029196258,2,0.0
3587,3.8083849210807435e-06,1,3.8066669965778065e-06,1,0,0,0,0.9995604515579641,2,0.0
3588,7.616769842161487e-06,2,3.8066669965778065e-06,1,0,0,0,0.5062567727798837,3,0.0
3589,7.616769842161487e-06,2,0.0,0,0,0,0,0.012958790017766002,2,0.0
3590,3.8083849210807435e-06,1,3.8066669965778065e-06,1,0,0,0,0.9995604515579641,2,0.0
3591,3.8083849210807435e-06,1,3.8066669965778065e-06,1,0,0,0,0.9995604515579641,2,0.0
3592,2.094611706594409e-05,2,0.0,0,0,0,0,0.00475147029196258,2,0.0
3593,0.00010282639286918007,20,0.00012181334389048981,25,0,0,0,1.1844711593598956,42,0.0
3594,9.520962302701859e-06,2,0.0,0,0,0,0,0.01039397067088777,2,0.0
3595,0.0003903594544107762,71,0.00044157337160302554,76,18,14,12,1.1311632145507498,118,0.1016949152542373
3596,0.00019613182343565828,34,0.000236013353787824,43,0,0,0,1.2032368127346191,68,0.0
3597,2.094611706594409e-05,2,3.045333597262245e-05,3,0,0,0,1.451732681942672,4,0.0
3598,1.9041924605403718e-05,2,2.0936668481177935e-05,1,0,0,0,1.0989839796589385,2,0.0
3599,1.5233539684322974e-05,1,1.5226667986311226e-05,2,0,0,0,0.9995518518128743,2,0.0
3600,1.142515476324223e-05,1,3.8066669965778065e-06,1,0,0,0,0.3389687233561098,2,0.0
3601,3.8083849210807435e-06,1,3.8066669965778065e-06,1,0,0,0,0.9995604515579641,2,0.0
3602,1.142515476324223e-05,1,7.613333993155613e-06,2,0,0,0,0.6692607736389057,3,0.0
3603,3.8083849210807435e-06,1,3.8066669965778065e-06,1,2,1,1,0.9995604515579641,2,0.5
3604,3.8083849210807435e-06,1,3.8066669965778065e-06,1,0,0,0,0.9995604515579641,2,0.0
3605,1.5233539684322974e-05,2,7.613333993155613e-06,1,0,0,0,0.5030367515885281,2,0.0
3606,3.8083849210807435e-06,1,5.710000494866709e-06,1,0,0,0,1.4865476692249984,2,0.0
3607,1.5233539684322974e-05,2,1.713000148460013e-05,3,0,0,0,1.1236806268689608,4,0.0
3608,3.8083849210807435e-06,1,3.8066669965778065e-06,1,0,0,0,0.9995604515579641,2,0.0
3609,2.475450198702483e-05,5,2.0936668481177935e-05,4,0,0,0,0.8463926773572057,6,0.0
3610,3.8083849210807435e-06,1,3.8066669965778065e-06,1,0,0,0,0.9995604515579641,2,0.0
3611,1.142515476324223e-05,1,7.613333993155613e-06,2,0,0,0,0.6692607736389057,2,0.0
3612,7.616769842161487e-06,2,0.0,0,0,0,0,0.012958790017766002,2,0.0
3613,9.520962302701859e-06,2,0.0,0,0,0,0,0.01039397067088777,2,0.0
3614,3.8083849210807435e-06,1,9.516667491444516e-06,2,0,0,0,2.4605221045590673,3,0.0
3615,3.8083849210807435e-06,1,3.8066669965778065e-06,1,0,0,0,0.9995604515579641,2,0.0
3616,9.520962302701859e-06,2,3.8066669965778065e-06,1,0,0,0,0.4060578218335493,2,0.0
3617,1.142515476324223e-05,1,3.8066669965778065e-06,1,0,0,0,0.3389687233561098,2,0.0
3618,7.616769842161487e-06,2,7.613333993155613e-06,2,0,0,0,0.9995547555420015,3,0.0
3619,3.8083849210807435e-06,1,3.8066669965778065e-06,1,0,0,0,0.9995604515579641,2,0.0
3620,7.616769842161487e-06,2,0.0,0,0,0,0,0.012958790017766002,2,0.0
3621,7.616769842161487e-06,2,9.516667491444516e-06,1,0,0,0,1.2462037469230602,2,0.0
3622,1.3329347223782603e-05,2,0.0,0,0,0,0,0.007446378318590626,2,0.0
3623,1.142515476324223e-05,1,2.6646668976044643e-05,2,0,0,0,2.3207210250528845,2,0.0
3624,7.616769842161487e-06,2,3.8066669965778065e-06,1,0,0,0,0.5062567727798837,3,0.0
3625,3.8083849210807435e-06,1,3.8066669965778065e-06,1,0,0,0,0.9995604515579641,2,0.0
3626,1.142515476324223e-05,1,7.613333993155613e-06,2,0,0,0,0.6692607736389057,3,0.0
3627,2.285030952648446e-05,3,8.565000742300064e-05,9,0,0,0,3.7363333738068274,10,0.0
3628,7.616769842161487e-06,2,0.0,0,0,0,0,0.012958790017766002,2,0.0
3629,1.142515476324223e-05,1,3.8066669965778065e-06,1,0,0,0,0.3389687233561098,2,0.0
3630,0.0,0,7.613333993155613e-06,2,0,0,0,77.13333993155614,2,0.0
3631,2.285030952648446e-05,2,1.142000098973342e-05,2,0,0,0,0.5019540575886107,2,0.0
3632,9.520962302701859e-06,2,0.0,0,0,0,0,0.01039397067088777,2,0.0
3633,1.142515476324223e-05,1,1.142000098973342e-05,2,0,0,0,0.9995528239217015,2,0.0
3634,9.520962302701859e-06,2,5.710000494866709e-06,1,0,0,0,0.6038897474148801,3,0.0
3635,0.0,0,7.613333993155613e-06,2,0,0,0,77.13333993155614,2,0.0
3636,3.8083849210807435e-06,1,3.8066669965778065e-06,1,0,0,0,0.9995604515579641,2,0.0
3637,1.3329347223782601e-05,3,3.8066669965778065e-06,1,0,0,0,0.29090520421270544,4,0.0
3638,1.9041924605403718e-05,2,2.0936668481177935e-05,5,0,0,0,1.0989839796589385,6,0.0
3639,3.8083849210807435e-06,1,3.8066669965778065e-06,1,0,0,0,0.9995604515579641,2,0.0
3640,1.142515476324223e-05,1,1.5226667986311226e-05,2,0,0,0,1.329844874204497,2,0.0
3641,3.8083849210807435e-06,1,3.8066669965778065e-06,1,0,0,0,0.9995604515579641,2,0.0
3642,7.616769842161487e-06,2,3.8066669965778065e-06,1,0,0,0,0.5062567727798837,2,0.0
3643,1.142515476324223e-05,1,1.5226667986311226e-05,1,0,0,0,1.329844874204497,2,0.0
3644,9.520962302701859e-06,2,7.613333993155613e-06,1,0,0,0,0.801721672996211,3,0.0
3645,1.142515476324223e-05,1,9.516667491444516e-06,2,0,0,0,0.8344067987803035,2,0.0
3646,1.9041924605403718e-05,2,0.0,0,0,0,0,0.005224135088891232,2,0.0
3647,3.8083849210807435e-06,1,3.8066669965778065e-06,1,0,0,0,0.9995604515579641,2,0.0
3648,3.8083849210807435e-06,1,3.8066669965778065e-06,1,0,0,0,0.9995604515579641,2,0.0
3649,7.616769842161487e-06,2,3.8066669965778065e-06,1,0,0,0,0.5062567727798837,2,0.0
3650,3.8083849210807435e-06,1,3.8066669965778065e-06,1,0,0,0,0.9995604515579641,2,0.0
3651,3.8083849210807435e-06,1,5.710000494866709e-06,1,0,0,0,1.4865476692249984,2,0.0
3652,9.520962302701859e-06,1,7.613333993155613e-06,2,0,0,0,0.801721672996211,2,0.0
3653,3.6179656750267065e-05,3,3.8066669965778065e-06,1,0,0,0,0.10768202751943204,3,0.0
3654,7.616769842161487e-06,2,0.0,0,0,0,0,0.012958790017766002,2,0.0
3655,1.5233539684322974e-05,2,0.0,0,0,0,0,0.006521651364181754,2,0.0
3656,3.8083849210807435e-06,1,3.8066669965778065e-06,1,0,0,0,0.9995604515579641,2,0.0
3657,9.520962302701859e-06,2,3.8066669965778065e-06,1,0,0,0,0.4060578218335493,3,0.0
3658,7.616769842161487e-06,2,0.0,0,0,0,0,0.012958790017766002,2,0.0
3659,3.8083849210807435e-06,1,3.8066669965778065e-06,1,0,0,0,0.9995604515579641,2,0.0
3660,1.5233539684322974e-05,1,3.426000296920026e-05,2,0,0,0,2.24083960237374,2,0.0
3661,9.520962302701859e-06,1,1.3323334488022323e-05,2,0,0,0,1.3952174497402035,2,0.0
3662,2.4754501987024835e-05,2,0.0,0,0,0,0,0.0040234159611085545,2,0.0
3663,3.8083849210807435e-06,1,1.5226667986311226e-05,1,0,0,0,3.9214837575601704,2,0.0
3664,2.285030952648446e-05,3,7.613333993155613e-06,2,2,1,1,0.33608845162870216,5,0.2
3665,1.9041924605403718e-05,2,2.284000197946684e-05,2,0,0,0,1.1984166928016702,2,0.0
3666,1.142515476324223e-05,1,3.8066669965778065e-06,1,0,0,0,0.3389687233561098,2,0.0
3667,4.950900397404966e-05,9,3.8066669965778064e-05,5,1,1,0,0.7693496524490382,11,0.0
3668,3.8083849210807435e-06,1,3.8066669965778065e-06,1,0,0,0,0.9995604515579641,2,0.0
3669,3.8083849210807435e-06,1,3.8066669965778065e-06,1,0,0,0,0.9995604515579641,2,0.0
3670,7.616769842161487e-06,2,7.613333993155613e-06,1,0,0,0,0.9995547555420015,2,0.0
3671,1.7137732144863347e-05,2,3.8066669965778065e-06,1,0,0,0,0.22663462709286558,2,0.0
3672,2.094611706594409e-05,1,1.3323334488022323e-05,2,2,1,2,0.6378057503891481,2,1.0
3673,2.094611706594409e-05,3,0.0,0,0,0,0,0.00475147029196258,3,0.0
3674,3.8083849210807435e-06,1,3.8066669965778065e-06,1,0,0,0,0.9995604515579641,2,0.0
3675,2.285030952648446e-05,3,7.613333993155613e-06,2,0,0,0,0.33608845162870216,5,0.0
3676,7.616769842161487e-06,2,0.0,0,0,0,0,0.012958790017766002,2,0.0
3677,1.142515476324223e-05,1,1.3323334488022323e-05,2,0,0,0,1.1646988490630994,2,0.0
3678,2.8562886908105573e-05,2,3.6163336467489164e-05,1,1,1,1,1.2651669241744894,2,0.5
3679,2.475450198702483e-05,4,3.8066669965778065e-06,1,0,0,0,0.15718146348767167,4,0.0
3680,1.142515476324223e-05,2,3.8066669965778065e-06,1,0,0,0,0.3389687233561098,3,0.0
3681,1.5233539684322974e-05,2,4.5680003958933675e-05,1,0,0,0,2.9856122527102595,3,0.0
3682,9.520962302701859e-06,2,3.8066669965778065e-06,1,0,0,0,0.4060578218335493,2,0.0
3683,3.0467079368645948e-05,3,2.6646668976044643e-05,2,0,0,0,0.8750155241681326,4,0.0
3684,1.9041924605403718e-05,1,2.0936668481177935e-05,2,1,1,1,1.0989839796589385,2,0.5
3685,1.142515476324223e-05,1,9.516667491444516e-06,2,0,0,0,0.8344067987803035,3,0.0
3686,3.8083849210807435e-06,1,3.8066669965778065e-06,1,0,0,0,0.9995604515579641,2,0.0
3687,1.5233539684322974e-05,2,1.142000098973342e-05,2,0,0,0,0.7512943017007013,4,0.0
3688,5.1413196434590034e-05,7,3.997000346406697e-05,3,2,1,1,0.7778589999738553,9,0.1111111111111111
3689,2.285030952648446e-05,2,1.142000098973342e-05,3,0,0,0,0.5019540575886107,4,0.0
3690,1.142515476324223e-05,1,3.8066669965778065e-06,1,0,0,0,0.3389687233561098,2,0.0
3691,6.664673611891302e-05,9,8.374667392471174e-05,9,0,0,0,1.2561913705463326,15,0.0
3692,3.8083849210807435e-06,1,3.8066669965778065e-06,1,0,0,0,0.9995604515579641,2,0.0
3693,7.616769842161487e-06,2,0.0,0,0,0,0,0.012958790017766002,2,0.0
3694,7.616769842161487e-06,2,0.0,0,0,0,0,0.012958790017766002,2,0.0
3695,7.616769842161487e-06,2,9.516667491444516e-06,1,0,0,0,1.2462037469230602,3,0.0
3696,1.142515476324223e-05,1,7.613333993155613e-06,1,0,0,0,0.6692607736389057,2,0.0
3697,1.7137732144863347e-05,2,1.5226667986311226e-05,3,0,0,0,0.8891348268732905,3,0.0
3698,7.616769842161487e-06,2,0.0,0,0,0,0,0.012958790017766002,2,0.0
3699,3.8083849210807435e-06,1,3.8066669965778065e-06,1,0,0,0,0.9995604515579641,2,0.0
3700,3.8083849210807435e-06,1,3.8066669965778065e-06,1,0,0,0,0.9995604515579641,2,0.0
3701,3.8083849210807435e-06,1,9.516667491444516e-06,2,0,0,0,2.4605221045590673,2,0.0
3702,3.8083849210807435e-06,1,9.516667491444516e-06,2,0,0,0,2.4605221045590673,3,0.0
3703,1.5233539684322974e-05,2,3.8066669965778065e-06,1,0,0,0,0.2547792014763549,2,0.0
3704,1.9041924605403718e-05,3,5.139000445380039e-05,4,1,1,1,2.6899073899426442,4,0.25
3705,1.142515476324223e-05,1,5.710000494866709e-06,1,0,0,0,0.5041147484975076,2,0.0
3706,0.0,0,9.516667491444516e-06,2,0,0,0,96.16667491444517,2,0.0
3707,1.5233539684322974e-05,2,7.613333993155613e-06,1,0,0,0,0.5030367515885281,2,0.0
3708,7.616769842161487e-06,2,0.0,0,0,0,0,0.012958790017766002,2,0.0
3709,1.7137732144863347e-05,2,3.8066669965778065e-06,1,0,0,0,0.22663462709286558,3,0.0
3710,3.8083849210807435e-06,1,3.8066669965778065e-06,1,0,0,0,0.9995604515579641,2,0.0
3711,1.5233539684322974e-05,2,3.8066669965778065e-06,1,0,0,0,0.2547792014763549,3,0.0
3712,3.8083849210807435e-06,1,3.8066669965778065e-06,1,0,0,0,0.9995604515579641,2,0.0
3713,1.5233539684322974e-05,2,1.9033334982889032e-05,2,0,0,0,1.2478094019250474,2,0.0
3714,7.616769842161487e-06,2,0.0,0,0,0,0,0.012958790017766002,2,0.0
3715,3.8083849210807435e-06,1,3.8066669965778065e-06,1,0,0,0,0.9995604515579641,2,0.0
3716,0.0,0,1.9033334982889032e-05,2,0,0,0,191.3333498288903,2,0.0
3717,3.8083849210807435e-06,1,3.8066669965778065e-06,1,0,0,0,0.9995604515579641,2,0.0
3718,3.8083849210807435e-06,1,3.8066669965778065e-06,1,0,0,0,0.9995604515579641,2,0.0
3719,3.8083849210807435e-06,1,3.8066669965778065e-06,1,0,0,0,0.9995604515579641,2,0.0
3720,1.142515476324223e-05,2,0.0,0,0,0,0,0.00867667307331396,2,0.0
3721,3.8083849210807435e-06,1,5.710000494866709e-06,1,0,0,0,1.4865476692249984,2,0.0
3722,3.8083849210807435e-06,1,1.142000098973342e-05,3,0,0,0,2.9475093222261024,4,0.0
3723,1.142515476324223e-05,2,0.0,0,0,0,0,0.00867667307331396,2,0.0
3724,1.5233539684322974e-05,2,0.0,0,0,0,0,0.006521651364181754,2,0.0
3725,0.0,0,7.613333993155613e-06,2,0,0,0,77.13333993155614,2,0.0
3726,3.8083849210807435e-06,1,5.710000494866709e-06,1,0,0,0,1.4865476692249984,2,0.0
3727,3.8083849210807435e-06,1,9.516667491444516e-06,2,0,0,0,2.4605221045590673,3,0.0
3728,3.8083849210807435e-06,1,5.710000494866709e-06,1,0,0,0,1.4865476692249984,2,0.0
3729,3.8083849210807435e-06,1,1.1420000989733419e-05,1,0,0,0,2.947509322226102,2,0.0
3730,3.8083849210807435e-06,1,3.8066669965778065e-06,1,0,0,0,0.9995604515579641,2,0.0
3731,3.8083849210807435e-06,1,7.613333993155613e-06,2,0,0,0,1.9735348868920333,2,0.0
3732,3.8083849210807435e-06,1,3.8066669965778065e-06,1,1,0,1,0.9995604515579641,2,0.5
3733,3.8083849210807435e-06,1,3.8066669965778065e-06,1,0,0,0,0.9995604515579641,2,0.0
3734,3.8083849210807435e-06,1,3.8066669965778065e-06,1,0,0,0,0.9995604515579641,2,0.0
3735,9.520962302701859e-06,2,0.0,0,0,0,0,0.01039397067088777,2,0.0
3736,1.142515476324223e-05,2,5.710000494866709e-06,1,0,0,0,0.5041147484975076,2,0.0
3737,3.8083849210807435e-06,1,3.8066669965778065e-06,1,0,0,0,0.9995604515579641,2,0.0
3738,1.3329347223782603e-05,2,3.8066669965778065e-06,1,0,0,0,0.2909052042127054,2,0.0
3739,3.8083849210807435e-06,1,3.8066669965778065e-06,1,0,0,0,0.9995604515579641,2,0.0
3740,3.8083849210807435e-06,1,3.8066669965778065e-06,1,0,0,0,0.9995604515579641,2,0.0
3741,3.8083849210807435e-06,1,3.8066669965778065e-06,1,0,0,0,0.9995604515579641,2,0.0
3742,3.8083849210807435e-06,1,5.710000494866709e-06,1,0,0,0,1.4865476692249984,2,0.0
3743,3.8083849210807435e-06,1,3.8066669965778065e-06,1,0,0,0,0.9995604515579641,2,0.0
3744,1.7137732144863347e-05,3,5.710000494866709e-06,1,0,0,0,0.3370513270562697,4,0.0
3745,3.8083849210807435e-06,1,5.710000494866709e-06,1,0,0,0,1.4865476692249984,2,0.0
3746,3.8083849210807435e-06,1,3.8066669965778065e-06,1,0,0,0,0.9995604515579641,2,0.0
3747,3.8083849210807435e-06,1,9.516667491444516e-06,2,0,0,0,2.4605221045590673,2,0.0
3748,1.142515476324223e-05,2,0.0,0,0,0,0,0.00867667307331396,2,0.0
3749,3.8083849210807435e-06,1,1.3323334488022323e-05,2,0,0,0,3.4344965398931366,2,0.0
3750,2.094611706594409e-05,4,1.9033334982889032e-05,3,0,0,0,0.909114727573656,6,0.0
3751,7.616769842161487e-06,2,0.0,0,0,0,0,0.012958790017766002,2,0.0
3752,2.285030952648446e-05,5,0.0,0,0,0,0,0.0043572397088850095,5,0.0
3753,0.0,0,7.613333993155613e-06,2,0,0,0,77.13333993155614,2,0.0
3754,9.520962302701859e-06,1,3.426000296920026e-05,1,0,0,0,3.5713686311348423,2,0.0
3755,5.712577381621115e-06,1,9.516667491444516e-06,2,0,0,0,1.6544584028853737,3,0.0
3756,9.520962302701859e-06,2,0.0,0,0,0,0,0.01039397067088777,2,0.0
3757,3.8083849210807435e-06,1,3.8066669965778065e-06,1,0,0,0,0.9995604515579641,2,0.0
3758,1.142515476324223e-05,3,7.613333993155613e-06,2,0,0,0,0.6692607736389057,4,0.0
3759,1.3329347223782603e-05,2,5.710000494866709e-06,1,0,0,0,0.43263461715976276,2,0.0
3760,3.8083849210807435e-06,1,3.8066669965778065e-06,1,0,0,0,0.9995604515579641,2,0.0
3761,9.520962302701859e-06,1,1.5226667986311226e-05,2,0,0,0,1.593049375321534,2,0.0
3762,3.8083849210807435e-06,1,3.8066669965778065e-06,1,0,0,0,0.9995604515579641,2,0.0
3763,0.0,0,9.516667491444516e-06,2,0,0,0,96.16667491444517,2,0.0
3764,3.8083849210807435e-06,1,5.710000494866709e-06,1,0,0,0,1.4865476692249984,2,0.0
3765,1.5233539684322974e-05,2,1.142000098973342e-05,2,0,0,0,0.7512943017007013,2,0.0
3766,1.142515476324223e-05,3,3.8066669965778065e-06,1,1,1,0,0.3389687233561098,4,0.0
3767,9.520962302701859e-06,1,2.6646668976044647e-05,3,0,0,0,2.7800409288095187,3,0.0
3768,2.094611706594409e-05,3,5.710000494866709e-06,1,0,0,0,0.27606044747647057,3,0.0
3769,3.8083849210807435e-06,1,3.8066669965778065e-06,1,0,0,0,0.9995604515579641,2,0.0
3770,3.8083849210807435e-06,1,3.8066669965778065e-06,1,0,0,0,0.9995604515579641,2,0.0
3771,2.285030952648446e-05,4,3.8066669965778065e-06,1,0,0,0,0.17022284566879356,5,0.0
3772,7.616769842161487e-06,2,5.710000494866709e-06,1,0,0,0,0.7529057641609425,3,0.0
3773,9.520962302701859e-06,1,1.3323334488022323e-05,2,0,0,0,1.3952174497402035,2,0.0
3774,7.616769842161487e-06,2,3.8066669965778065e-06,1,0,0,0,0.5062567727798837,2,0.0
3775,9.520962302701859e-06,2,0.0,0,0,0,0,0.01039397067088777,2,0.0
3776,3.8083849210807435e-06,1,3.8066669965778065e-06,1,0,0,0,0.9995604515579641,2,0.0
3777,3.8083849210807435e-06,1,7.613333993155613e-06,1,0,0,0,1.9735348868920333,2,0.0
3778,0.0,0,2.855000247433355e-05,4,0,0,0,286.5000247433355,4,0.0
3779,3.8083849210807435e-06,1,3.8066669965778065e-06,1,0,0,0,0.9995604515579641,2,0.0
3780,3.8083849210807435e-06,1,3.8066669965778065e-06,1,0,0,0,0.9995604515579641,2,0.0
3781,3.8083849210807435e-06,1,7.613333993155613e-06,2,0,0,0,1.9735348868920333,2,0.0
3782,1.3329347223782603e-05,2,0.0,0,0,0,0,0.007446378318590626,2,0.0
3783,3.8083849210807435e-06,1,7.613333993155613e-06,2,0,0,0,1.9735348868920333,2,0.0
3784,0.0,0,9.516667491444516e-06,2,0,0,0,96.16667491444517,2,0.0
3785,3.8083849210807435e-06,1,5.710000494866709e-06,1,0,0,0,1.4865476692249984,2,0.0
3786,3.8083849210807435e-06,1,3.8066669965778065e-06,1,0,0,0,0.9995604515579641,2,0.0
3787,3.8083849210807435e-06,1,7.613333993155613e-06,1,0,0,0,1.9735348868920333,2,0.0
3788,2.475450198702483e-05,4,1.5226667986311226e-05,4,0,0,0,0.616655606067361,8,0.0
3789,7.616769842161487e-06,2,0.0,0,0,0,0,0.012958790017766002,2,0.0
3790,1.142515476324223e-05,2,1.713000148460013e-05,1,0,0,0,1.494990899345895,2,0.0
3791,7.616769842161487e-06,2,7.613333993155613e-06,2,0,0,0,0.9995547555420015,3,0.0
3792,3.8083849210807435e-06,1,3.8066669965778065e-06,1,0,0,0,0.9995604515579641,2,0.0
3793,1.3329347223782601e-05,2,0.0,0,0,0,0,0.007446378318590627,2,0.0
3794,3.8083849210807435e-06,1,3.8066669965778065e-06,1,0,0,0,0.9995604515579641,2,0.0
3795,3.8083849210807435e-06,1,2.0936668481177935e-05,3,0,0,0,5.382445410561274,3,0.0
3796,1.142515476324223e-05,3,2.6646668976044647e-05,5,0,0,0,2.3207210250528845,6,0.0
3797,3.8083849210807435e-06,1,3.8066669965778065e-06,1,0,0,0,0.9995604515579641,2,0.0
3798,3.8083849210807435e-06,1,1.5226667986311226e-05,2,0,0,0,3.9214837575601704,3,0.0
3799,1.3329347223782603e-05,2,3.8066669965778065e-06,1,0,0,0,0.2909052042127054,2,0.0
3800,3.8083849210807435e-06,1,3.8066669965778065e-06,1,0,0,0,0.9995604515579641,2,0.0
3801,1.9041924605403718e-05,2,5.710000494866709e-06,1,0,0,0,0.30352227451708597,2,0.0
3802,3.8083849210807435e-06,1,3.8066669965778065e-06,1,0,0,0,0.9995604515579641,2,0.0
3803,3.8083849210807435e-06,1,3.8066669965778065e-06,1,0,0,0,0.9995604515579641,2,0.0
3804,1.3329347223782603e-05,2,0.0,0,0,0,0,0.007446378318590626,2,0.0
3805,7.616769842161487e-06,2,0.0,0,0,0,0,0.012958790017766002,2,0.0
3806,7.616769842161487e-06,2,0.0,0,0,0,0,0.012958790017766002,2,0.0
3807,1.3329347223782603e-05,2,3.8066669965778065e-06,1,0,0,0,0.2909052042127054,3,0.0
3808,7.616769842161487e-06,2,0.0,0,0,0,0,0.012958790017766002,2,0.0
3809,9.520962302701859e-06,1,3.8066669965778065e-06,1,0,0,0,0.4060578218335493,2,0.0
3810,3.6179656750267065e-05,7,4.3776670460644776e-05,4,0,0,0,1.2094014770501318,9,0.0
3811,1.3329347223782603e-05,2,1.5226667986311226e-05,1,0,0,0,1.1412816818950495,2,0.0
3812,3.8083849210807435e-06,1,3.8066669965778065e-06,1,0,0,0,0.9995604515579641,2,0.0
3813,7.616769842161487e-06,2,0.0,0,0,0,0,0.012958790017766002,2,0.0
3814,3.8083849210807435e-06,1,3.8066669965778065e-06,1,0,0,0,0.9995604515579641,2,0.0
3815,1.3329347223782601e-05,3,3.8066669965778065e-06,1,0,0,0,0.29090520421270544,4,0.0
3816,5.712577381621115e-06,1,3.8066669965778065e-06,1,1,0,1,0.672105804376964,2,0.5
3817,7.616769842161487e-06,2,3.8066669965778065e-06,1,0,0,0,0.5062567727798837,3,0.0
3818,3.8083849210807435e-06,1,3.8066669965778065e-06,1,0,0,0,0.9995604515579641,2,0.0
3819,7.616769842161487e-06,2,3.8066669965778065e-06,1,0,0,0,0.5062567727798837,3,0.0
3820,9.520962302701859e-06,2,0.0,0,0,0,0,0.01039397067088777,2,0.0
3821,7.616769842161487e-06,2,0.0,0,0,0,0,0.012958790017766002,2,0.0
3822,3.8083849210807435e-06,1,3.8066669965778065e-06,1,0,0,0,0.9995604515579641,2,0.0
3823,6.664673611891302e-05,7,0.00011039334290075639,8,0,0,0,1.655411924620649,11,0.0
3824,9.520962302701859e-06,1,1.142000098973342e-05,2,0,0,0,1.1973855241588727,2,0.0
3825,1.5233539684322974e-05,2,0.0,0,0,0,0,0.006521651364181754,2,0.0
3826,9.520962302701859e-06,2,5.710000494866709e-06,1,0,0,0,0.6038897474148801,3,0.0
3827,3.8083849210807435e-06,1,3.8066669965778065e-06,1,0,0,0,0.9995604515579641,2,0.0
3828,1.3329347223782603e-05,2,0.0,0,0,0,0,0.007446378318590626,2,0.0
3829,1.5233539684322974e-05,2,0.0,0,0,0,0,0.006521651364181754,2,0.0
3830,9.520962302701859e-06,1,7.613333993155613e-06,1,0,0,0,0.801721672996211,2,0.0
3831,7.616769842161487e-06,2,0.0,0,0,0,0,0.012958790017766002,2,0.0
3832,1.142515476324223e-05,2,0.0,0,0,0,0,0.00867667307331396,2,0.0
3833,1.7137732144863347e-05,3,3.8066669965778065e-06,1,0,0,0,0.22663462709286558,3,0.0
3834,3.8083849210807435e-06,1,3.8066669965778065e-06,1,0,0,0,0.9995604515579641,2,0.0
3835,3.8083849210807435e-06,1,5.710000494866709e-06,1,0,0,0,1.4865476692249984,2,0.0
3836,1.5233539684322974e-05,2,0.0,0,0,0,0,0.006521651364181754,2,0.0
3837,7.616769842161487e-06,2,0.0,0,0,0,0,0.012958790017766002,2,0.0
3838,9.520962302701859e-06,1,3.8066669965778065e-06,1,0,0,0,0.4060578218335493,2,0.0
3839,9.520962302701859e-06,1,1.3323334488022323e-05,2,0,0,0,1.3952174497402035,2,0.0
3840,3.6179656750267065e-05,4,7.994000692813393e-05,5,0,0,0,2.2061952647207645,6,0.0
3841,2.094611706594409e-05,5,1.5226667986311226e-05,4,0,0,0,0.7282420761173173,9,0.0
3842,2.094611706594409e-05,4,0.0,0,0,0,0,0.00475147029196258,4,0.0
3843,3.8083849210807435e-06,1,7.613333993155613e-06,2,0,0,0,1.9735348868920333,3,0.0
3844,3.8083849210807435e-06,1,3.8066669965778065e-06,1,1,1,0,0.9995604515579641,2,0.0
3845,1.7137732144863347e-05,3,0.0,0,0,0,0,0.0058012271660572755,3,0.0
3846,9.520962302701859e-06,2,0.0,0,0,0,0,0.01039397067088777,2,0.0
3847,1.3329347223782603e-05,1,1.3323334488022323e-05,2,0,0,0,0.9995522689479924,2,0.0
3848,1.142515476324223e-05,3,1.142000098973342e-05,2,1,1,0,0.9995528239217015,4,0.0
3849,1.9041924605403718e-05,4,0.0,0,0,0,0,0.005224135088891232,4,0.0
3850,0.0,0,7.613333993155613e-06,2,0,0,0,77.13333993155614,2,0.0
3851,1.142515476324223e-05,1,1.142000098973342e-05,2,2,1,2,0.9995528239217015,2,1.0
3852,3.8083849210807435e-06,1,3.8066669965778065e-06,1,0,0,0,0.9995604515579641,2,0.0
3853,9.520962302701859e-06,1,3.8066669965778065e-06,1,0,0,0,0.4060578218335493,2,0.0
3854,1.142515476324223e-05,2,0.0,0,0,0,0,0.00867667307331396,2,0.0
3855,1.5233539684322974e-05,3,1.5226667986311226e-05,3,0,0,0,0.9995518518128743,4,0.0
3856,1.3329347223782601e-05,2,0.0,0,0,0,0,0.007446378318590627,2,0.0
3857,1.3329347223782603e-05,2,1.3323334488022323e-05,1,2,1,1,0.9995522689479924,3,0.3333333333333333
3858,1.9041924605403718e-05,3,4.187333696235587e-05,6,4,2,3,2.192743824228986,7,0.42857142857142855
3859,9.520962302701859e-06,1,3.8066669965778065e-06,1,0,0,0,0.4060578218335493,2,0.0
3860,3.8083849210807435e-06,1,3.8066669965778065e-06,1,0,0,0,0.9995604515579641,2,0.0
3861,9.520962302701859e-06,1,1.3323334488022323e-05,2,0,0,0,1.3952174497402035,2,0.0
3862,7.616769842161487e-06,2,0.0,0,0,0,0,0.012958790017766002,2,0.0
3863,7.616769842161487e-06,2,9.516667491444516e-06,1,0,0,0,1.2462037469230602,3,0.0
3864,2.475450198702483e-05,2,2.8550002474333546e-05,2,0,0,0,1.1527087724103318,2,0.0
3865,9.520962302701859e-06,2,3.8066669965778065e-06,1,0,0,0,0.4060578218335493,3,0.0
3866,0.0,0,7.613333993155613e-06,2,0,0,0,77.13333993155614,2,0.0
3867,9.520962302701859e-06,1,1.3323334488022323e-05,2,0,0,0,1.3952174497402035,2,0.0
3868,3.8083849210807435e-06,1,1.713000148460013e-05,3,0,0,0,4.408470975227205,3,0.0
3869,1.142515476324223e-05,2,7.613333993155613e-06,2,0,0,0,0.6692607736389057,4,0.0
3870,5.712577381621115e-06,1,3.8066669965778065e-06,1,0,0,0,0.672105804376964,2,0.0
3871,3.8083849210807435e-06,1,7.613333993155613e-06,2,0,0,0,1.9735348868920333,3,0.0
3872,3.8083849210807435e-06,1,7.613333993155613e-06,1,0,0,0,1.9735348868920333,2,0.0
3873,3.4275464289726694e-05,6,5.9003338446956e-05,4,0,0,0,1.7193466231849375,6,0.0
3874,9.520962302701859e-06,2,7.613333993155613e-06,2,0,0,0,0.801721672996211,3,0.0
3875,0.0,0,7.613333993155613e-06,2,0,0,0,77.13333993155614,2,0.0
3876,7.616769842161487e-06,2,0.0,0,0,0,0,0.012958790017766002,2,0.0
3877,1.7137732144863347e-05,3,7.613333993155613e-06,2,0,0,0,0.447468027019674,4,0.0
3878,3.8083849210807435e-06,1,3.8066669965778065e-06,1,0,0,0,0.9995604515579641,2,0.0
3879,7.616769842161487e-06,2,0.0,0,0,0,0,0.012958790017766002,2,0.0
3880,0.0,0,7.613333993155613e-06,2,0,0,0,77.13333993155614,2,0.0
3881,5.712577381621115e-06,1,3.8066669965778065e-06,1,0,0,0,0.672105804376964,2,0.0
3882,7.616769842161487e-06,2,3.8066669965778065e-06,1,0,0,0,0.5062567727798837,3,0.0
3883,7.616769842161487e-06,2,0.0,0,0,0,0,0.012958790017766002,2,0.0
3884,1.142515476324223e-05,3,0.0,0,1,1,0,0.00867667307331396,3,0.0
3885,5.712577381621115e-06,1,7.613333993155613e-06,2,0,0,0,1.3270075367159038,3,0.0
3886,9.520962302701859e-06,2,3.8066669965778065e-06,1,0,0,0,0.4060578218335493,3,0.0
3887,1.3329347223782601e-05,3,1.3323334488022323e-05,2,0,0,0,0.9995522689479925,3,0.0
3888,7.616769842161487e-06,2,0.0,0,0,0,0,0.012958790017766002,2,0.0
3889,3.8083849210807435e-06,1,1.9033334982889032e-05,2,0,0,0,4.895458192894239,2,0.0
3890,3.8083849210807435e-06,1,1.1420000989733419e-05,1,2,1,1,2.947509322226102,2,0.5
3891,7.616769842161487e-06,2,3.8066669965778065e-06,1,0,0,0,0.5062567727798837,3,0.0
3892,9.520962302701859e-06,2,0.0,0,0,0,0,0.01039397067088777,2,0.0
3893,1.7137732144863347e-05,2,2.284000197946684e-05,3,0,0,0,1.3308016267269072,3,0.0
3894,3.8083849210807435e-06,1,3.8066669965778065e-06,1,0,0,0,0.9995604515579641,2,0.0
3895,1.3329347223782603e-05,2,5.710000494866709e-06,1,0,0,0,0.43263461715976276,2,0.0
3896,2.8562886908105577e-05,4,5.710000494866709e-06,1,0,0,0,0.20270116242979347,4,0.0
3897,7.616769842161487e-06,1,3.8066669965778065e-06,1,0,0,0,0.5062567727798837,2,0.0
3898,1.3329347223782603e-05,2,5.710000494866709e-06,1,0,0,0,0.43263461715976276,3,0.0
3899,1.142515476324223e-05,2,3.8066669965778065e-06,1,1,1,0,0.3389687233561098,3,0.0
3900,7.616769842161487e-06,2,0.0,0,0,0,0,0.012958790017766002,2,0.0
3901,0.0,0,9.516667491444516e-06,2,0,0,0,96.16667491444517,2,0.0
3902,7.616769842161487e-06,2,0.0,0,0,0,0,0.012958790017766002,2,0.0
3903,7.616769842161487e-06,2,1.142000098973342e-05,1,0,0,0,1.4928527383041192,2,0.0
3904,2.6658694447565202e-05,4,1.3323334488022323e-05,3,0,0,0,0.5016438494159691,6,0.0
3905,1.9041924605403718e-05,2,0.0,0,0,0,0,0.005224135088891232,2,0.0
3906,3.237127182918632e-05,4,4.187333696235587e-05,5,2,1,2,1.2926299032312234,6,0.3333333333333333
3907,3.8083849210807435e-06,1,1.3323334488022323e-05,3,0,0,0,3.4344965398931366,3,0.0
3908,1.142515476324223e-05,3,7.613333993155613e-06,2,0,0,0,0.6692607736389057,5,0.0
3909,7.616769842161487e-06,2,0.0,0,0,0,0,0.012958790017766002,2,0.0
3910,0.0,0,9.516667491444516e-06,2,0,0,0,96.16667491444517,2,0.0
3911,7.616769842161487e-06,2,1.5226667986311226e-05,4,0,0,0,1.9861507210662366,5,0.0
3912,3.8083849210807435e-06,1,3.8066669965778065e-06,1,0,0,0,0.9995604515579641,2,0.0
3913,9.520962302701859e-06,2,3.8066669965778065e-06,1,0,0,0,0.4060578218335493,3,0.0
3914,2.285030952648446e-05,3,1.1420000989733419e-05,1,0,0,0,0.5019540575886107,3,0.0
3915,3.8083849210807435e-06,1,7.613333993155613e-06,2,0,0,0,1.9735348868920333,3,0.0
3916,1.3329347223782601e-05,3,3.8066669965778065e-06,1,0,0,0,0.29090520421270544,3,0.0
3917,3.8083849210807435e-06,1,8.184334042642283e-05,4,2,0,2,20.966036375906373,5,0.4
3918,1.3329347223782603e-05,2,1.713000148460013e-05,2,0,0,0,1.283011094842107,3,0.0
3919,1.142515476324223e-05,2,0.0,0,0,0,0,0.00867667307331396,2,0.0
3920,7.616769842161487e-06,1,3.8066669965778065e-06,1,0,0,0,0.5062567727798837,2,0.0
3921,9.520962302701859e-06,1,1.713000148460013e-05,1,0,0,0,1.7908813009028648,2,0.0
3922,3.8083849210807435e-06,1,5.710000494866709e-06,1,0,0,0,1.4865476692249984,2,0.0
3923,3.8083849210807435e-06,1,3.8066669965778065e-06,1,0,0,0,0.9995604515579641,2,0.0
3924,3.8083849210807435e-06,1,3.8066669965778065e-06,1,0,0,0,0.9995604515579641,2,0.0
3925,3.8083849210807435e-06,1,3.997000346406697e-05,5,1,0,1,10.25231758723162,6,0.16666666666666666
3926,3.8083849210807435e-06,1,3.8066669965778065e-06,1,0,0,0,0.9995604515579641,2,0.0
3927,7.616769842161487e-06,2,0.0,0,0,0,0,0.012958790017766002,2,0.0
3928,1.3329347223782603e-05,2,0.0,0,0,0,0,0.007446378318590626,2,0.0
3929,1.3329347223782603e-05,2,1.5226667986311226e-05,1,0,0,0,1.1412816818950495,2,0.0
3930,3.8083849210807435e-06,1,3.8066669965778065e-06,1,0,0,0,0.9995604515579641,2,0.0
3931,3.8083849210807435e-06,1,3.8066669965778065e-06,1,0,0,0,0.9995604515579641,2,0.0
3932,1.3329347223782603e-05,2,5.710000494866709e-06,1,0,0,0,0.43263461715976276,2,0.0
3933,2.094611706594409e-05,3,1.3323334488022323e-05,1,0,0,0,0.6378057503891481,3,0.0
3934,3.8083849210807435e-06,1,3.8066669965778065e-06,1,0,0,0,0.9995604515579641,2,0.0
3935,3.8083849210807435e-06,1,1.1420000989733419e-05,1,0,0,0,2.947509322226102,2,0.0
3936,1.5233539684322974e-05,3,0.0,0,0,0,0,0.006521651364181754,3,0.0
3937,0.0,0,7.613333993155613e-06,2,0,0,0,77.13333993155614,2,0.0
3938,9.520962302701859e-06,2,7.613333993155613e-06,2,0,0,0,0.801721672996211,3,0.0
3939,0.0,0,9.516667491444516e-06,2,0,0,0,96.16667491444517,2,0.0
3940,3.8083849210807435e-06,1,3.8066669965778065e-06,1,0,0,0,0.9995604515579641,2,0.0
3941,3.8083849210807435e-06,1,5.710000494866709e-06,1,0,0,0,1.4865476692249984,2,0.0
3942,1.5233539684322974e-05,2,3.8066669965778065e-06,1,1,1,1,0.2547792014763549,2,0.5
3943,9.520962302701859e-06,2,9.516667491444516e-06,2,3,2,2,0.9995535985775418,3,0.6666666666666666
3944,3.8083849210807435e-06,1,3.8066669965778065e-06,1,0,0,0,0.9995604515579641,2,0.0
3945,3.8083849210807435e-06,1,7.613333993155613e-06,2,0,0,0,1.9735348868920333,3,0.0
3946,9.520962302701859e-06,1,1.5226667986311226e-05,2,0,0,0,1.593049375321534,2,0.0
3947,3.8083849210807435e-06,1,7.613333993155613e-06,1,0,0,0,1.9735348868920333,2,0.0
3948,7.616769842161487e-06,2,0.0,0,0,0,0,0.012958790017766002,2,0.0
3949,1.3329347223782603e-05,2,3.8066669965778065e-06,1,0,0,0,0.2909052042127054,2,0.0
3950,1.3329347223782603e-05,2,9.516667491444516e-06,1,0,0,0,0.7160934430538776,2,0.0
3951,0.0,0,7.613333993155613e-06,2,0,0,0,77.13333993155614,2,0.0
3952,1.142515476324223e-05,2,5.710000494866709e-06,1,0,0,0,0.5041147484975076,3,0.0
3953,1.3329347223782603e-05,3,3.8066669965778065e-06,1,0,0,0,0.2909052042127054,3,0.0
3954,3.8083849210807435e-06,1,3.8066669965778065e-06,1,0,0,0,0.9995604515579641,2,0.0
3955,3.8083849210807435e-06,1,5.710000494866709e-06,1,0,0,0,1.4865476692249984,2,0.0
3956,9.520962302701859e-06,2,0.0,0,0,0,0,0.01039397067088777,2,0.0
3957,1.5233539684322974e-05,2,0.0,0,0,0,0,0.006521651364181754,2,0.0
3958,3.8083849210807435e-06,1,3.8066669965778065e-06,1,0,0,0,0.9995604515579641,2,0.0
3959,3.8083849210807435e-06,1,3.8066669965778065e-06,1,0,0,0,0.9995604515579641,2,0.0
3960,3.8083849210807436e-05,7,3.997000346406696e-05,6,0,0,0,1.049396650475083,9,0.0
3961,3.8083849210807435e-06,1,7.613333993155613e-06,2,0,0,0,1.9735348868920333,3,0.0
3962,7.616769842161487e-06,2,0.0,0,0,0,0,0.012958790017766002,2,0.0
3963,0.0,0,1.142000098973342e-05,3,0,0,0,115.20000989733421,3,0.0
3964,3.8083849210807435e-06,1,3.8066669965778065e-06,1,0,0,0,0.9995604515579641,2,0.0
3965,0.0,0,7.613333993155613e-06,2,0,0,0,77.13333993155614,2,0.0
3966,1.5233539684322974e-05,2,1.3323334488022323e-05,2,0,0,0,0.8754230767567879,3,0.0
3967,1.142515476324223e-05,3,3.8066669965778065e-06,1,0,0,0,0.3389687233561098,3,0.0
3968,3.8083849210807435e-06,1,3.8066669965778065e-06,1,0,0,0,0.9995604515579641,2,0.0
3969,3.8083849210807435e-06,1,1.142000098973342e-05,2,1,0,1,2.9475093222261024,3,0.3333333333333333
3970,3.8083849210807435e-06,1,3.8066669965778065e-06,1,0,0,0,0.9995604515579641,2,0.0
3971,3.8083849210807435e-06,1,3.8066669965778065e-06,1,2,1,1,0.9995604515579641,2,0.5
3972,9.520962302701859e-06,1,5.710000494866709e-06,1,0,0,0,0.6038897474148801,2,0.0
3973,2.285030952648446e-05,3,0.0,0,0,0,0,0.0043572397088850095,3,0.0
3974,1.3329347223782603e-05,2,0.0,0,0,0,0,0.007446378318590626,2,0.0
3975,3.8083849210807435e-06,1,7.613333993155613e-06,2,0,0,0,1.9735348868920333,3,0.0
3976,3.8083849210807435e-06,1,3.8066669965778065e-06,1,0,0,0,0.9995604515579641,2,0.0
3977,7.616769842161487e-06,2,3.8066669965778065e-06,1,0,0,0,0.5062567727798837,3,0.0
3978,1.3329347223782603e-05,2,9.516667491444516e-06,1,0,0,0,0.7160934430538776,2,0.0
3979,2.094611706594409e-05,4,0.0,0,0,0,0,0.00475147029196258,4,0.0
3980,3.8083849210807435e-06,1,1.142000098973342e-05,3,0,0,0,2.9475093222261024,4,0.0
3981,7.616769842161487e-06,2,3.8066669965778065e-06,1,0,0,0,0.5062567727798837,2,0.0
3982,3.8083849210807435e-06,1,9.516667491444516e-06,2,0,0,0,2.4605221045590673,2,0.0
3983,3.8083849210807435e-06,1,3.8066669965778065e-06,1,0,0,0,0.9995604515579641,2,0.0
3984,2.285030952648446e-05,4,7.613333993155613e-06,1,0,0,0,0.33608845162870216,4,0.0
3985,3.8083849210807435e-06,1,7.613333993155613e-06,1,2,1,1,1.9735348868920333,2,0.5
3986,1.3329347223782603e-05,2,2.0936668481177935e-05,1,0,0,0,1.5664699207362216,2,0.0
3987,3.8083849210807435e-06,1,3.8066669965778065e-06,1,0,0,0,0.9995604515579641,2,0.0
3988,3.8083849210807435e-06,1,9.516667491444516e-06,2,0,0,0,2.4605221045590673,3,0.0
3989,1.142515476324223e-05,3,0.0,0,0,0,0,0.00867667307331396,3,0.0
3990,1.5233539684322974e-05,3,1.5226667986311226e-05,1,0,0,0,0.9995518518128743,3,0.0
3991,7.616769842161487e-06,2,3.8066669965778065e-06,1,0,0,0,0.5062567727798837,3,0.0
3992,9.520962302701859e-06,1,3.8066669965778065e-06,1,0,0,0,0.4060578218335493,2,0.0
3993,9.520962302701859e-06,2,0.0,0,0,0,0,0.01039397067088777,2,0.0
3994,1.5233539684322974e-05,2,0.0,0,0,0,0,0.006521651364181754,2,0.0
3995,7.616769842161487e-06,2,0.0,0,0,0,0,0.012958790017766002,2,0.0
3996,3.8083849210807435e-06,1,3.8066669965778065e-06,1,0,0,0,0.9995604515579641,2,0.0
3997,0.0,0,9.516667491444516e-06,2,0,0,0,96.16667491444517,2,0.0
3998,9.520962302701859e-06,2,5.710000494866709e-06,1,0,0,0,0.6038897474148801,2,0.0
3999,1.3329347223782603e-05,2,0.0,0,0,0,0,0.007446378318590626,2,0.0
4000,3.8083849210807435e-06,1,1.142000098973342e-05,3,0,0,0,2.9475093222261024,3,0.0
4001,3.8083849210807435e-06,1,3.8066669965778065e-06,1,0,0,0,0.9995604515579641,2,0.0
4002,9.520962302701859e-06,1,5.710000494866709e-06,1,0,0,0,0.6038897474148801,2,0.0
4003,1.5233539684322974e-05,4,7.613333993155613e-06,2,0,0,0,0.5030367515885281,6,0.0
4004,9.520962302701859e-06,1,3.8066669965778065e-06,1,0,0,0,0.4060578218335493,2,0.0
4005,9.520962302701859e-06,1,3.8066669965778065e-06,1,0,0,0,0.4060578218335493,2,0.0
4006,2.094611706594409e-05,4,7.613333993155613e-06,1,0,0,0,0.36649677320463997,4,0.0
4007,1.5233539684322974e-05,2,7.613333993155613e-06,1,0,0,0,0.5030367515885281,2,0.0
4008,7.616769842161487e-06,2,7.613333993155613e-06,1,0,0,0,0.9995547555420015,3,0.0
4009,9.520962302701859e-06,2,0.0,0,0,0,0,0.01039397067088777,2,0.0
4010,3.8083849210807435e-06,1,9.516667491444516e-06,2,0,0,0,2.4605221045590673,3,0.0
4011,9.520962302701859e-06,1,1.5226667986311226e-05,2,0,0,0,1.593049375321534,2,0.0
4012,1.7137732144863347e-05,2,1.5226667986311226e-05,2,0,0,0,0.8891348268732905,3,0.0
4013,1.7137732144863347e-05,3,0.0,0,0,0,0,0.0058012271660572755,3,0.0
4014,1.142515476324223e-05,2,0.0,0,0,0,0,0.00867667307331396,2,0.0
4015,3.8083849210807435e-06,1,5.710000494866709e-06,1,0,0,0,1.4865476692249984,2,0.0
4016,3.8083849210807435e-06,1,3.8066669965778065e-06,1,0,0,0,0.9995604515579641,2,0.0
4017,3.8083849210807435e-06,1,7.613333993155613e-06,2,0,0,0,1.9735348868920333,2,0.0
4018,7.616769842161487e-06,2,9.516667491444516e-06,1,0,0,0,1.2462037469230602,2,0.0
4019,1.3329347223782603e-05,2,2.2840001979466837e-05,2,0,0,0,1.708199333683279,3,0.0
4020,7.616769842161487e-06,2,3.8066669965778065e-06,1,0,0,0,0.5062567727798837,3,0.0
4021,3.8083849210807435e-06,1,1.5226667986311226e-05,3,2,1,2,3.9214837575601704,3,0.6666666666666666
4022,3.8083849210807435e-06,1,1.3323334488022323e-05,2,2,1,2,3.4344965398931366,2,1.0
4023,3.8083849210807435e-06,1,7.613333993155613e-06,2,0,0,0,1.9735348868920333,2,0.0
4024,1.5233539684322974e-05,3,5.710000494866709e-06,1,1,1,0,0.37890797653244146,4,0.0
4025,7.616769842161487e-06,2,0.0,0,0,0,0,0.012958790017766002,2,0.0
4026,9.520962302701859e-06,1,2.0936668481177935e-05,2,0,0,0,2.186545152065526,2,0.0
4027,3.8083849210807435e-06,1,3.8066669965778065e-06,1,1,0,1,0.9995604515579641,2,0.5
4028,7.616769842161487e-06,2,3.8066669965778065e-06,1,0,0,0,0.5062567727798837,3,0.0
4029,5.712577381621115e-06,1,3.8066669965778065e-06,1,0,0,0,0.672105804376964,2,0.0
4030,1.5233539684322974e-05,2,7.613333993155613e-06,1,0,0,0,0.5030367515885281,2,0.0
4031,7.616769842161487e-06,2,3.8066669965778065e-06,1,0,0,0,0.5062567727798837,3,0.0
4032,1.142515476324223e-05,2,3.8066669965778065e-06,1,0,0,0,0.3389687233561098,2,0.0
4033,3.8083849210807435e-06,1,3.8066669965778065e-06,1,0,0,0,0.9995604515579641,2,0.0
4034,2.285030952648446e-05,4,2.0936668481177935e-05,4,0,0,0,0.9166180724883819,6,0.0
4035,7.616769842161487e-06,2,0.0,0,0,0,0,0.012958790017766002,2,0.0
4036,3.8083849210807435e-06,1,3.8066669965778065e-06,1,0,0,0,0.9995604515579641,2,0.0
4037,7.616769842161487e-06,2,0.0,0,0,0,0,0.012958790017766002,2,0.0
4038,9.520962302701859e-06,2,0.0,0,0,0,0,0.01039397067088777,2,0.0
4039,3.8083849210807435e-06,1,5.710000494866709e-06,1,0,0,0,1.4865476692249984,2,0.0
4040,1.7137732144863347e-05,3,5.710000494866709e-06,1,0,0,0,0.3370513270562697,4,0.0
4041,1.7137732144863347e-05,4,0.0,0,0,0,0,0.0058012271660572755,4,0.0
4042,3.8083849210807435e-06,1,3.8066669965778065e-06,1,0,0,0,0.9995604515579641,2,0.0
4043,7.616769842161487e-06,2,3.997000346406697e-05,5,0,0,0,5.192587609020002,6,0.0
4044,7.616769842161487e-06,2,3.8066669965778065e-06,1,1,1,0,0.5062567727798837,3,0.0
4045,1.142515476324223e-05,3,3.8066669965778065e-06,1,0,0,0,0.3389687233561098,3,0.0
4046,9.520962302701859e-06,2,0.0,0,0,0,0,0.01039397067088777,2,0.0
4047,1.142515476324223e-05,2,3.8066669965778065e-06,1,0,0,0,0.3389687233561098,3,0.0
4048,2.475450198702483e-05,5,5.710000494866709e-06,1,0,0,0,0.23376048725095322,5,0.0
4049,9.520962302701859e-06,1,3.8066669965778065e-06,1,0,0,0,0.4060578218335493,2,0.0
4050,3.8083849210807435e-06,1,5.710000494866709e-06,1,0,0,0,1.4865476692249984,2,0.0
4051,3.8083849210807435e-06,1,3.8066669965778065e-06,1,0,0,0,0.9995604515579641,2,0.0
4052,9.520962302701859e-06,2,1.9033334982889032e-05,3,0,0,0,1.9887132264841956,4,0.0
4053,1.3329347223782603e-05,3,1.3323334488022323e-05,2,0,0,0,0.9995522689479924,4,0.0
4054,3.8083849210807435e-06,1,1.5226667986311226e-05,2,0,0,0,3.9214837575601704,2,0.0
4055,7.616769842161487e-06,2,0.0,0,0,0,0,0.012958790017766002,2,0.0
4056,9.520962302701859e-06,2,0.0,0,0,0,0,0.01039397067088777,2,0.0
4057,3.4275464289726694e-05,7,0.0001713000148460013,12,3,3,1,4.986114904554909,14,0.07142857142857142
4058,7.616769842161487e-06,2,0.0,0,0,0,0,0.012958790017766002,2,0.0
4059,7.616769842161487e-06,2,1.1420000989733419e-05,1,2,1,1,1.492852738304119,3,0.3333333333333333
4060,0.0,0,7.613333993155613e-06,2,0,0,0,77.13333993155614,2,0.0
4061,7.616769842161487e-06,2,0.0,0,0,0,0,0.012958790017766002,2,0.0
4062,1.7137732144863347e-05,4,0.0,0,0,0,0,0.0058012271660572755,4,0.0
4063,7.616769842161487e-06,2,5.710000494866709e-06,1,0,0,0,0.7529057641609425,3,0.0
4064,4.950900397404966e-05,10,4.758333745722258e-05,8,0,0,0,0.9611831247844768,14,0.0
4065,7.616769842161487e-06,2,7.613333993155613e-06,1,0,0,0,0.9995547555420015,2,0.0
4066,7.616769842161487e-06,2,0.0,0,0,0,0,0.012958790017766002,2,0.0
4067,1.3329347223782603e-05,2,3.8066669965778065e-06,1,0,0,0,0.2909052042127054,3,0.0
4068,1.7137732144863343e-05,2,2.6646668976044647e-05,4,0,0,0,1.5516350266537158,4,0.0
4069,7.616769842161487e-06,1,7.613333993155613e-06,1,0,0,0,0.9995547555420015,2,0.0
4070,7.616769842161487e-06,2,0.0,0,0,0,0,0.012958790017766002,2,0.0
4071,7.045512103999376e-05,15,5.329333795208929e-05,10,0,0,0,0.7567606314759717,21,0.0
4072,0.0,0,3.8066669965778064e-05,2,0,0,0,381.66669965778067,2,0.0
4073,7.616769842161487e-06,2,1.1420000989733419e-05,2,0,0,0,1.492852738304119,3,0.0
4074,1.9041924605403718e-05,3,5.710000494866709e-06,1,0,0,0,0.30352227451708597,3,0.0
4075,2.094611706594409e-05,4,0.0,0,0,0,0,0.00475147029196258,4,0.0
4076,0.0,0,9.516667491444516e-06,2,0,0,0,96.16667491444517,2,0.0
4077,1.3329347223782603e-05,2,0.0,0,0,0,0,0.007446378318590626,2,0.0
4078,7.616769842161487e-06,2,0.0,0,0,0,0,0.012958790017766002,2,0.0
4079,7.616769842161487e-06,2,0.0,0,0,0,0,0.012958790017766002,2,0.0
4080,3.8083849210807435e-06,1,3.8066669965778065e-06,1,0,0,0,0.9995604515579641,2,0.0
4081,1.3329347223782603e-05,2,0.0,0,0,0,0,0.007446378318590626,2,0.0
4082,9.520962302701859e-06,2,7.613333993155613e-06,1,0,0,0,0.801721672996211,2,0.0
4083,1.7137732144863347e-05,2,2.0936668481177935e-05,2,0,0,0,1.220384926763503,4,0.0
4084,3.8083849210807435e-06,1,7.613333993155613e-06,2,0,0,0,1.9735348868920333,3,0.0
4085,3.8083849210807435e-06,1,5.710000494866709e-06,1,0,0,0,1.4865476692249984,2,0.0
4086,5.712577381621115e-06,1,7.613333993155613e-06,2,0,0,0,1.3270075367159038,3,0.0
4087,1.3329347223782603e-05,2,2.284000197946684e-05,3,0,0,0,1.7081993336832793,4,0.0
4088,3.8083849210807435e-06,1,3.8066669965778065e-06,1,0,0,0,0.9995604515579641,2,0.0
4089,1.5233539684322974e-05,3,0.0,0,0,0,0,0.006521651364181754,3,0.0
4090,3.8083849210807435e-06,1,7.613333993155613e-06,1,0,0,0,1.9735348868920333,2,0.0
4091,2.094611706594409e-05,2,0.0,0,0,0,0,0.00475147029196258,2,0.0
4092,9.520962302701859e-06,2,0.0,0,0,0,0,0.01039397067088777,2,0.0
4093,7.616769842161487e-06,2,0.0,0,0,0,0,0.012958790017766002,2,0.0
4094,9.520962302701859e-06,1,3.8066669965778065e-06,1,0,0,0,0.4060578218335493,2,0.0
4095,1.142515476324223e-05,2,9.516667491444516e-06,1,1,1,1,0.8344067987803035,2,0.5
4096,1.5233539684322974e-05,2,5.710000494866709e-06,1,0,0,0,0.37890797653244146,2,0.0
4097,9.520962302701859e-06,2,3.8066669965778065e-06,1,0,0,0,0.4060578218335493,3,0.0
4098,9.520962302701859e-06,2,5.710000494866709e-06,1,0,0,0,0.6038897474148801,2,0.0
4099,9.520962302701859e-06,1,3.8066669965778065e-06,1,0,0,0,0.4060578218335493,2,0.0
4100,1.3329347223782603e-05,2,2.8550002474333546e-05,2,0,0,0,2.133387572524451,4,0.0
4101,1.3329347223782603e-05,3,1.9033334982889035e-05,3,0,0,0,1.4247405077891646,5,0.0
4102,2.094611706594409e-05,3,3.8066669965778065e-06,1,0,0,0,0.18562412174830126,4,0.0
4103,9.520962302701859e-06,2,3.8066669965778065e-06,1,0,0,0,0.4060578218335493,3,0.0
4104,9.520962302701859e-06,1,3.0453335972622452e-05,3,0,0,0,3.1757047799721807,3,0.0
4105,0.0,0,7.613333993155613e-06,2,0,0,0,77.13333993155614,2,0.0
4106,1.9041924605403718e-05,2,5.710000494866709e-06,1,0,0,0,0.30352227451708597,2,0.0
4107,3.8083849210807435e-06,1,3.8066669965778065e-06,1,0,0,0,0.9995604515579641,2,0.0
4108,3.8083849210807435e-06,1,3.8066669965778065e-06,1,0,0,0,0.9995604515579641,2,0.0
4109,9.520962302701859e-06,2,1.9033334982889032e-05,2,0,0,0,1.9887132264841956,3,0.0
4110,2.8562886908105577e-05,5,1.9033334982889032e-05,3,0,0,0,0.6675299331930977,7,0.0
4111,1.5233539684322974e-05,2,0.0,0,0,0,0,0.006521651364181754,2,0.0
4112,1.7137732144863347e-05,3,3.616333646748916e-05,2,0,0,0,2.103718526470736,5,0.0
4113,3.8083849210807435e-06,1,5.710000494866709e-06,1,0,0,0,1.4865476692249984,2,0.0
4114,3.8083849210807435e-06,1,1.3323334488022323e-05,1,0,0,0,3.4344965398931366,2,0.0
4115,1.3329347223782603e-05,2,0.0,0,0,0,0,0.007446378318590626,2,0.0
4116,9.520962302701859e-06,1,9.516667491444516e-06,2,0,0,0,0.9995535985775418,3,0.0
4117,1.9041924605403718e-05,3,0.0,0,0,0,0,0.005224135088891232,3,0.0
4118,1.3329347223782603e-05,2,0.0,0,0,0,0,0.007446378318590626,2,0.0
4119,1.7137732144863347e-05,2,1.3323334488022323e-05,2,0,0,0,0.7787181269098864,2,0.0
4120,3.8083849210807435e-06,1,3.8066669965778065e-06,1,0,0,0,0.9995604515579641,2,0.0
4121,3.8083849210807435e-06,1,5.710000494866709e-06,1,0,0,0,1.4865476692249984,2,0.0
4122,3.8083849210807435e-06,1,2.0936668481177935e-05,3,0,0,0,5.382445410561274,3,0.0
4123,5.712577381621115e-06,1,1.713000148460013e-05,3,0,0,0,2.964261867563253,4,0.0
4124,1.5233539684322974e-05,2,3.8066669965778065e-06,1,0,0,0,0.2547792014763549,3,0.0
4125,1.7137732144863347e-05,2,7.613333993155613e-06,2,0,0,0,0.447468027019674,4,0.0
4126,5.712577381621115e-06,1,3.8066669965778065e-06,1,0,0,0,0.672105804376964,2,0.0
4127,3.8083849210807435e-06,1,9.516667491444516e-06,2,1,0,1,2.4605221045590673,3,0.3333333333333333
4128,1.3329347223782601e-05,2,7.613333993155613e-06,2,0,0,0,0.5743640301068202,3,0.0
4129,1.142515476324223e-05,2,0.0,0,0,0,0,0.00867667307331396,2,0.0
4130,1.142515476324223e-05,2,0.0,0,0,0,0,0.00867667307331396,2,0.0
4131,9.520962302701859e-06,2,0.0,0,0,0,0,0.01039397067088777,2,0.0
4132,7.616769842161487e-06,2,0.0,0,0,0,0,0.012958790017766002,2,0.0
4133,3.8083849210807435e-06,1,1.713000148460013e-05,3,0,0,0,4.408470975227205,3,0.0
4134,1.3329347223782603e-05,2,9.516667491444516e-06,1,0,0,0,0.7160934430538776,2,0.0
4135,7.616769842161487e-06,2,0.0,0,0,0,0,0.012958790017766002,2,0.0
4136,1.3329347223782603e-05,2,1.9033334982889032e-05,2,0,0,0,1.4247405077891644,3,0.0
4137,3.8083849210807435e-06,1,3.8066669965778064e-05,3,0,0,0,9.765330369564584,3,0.0
4138,2.4754501987024835e-05,2,3.0453335972622452e-05,2,0,0,0,1.2292877961736135,2,0.0
4139,9.520962302701859e-06,2,3.8066669965778065e-06,1,0,0,0,0.4060578218335493,3,0.0
4140,3.8083849210807435e-06,1,7.613333993155613e-06,1,0,0,0,1.9735348868920333,2,0.0
4141,0.0,0,7.613333993155613e-06,2,0,0,0,77.13333993155614,2,0.0
4142,7.616769842161487e-06,2,9.516667491444516e-06,2,0,0,0,1.2462037469230602,3,0.0
4143,1.3329347223782603e-05,2,3.8066669965778065e-06,1,0,0,0,0.2909052042127054,2,0.0
4144,3.8083849210807435e-06,1,5.710000494866709e-06,1,0,0,0,1.4865476692249984,2,0.0
4145,7.616769842161487e-06,2,7.613333993155613e-06,2,0,0,0,0.9995547555420015,4,0.0
4146,6.474254365837264e-05,8,3.426000296920026e-05,2,0,0,0,0.529899060564747,8,0.0
4147,3.8083849210807435e-06,1,3.8066669965778065e-06,1,0,0,0,0.9995604515579641,2,0.0
4148,7.616769842161487e-06,2,0.0,0,0,0,0,0.012958790017766002,2,0.0
4149,1.3329347223782603e-05,2,7.613333993155613e-06,1,0,0,0,0.5743640301068202,2,0.0
4150,3.8083849210807435e-06,1,3.8066669965778065e-06,1,0,0,0,0.9995604515579641,2,0.0
4151,3.8083849210807435e-06,1,7.613333993155613e-06,1,0,0,0,1.9735348868920333,2,0.0
4152,1.142515476324223e-05,2,3.8066669965778065e-06,1,0,0,0,0.3389687233561098,2,0.0
4153,7.616769842161487e-06,1,7.613333993155613e-06,2,0,0,0,0.9995547555420015,2,0.0
4154,1.7137732144863347e-05,3,0.0,0,0,0,0,0.0058012271660572755,3,0.0
4155,1.3329347223782603e-05,2,9.516667491444516e-06,1,0,0,0,0.7160934430538776,2,0.0
4156,7.616769842161487e-06,1,1.1420000989733419e-05,2,0,0,0,1.492852738304119,2,0.0
4157,1.142515476324223e-05,1,3.8066669965778065e-06,1,0,0,0,0.3389687233561098,2,0.0
4158,1.142515476324223e-05,1,9.516667491444516e-06,2,0,0,0,0.8344067987803035,3,0.0
4159,9.520962302701859e-06,1,1.5226667986311226e-05,3,0,0,0,1.593049375321534,3,0.0
4160,2.094611706594409e-05,1,1.5226667986311226e-05,2,0,0,0,0.7282420761173173,2,0.0
4161,1.3329347223782603e-05,2,0.0,0,0,0,0,0.007446378318590626,2,0.0
4162,9.520962302701859e-06,2,0.0,0,0,0,0,0.01039397067088777,2,0.0
4163,3.8083849210807435e-06,1,7.613333993155613e-06,2,0,0,0,1.9735348868920333,2,0.0
4164,3.8083849210807435e-06,1,3.8066669965778065e-06,1,0,0,0,0.9995604515579641,2,0.0
4165,1.7137732144863347e-05,3,1.5226667986311226e-05,2,1,1,1,0.8891348268732905,3,0.3333333333333333
4166,1.142515476324223e-05,2,0.0,0,0,0,0,0.00867667307331396,2,0.0
4167,1.3329347223782603e-05,3,1.9033334982889035e-05,3,0,0,0,1.4247405077891646,5,0.0
4168,9.520962302701859e-06,2,1.3323334488022322e-05,1,0,0,0,1.3952174497402032,2,0.0
4169,1.7137732144863347e-05,2,9.516667491444516e-06,2,0,0,0,0.5578847269830781,2,0.0
4170,1.142515476324223e-05,2,0.0,0,0,0,0,0.00867667307331396,2,0.0
4171,9.520962302701859e-06,1,1.142000098973342e-05,2,0,0,0,1.1973855241588727,2,0.0
4172,9.520962302701859e-06,2,0.0,0,0,0,0,0.01039397067088777,2,0.0
4173,1.3329347223782603e-05,2,2.6646668976044647e-05,4,0,0,0,1.991658159577394,6,0.0
4174,3.8083849210807435e-06,1,7.613333993155613e-06,2,0,0,0,1.9735348868920333,2,0.0
4175,3.8083849210807435e-06,1,3.8066669965778065e-06,1,0,0,0,0.9995604515579641,2,0.0
4176,9.520962302701859e-06,1,1.713000148460013e-05,2,0,0,0,1.7908813009028648,2,0.0
4177,1.3329347223782603e-05,2,9.516667491444516e-06,2,0,0,0,0.7160934430538776,2,0.0
4178,7.616769842161487e-06,2,0.0,0,0,0,0,0.012958790017766002,2,0.0
4179,1.3329347223782603e-05,2,2.0936668481177935e-05,2,0,0,0,1.5664699207362216,2,0.0
4180,9.520962302701859e-06,1,7.613333993155613e-06,2,0,0,0,0.801721672996211,2,0.0
4181,7.045512103999376e-05,14,0.00011039334290075639,16,0,0,0,1.5660570242395853,30,0.0
4182,1.7137732144863347e-05,4,5.710000494866709e-06,1,0,0,0,0.3370513270562697,5,0.0
4183,5.712577381621115e-06,1,3.8066669965778065e-06,1,0,0,0,0.672105804376964,2,0.0
4184,1.3329347223782603e-05,2,1.9033334982889032e-05,3,0,0,0,1.4247405077891644,4,0.0
4185,1.3329347223782603e-05,3,0.0,0,0,0,0,0.007446378318590626,3,0.0
4186,1.7137732144863347e-05,4,2.6646668976044647e-05,6,0,0,0,1.5516350266537156,10,0.0
4187,1.3329347223782603e-05,2,0.0,0,0,0,0,0.007446378318590626,2,0.0
4188,1.3329347223782603e-05,2,0.0,0,0,0,0,0.007446378318590626,2,0.0
4189,1.142515476324223e-05,3,4.187333696235587e-05,3,0,0,0,3.641889226184068,6,0.0
4190,2.8562886908105577e-05,2,1.713000148460013e-05,2,0,0,0,0.6011258230840543,3,0.0
4191,3.8083849210807435e-06,1,9.516667491444516e-06,2,0,0,0,2.4605221045590673,3,0.0
4192,1.3329347223782603e-05,2,0.0,0,0,0,0,0.007446378318590626,2,0.0
4193,3.8083849210807435e-06,1,3.8066669965778065e-06,1,0,0,0,0.9995604515579641,2,0.0
4194,9.520962302701859e-06,2,7.613333993155613e-06,2,0,0,0,0.801721672996211,3,0.0
4195,7.616769842161487e-06,2,3.8066669965778065e-06,1,2,2,1,0.5062567727798837,2,0.5
4196,1.5233539684322974e-05,2,1.9033334982889032e-05,1,0,0,0,1.2478094019250474,2,0.0
4197,3.8083849210807435e-06,1,5.710000494866709e-06,1,0,0,0,1.4865476692249984,2,0.0
4198,9.520962302701859e-06,1,7.613333993155613e-06,2,0,0,0,0.801721672996211,2,0.0
4199,3.8083849210807435e-06,1,3.8066669965778065e-06,1,0,0,0,0.9995604515579641,2,0.0
4200,9.520962302701859e-06,1,9.516667491444516e-06,2,1,1,0,0.9995535985775418,3,0.0
4201,7.616769842161487e-06,2,0.0,0,0,0,0,0.012958790017766002,2,0.0
4202,9.520962302701859e-06,1,3.8066669965778065e-06,1,0,0,0,0.4060578218335493,2,0.0
4203,7.616769842161487e-06,2,0.0,0,0,0,0,0.012958790017766002,2,0.0
4204,1.7137732144863347e-05,2,1.1420000989733419e-05,1,2,2,1,0.6683014269464822,2,0.5
4205,3.8083849210807435e-06,1,5.710000494866709e-06,1,0,0,0,1.4865476692249984,2,0.0
4206,9.520962302701859e-06,2,0.0,0,0,0,0,0.01039397067088777,2,0.0
4207,9.520962302701859e-06,1,9.516667491444516e-06,2,0,0,0,0.9995535985775418,3,0.0
4208,1.3329347223782603e-05,2,3.8066669965778065e-06,1,0,0,0,0.2909052042127054,3,0.0
4209,3.8083849210807435e-06,1,3.8066669965778065e-06,1,0,0,0,0.9995604515579641,2,0.0
4210,9.520962302701859e-06,1,7.613333993155613e-06,2,0,0,0,0.801721672996211,3,0.0
4211,9.520962302701859e-06,1,9.516667491444516e-06,2,0,0,0,0.9995535985775418,3,0.0
4212,2.285030952648446e-05,3,1.713000148460013e-05,4,0,0,0,0.7507524665284734,6,0.0
4213,1.3329347223782603e-05,2,5.710000494866709e-06,1,0,0,0,0.43263461715976276,2,0.0
4214,1.3329347223782603e-05,2,0.0,0,0,0,0,0.007446378318590626,2,0.0
4215,1.3329347223782603e-05,1,2.6646668976044647e-05,5,1,0,1,1.991658159577394,6,0.16666666666666666
4216,7.616769842161487e-06,2,0.0,0,0,0,0,0.012958790017766002,2,0.0
4217,9.520962302701859e-06,1,3.8066669965778065e-06,1,0,0,0,0.4060578218335493,2,0.0
4218,1.3329347223782603e-05,2,7.613333993155613e-06,2,0,0,0,0.5743640301068202,3,0.0
4219,1.3329347223782603e-05,2,3.8066669965778065e-06,1,0,0,0,0.2909052042127054,2,0.0
4220,3.8083849210807435e-06,1,3.8066669965778065e-06,1,0,0,0,0.9995604515579641,2,0.0
4221,1.7137732144863347e-05,2,9.516667491444516e-06,2,0,0,0,0.5578847269830781,3,0.0
4222,9.520962302701859e-06,1,2.2840001979466837e-05,2,0,0,0,2.384377077646857,2,0.0
4223,1.5233539684322974e-05,2,0.0,0,0,0,0,0.006521651364181754,2,0.0
4224,3.8083849210807435e-06,1,1.1420000989733419e-05,1,0,0,0,2.947509322226102,2,0.0
4225,3.8083849210807435e-06,1,3.8066669965778065e-06,1,0,0,0,0.9995604515579641,2,0.0
4226,3.8083849210807435e-06,1,3.8066669965778065e-06,1,0,0,0,0.9995604515579641,2,0.0
4227,1.3329347223782603e-05,2,0.0,0,0,0,0,0.007446378318590626,2,0.0
4228,7.616769842161487e-06,2,0.0,0,0,0,0,0.012958790017766002,2,0.0
4229,7.616769842161487e-06,2,0.0,0,0,0,0,0.012958790017766002,2,0.0
4230,9.520962302701859e-06,1,3.8066669965778065e-06,1,0,0,0,0.4060578218335493,2,0.0
4231,3.4275464289726694e-05,6,1.9033334982889035e-05,3,0,0,0,0.556598590832914,8,0.0
4232,1.3329347223782603e-05,2,5.710000494866709e-06,1,0,0,0,0.43263461715976276,3,0.0
4233,1.3329347223782603e-05,2,3.8066669965778065e-06,1,0,0,0,0.2909052042127054,2,0.0
4234,1.3329347223782603e-05,2,2.6646668976044647e-05,6,0,0,0,1.991658159577394,7,0.0
4235,9.520962302701859e-06,2,0.0,0,0,0,0,0.01039397067088777,2,0.0
4236,1.7137732144863347e-05,2,1.3323334488022323e-05,2,0,0,0,0.7787181269098864,2,0.0
4237,9.520962302701859e-06,2,3.8066669965778065e-06,1,0,0,0,0.4060578218335493,2,0.0
4238,9.520962302701859e-06,1,7.042333943668942e-05,1,0,0,0,7.330175217180128,2,0.0
4239,1.3329347223782603e-05,2,3.8066669965778065e-06,1,0,0,0,0.2909052042127054,3,0.0
4240,1.7137732144863347e-05,2,9.516667491444516e-06,2,0,0,0,0.5578847269830781,2,0.0
4241,7.616769842161487e-06,2,0.0,0,0,0,0,0.012958790017766002,2,0.0
4242,3.8083849210807435e-06,1,3.8066669965778065e-06,1,0,0,0,0.9995604515579641,2,0.0
4243,3.237127182918632e-05,5,3.8066669965778065e-06,1,0,0,0,0.12031148693924444,6,0.0
4244,9.520962302701859e-06,1,3.8066669965778065e-06,1,0,0,0,0.4060578218335493,2,0.0
4245,9.520962302701859e-06,1,3.8066669965778065e-06,1,0,0,0,0.4060578218335493,2,0.0
4246,1.9041924605403718e-05,3,2.6646668976044643e-05,4,0,0,0,1.3972821190871332,5,0.0
4247,1.9041924605403718e-05,3,1.142000098973342e-05,2,0,0,0,0.6018204139452809,4,0.0
4248,9.520962302701859e-06,1,3.8066669965778065e-06,1,0,0,0,0.4060578218335493,2,0.0
4249,9.520962302701859e-06,1,5.710000494866709e-06,1,0,0,0,0.6038897474148801,2,0.0
4250,9.520962302701859e-06,1,1.713000148460013e-05,2,0,0,0,1.7908813009028648,2,0.0
4251,2.094611706594409e-05,4,1.3323334488022323e-05,3,0,0,0,0.6378057503891481,7,0.0
4252,1.3329347223782603e-05,2,0.0,0,0,0,0,0.007446378318590626,2,0.0
4253,2.475450198702483e-05,4,1.3323334488022323e-05,3,0,0,0,0.5400765823040795,6,0.0
4254,1.3329347223782603e-05,2,3.8066669965778065e-06,1,0,0,0,0.2909052042127054,2,0.0
4255,1.5233539684322974e-05,2,5.710000494866709e-06,1,0,0,0,0.37890797653244146,2,0.0
4256,3.8083849210807435e-06,1,3.8066669965778065e-06,1,0,0,0,0.9995604515579641,2,0.0
4257,9.520962302701859e-06,2,0.0,0,0,0,0,0.01039397067088777,2,0.0
4258,1.7137732144863347e-05,3,7.613333993155613e-06,1,0,0,0,0.447468027019674,3,0.0
4259,7.616769842161487e-06,2,0.0,0,0,0,0,0.012958790017766002,2,0.0
4260,9.520962302701859e-06,1,9.516667491444516e-06,2,0,0,0,0.9995535985775418,2,0.0
4261,9.520962302701859e-06,1,3.8066669965778065e-06,1,0,0,0,0.4060578218335493,2,0.0
4262,1.3329347223782601e-05,3,9.516667491444516e-06,2,0,0,0,0.7160934430538777,3,0.0
4263,1.5233539684322974e-05,2,5.710000494866709e-06,1,0,0,0,0.37890797653244146,2,0.0
4264,7.616769842161487e-06,2,0.0,0,0,0,0,0.012958790017766002,2,0.0
4265,3.8083849210807435e-06,1,3.8066669965778065e-06,1,0,0,0,0.9995604515579641,2,0.0
4266,1.7137732144863347e-05,3,1.5226667986311226e-05,2,0,0,0,0.8891348268732905,4,0.0
4267,7.616769842161487e-06,2,3.235666947091135e-05,3,1,0,1,4.205991643495766,4,0.25
4268,1.3329347223782603e-05,2,0.0,0,0,0,0,0.007446378318590626,2,0.0
4269,3.8083849210807435e-06,1,5.710000494866709e-06,1,0,0,0,1.4865476692249984,2,0.0
4270,5.712577381621115e-06,1,5.710000494866709e-06,1,0,0,0,0.9995566705464337,2,0.0
4271,3.8083849210807435e-06,1,3.8066669965778065e-06,1,0,0,0,0.9995604515579641,2,0.0
4272,3.8083849210807435e-06,1,3.8066669965778065e-06,1,0,0,0,0.9995604515579641,2,0.0
4273,1.7137732144863347e-05,2,3.8066669965778065e-06,1,0,0,0,0.22663462709286558,2,0.0
4274,9.520962302701859e-06,2,1.142000098973342e-05,2,0,0,0,1.1973855241588727,4,0.0
4275,9.520962302701859e-06,2,9.516667491444516e-06,1,0,0,0,0.9995535985775418,2,0.0
4276,5.712577381621115e-06,1,9.516667491444516e-06,2,0,0,0,1.6544584028853737,2,0.0
4277,0.0,0,7.613333993155613e-06,2,0,0,0,77.13333993155614,2,0.0
4278,9.520962302701859e-06,2,0.0,0,0,0,0,0.01039397067088777,2,0.0
4279,0.0,0,1.142000098973342e-05,2,0,0,0,115.20000989733421,2,0.0
4280,0.0,0,7.613333993155613e-06,2,0,0,0,77.13333993155614,2,0.0
4281,5.712577381621115e-06,1,1.142000098973342e-05,3,0,0,0,1.9819092690548437,4,0.0
4282,1.9041924605403718e-05,2,1.5226667986311226e-05,1,0,0,0,0.8006858402307439,2,0.0
4283,1.9041924605403718e-05,3,0.0,0,0,0,0,0.005224135088891232,3,0.0
4284,1.3329347223782603e-05,2,5.710000494866709e-06,1,0,0,0,0.43263461715976276,2,0.0
4285,1.3329347223782603e-05,2,9.516667491444516e-06,1,0,0,0,0.7160934430538776,2,0.0
4286,1.3329347223782603e-05,2,9.516667491444516e-06,1,0,0,0,0.7160934430538776,2,0.0
4287,3.8083849210807435e-06,1,1.1420000989733419e-05,1,0,0,0,2.947509322226102,2,0.0
4288,1.3329347223782603e-05,2,0.0,0,0,0,0,0.007446378318590626,2,0.0
4289,3.8083849210807435e-06,1,5.710000494866709e-06,1,0,0,0,1.4865476692249984,2,0.0
4290,9.520962302701859e-06,1,5.710000494866709e-06,1,0,0,0,0.6038897474148801,2,0.0
4291,9.520962302701859e-06,1,3.8066669965778065e-06,1,0,0,0,0.4060578218335493,2,0.0
4292,3.8083849210807435e-06,1,7.613333993155613e-06,2,0,0,0,1.9735348868920333,3,0.0
4293,3.8083849210807435e-06,1,1.9033334982889032e-05,4,0,0,0,4.895458192894239,5,0.0
4294,3.8083849210807435e-06,1,3.8066669965778065e-06,1,0,0,0,0.9995604515579641,2,0.0
4295,3.8083849210807435e-06,1,5.710000494866709e-06,1,0,0,0,1.4865476692249984,2,0.0
4296,3.8083849210807435e-06,1,1.3323334488022323e-05,3,0,0,0,3.4344965398931366,4,0.0
4297,1.7137732144863347e-05,2,1.142000098973342e-05,2,0,0,0,0.6683014269464823,4,0.0
4298,3.8083849210807435e-06,1,1.142000098973342e-05,3,0,0,0,2.9475093222261024,4,0.0
4299,1.3329347223782603e-05,2,0.0,0,0,0,0,0.007446378318590626,2,0.0
4300,3.8083849210807435e-06,1,3.8066669965778065e-06,1,0,0,0,0.9995604515579641,2,0.0
4301,2.094611706594409e-05,2,5.710000494866709e-06,1,0,0,0,0.27606044747647057,2,0.0
4302,9.520962302701859e-06,1,1.713000148460013e-05,4,0,0,0,1.7908813009028648,4,0.0
4303,7.616769842161487e-06,2,0.0,0,0,0,0,0.012958790017766002,2,0.0
4304,9.520962302701859e-06,2,3.8066669965778065e-06,1,0,0,0,0.4060578218335493,3,0.0
4305,2.094611706594409e-05,4,9.516667491444516e-06,2,0,0,0,0.4569330989328093,5,0.0
4306,3.8083849210807435e-06,1,3.8066669965778065e-06,1,0,0,0,0.9995604515579641,2,0.0
4307,3.8083849210807435e-06,1,1.3323334488022323e-05,2,0,0,0,3.4344965398931366,2,0.0
4308,3.8083849210807435e-06,1,9.516667491444516e-06,2,0,0,0,2.4605221045590673,2,0.0
4309,2.8562886908105577e-05,5,1.5226667986311226e-05,4,0,0,0,0.5347217129750108,8,0.0
4310,9.520962302701859e-06,2,0.0,0,0,0,0,0.01039397067088777,2,0.0
4311,2.094611706594409e-05,4,2.284000197946684e-05,4,0,0,0,1.0899873790299948,7,0.0
4312,1.3329347223782603e-05,2,3.8066669965778065e-06,1,1,1,1,0.2909052042127054,2,0.5
4313,1.7137732144863347e-05,2,0.0,0,0,0,0,0.0058012271660572755,2,0.0
4314,1.5233539684322974e-05,2,0.0,0,0,0,0,0.006521651364181754,2,0.0
4315,1.3329347223782603e-05,2,3.8066669965778065e-06,1,0,0,0,0.2909052042127054,2,0.0
4316,1.5233539684322974e-05,2,2.474333547775574e-05,5,0,0,0,1.620195727093307,6,0.0
4317,9.520962302701859e-06,1,1.142000098973342e-05,2,0,0,0,1.1973855241588727,2,0.0
4318,3.8083849210807435e-06,1,5.710000494866709e-06,1,0,0,0,1.4865476692249984,2,0.0
4319,1.142515476324223e-05,2,0.0,0,0,0,0,0.00867667307331396,2,0.0
4320,7.616769842161487e-06,2,9.516667491444516e-06,1,0,0,0,1.2462037469230602,2,0.0
4321,1.3329347223782603e-05,2,0.0,0,0,0,0,0.007446378318590626,2,0.0
4322,3.0467079368645948e-05,6,4.948667095551148e-05,3,2,2,2,1.6222246933534252,6,0.3333333333333333
4323,1.7137732144863347e-05,3,3.8066669965778065e-06,1,0,0,0,0.22663462709286558,4,0.0
4324,9.520962302701859e-06,1,3.8066669965778065e-06,1,0,0,0,0.4060578218335493,2,0.0
4325,1.3329347223782603e-05,2,0.0,0,0,0,0,0.007446378318590626,2,0.0
4326,1.5233539684322974e-05,2,0.0003292766952039802,4,0,0,0,21.480799736067155,5,0.0
4327,1.142515476324223e-05,2,0.0,0,0,0,0,0.00867667307331396,2,0.0
4328,9.520962302701859e-06,1,3.8066669965778065e-06,1,0,0,0,0.4060578218335493,2,0.0
4329,7.616769842161487e-06,2,0.0,0,0,0,0,0.012958790017766002,2,0.0
4330,3.4275464289726694e-05,7,1.713000148460013e-05,4,0,0,0,0.5012296369113889,10,0.0
4331,4.570061905296892e-05,9,2.2840001979466837e-05,1,0,0,0,0.5008666357311998,9,0.0
4332,7.616769842161487e-06,2,0.0,0,0,0,0,0.012958790017766002,2,0.0
4333,3.8083849210807435e-06,1,1.713000148460013e-05,2,0,0,0,4.408470975227205,2,0.0
4334,3.998804167134781e-05,7,7.613333993155613e-05,15,1,0,1,1.901647891821129,21,0.047619047619047616
4335,1.5233539684322974e-05,2,3.8066669965778065e-06,1,0,0,0,0.2547792014763549,2,0.0
4336,1.7137732144863347e-05,3,0.0,0,0,0,0,0.0058012271660572755,3,0.0
4337,1.3329347223782603e-05,2,0.0,0,0,0,0,0.007446378318590626,2,0.0
4338,1.3329347223782603e-05,2,0.0,0,0,0,0,0.007446378318590626,2,0.0
4339,7.616769842161487e-06,2,0.0,0,0,0,0,0.012958790017766002,2,0.0
4340,2.8562886908105577e-05,4,1.5226667986311226e-05,2,0,0,0,0.5347217129750108,4,0.0
4341,1.9041924605403718e-05,2,0.0,0,0,0,0,0.005224135088891232,2,0.0
4342,1.3329347223782601e-05,2,9.516667491444516e-06,2,0,0,0,0.7160934430538777,3,0.0
4343,7.616769842161487e-06,2,0.0,0,0,0,0,0.012958790017766002,2,0.0
4344,1.3329347223782601e-05,3,1.5226667986311226e-05,2,0,0,0,1.1412816818950497,4,0.0
4345,1.3329347223782603e-05,2,3.8066669965778065e-06,1,0,0,0,0.2909052042127054,3,0.0
4346,7.616769842161487e-06,2,7.613333993155613e-06,1,0,0,0,0.9995547555420015,2,0.0
4347,7.616769842161487e-06,2,0.0,0,0,0,0,0.012958790017766002,2,0.0
4348,7.616769842161487e-06,2,0.0,0,0,0,0,0.012958790017766002,2,0.0
4349,1.3329347223782603e-05,2,7.613333993155613e-06,1,0,0,0,0.5743640301068202,2,0.0
4350,1.5233539684322974e-05,2,5.710000494866709e-06,1,0,0,0,0.37890797653244146,3,0.0
4351,2.475450198702483e-05,4,7.613333993155613e-06,2,1,1,1,0.31033951101423485,4,0.25
4352,1.3329347223782603e-05,2,0.0,0,0,0,0,0.007446378318590626,2,0.0
4353,1.7137732144863347e-05,2,0.0,0,0,0,0,0.0058012271660572755,2,0.0
4354,7.616769842161487e-06,2,0.0,0,1,1,0,0.012958790017766002,2,0.0
4355,1.5233539684322974e-05,2,1.5226667986311226e-05,3,0,0,0,0.9995518518128743,4,0.0
4356,2.475450198702483e-05,4,9.516667491444516e-06,2,0,0,0,0.38691853477751637,6,0.0
4357,7.616769842161487e-06,2,0.0,0,0,0,0,0.012958790017766002,2,0.0
4358,7.616769842161487e-06,2,7.613333993155613e-06,2,0,0,0,0.9995547555420015,3,0.0
4359,1.142515476324223e-05,3,0.0,0,0,0,0,0.00867667307331396,3,0.0
4360,0.0,0,7.613333993155613e-06,2,0,0,0,77.13333993155614,2,0.0
4361,0.0,0,7.613333993155613e-06,2,0,0,0,77.13333993155614,2,0.0
4362,9.520962302701859e-06,2,7.613333993155613e-06,1,0,0,0,0.801721672996211,2,0.0
4363,9.520962302701859e-06,1,3.8066669965778065e-06,1,0,0,0,0.4060578218335493,2,0.0
4364,1.7137732144863347e-05,2,1.1420000989733419e-05,2,0,0,0,0.6683014269464822,3,0.0
4365,3.8083849210807435e-06,1,3.8066669965778065e-06,1,0,0,0,0.9995604515579641,2,0.0
4366,9.520962302701859e-06,2,0.0,0,0,0,0,0.01039397067088777,2,0.0
4367,1.142515476324223e-05,2,7.613333993155613e-06,2,0,0,0,0.6692607736389057,4,0.0
4368,9.520962302701859e-06,1,3.235666947091135e-05,5,0,0,0,3.3735367055535113,6,0.0
4369,3.8083849210807435e-06,1,5.710000494866709e-06,1,0,0,0,1.4865476692249984,2,0.0
4370,3.8083849210807435e-06,1,3.8066669965778065e-06,1,0,0,0,0.9995604515579641,2,0.0
4371,9.520962302701859e-06,1,9.516667491444516e-06,2,0,0,0,0.9995535985775418,2,0.0
4372,1.3329347223782603e-05,2,1.3323334488022323e-05,2,0,0,0,0.9995522689479924,3,0.0
4373,3.8083849210807435e-06,1,1.3323334488022323e-05,3,0,0,0,3.4344965398931366,4,0.0
4374,1.3329347223782603e-05,2,0.0,0,0,0,0,0.007446378318590626,2,0.0
4375,9.520962302701859e-06,1,5.710000494866709e-06,1,0,0,0,0.6038897474148801,2,0.0
4376,7.616769842161487e-06,2,7.613333993155613e-06,1,0,0,0,0.9995547555420015,3,0.0
4377,1.7137732144863347e-05,3,3.8066669965778065e-06,1,0,0,0,0.22663462709286558,3,0.0
4378,0.0,0,1.142000098973342e-05,3,0,0,0,115.20000989733421,3,0.0
4379,0.0,0,1.142000098973342e-05,2,0,0,0,115.20000989733421,2,0.0
4380,3.8083849210807435e-06,1,3.8066669965778065e-06,1,0,0,0,0.9995604515579641,2,0.0
4381,1.3329347223782603e-05,2,7.613333993155613e-06,2,0,0,0,0.5743640301068202,2,0.0
4382,1.7137732144863347e-05,3,0.0,0,0,0,0,0.0058012271660572755,3,0.0
4383,9.520962302701859e-06,1,5.710000494866709e-06,1,0,0,0,0.6038897474148801,2,0.0
4384,1.3329347223782603e-05,2,0.0,0,0,0,0,0.007446378318590626,2,0.0
4385,3.8083849210807435e-06,1,3.8066669965778065e-06,1,0,0,0,0.9995604515579641,2,0.0
4386,9.520962302701859e-06,2,5.710000494866709e-06,1,0,0,0,0.6038897474148801,2,0.0
4387,0.0,0,9.516667491444516e-06,2,0,0,0,96.16667491444517,2,0.0
4388,3.8083849210807435e-06,1,3.8066669965778065e-06,1,0,0,0,0.9995604515579641,2,0.0
4389,3.8083849210807435e-06,1,3.8066669965778065e-06,1,0,0,0,0.9995604515579641,2,0.0
4390,3.8083849210807435e-06,1,7.613333993155613e-06,1,0,0,0,1.9735348868920333,2,0.0
4391,3.8083849210807435e-06,1,3.8066669965778065e-06,1,0,0,0,0.9995604515579641,2,0.0
4392,1.142515476324223e-05,3,0.0,0,0,0,0,0.00867667307331396,3,0.0
4393,7.616769842161487e-06,2,0.0,0,0,0,0,0.012958790017766002,2,0.0
4394,1.3329347223782603e-05,2,5.710000494866709e-06,1,0,0,0,0.43263461715976276,2,0.0
4395,1.3329347223782603e-05,2,7.613333993155613e-06,2,0,0,0,0.5743640301068202,4,0.0
4396,1.7137732144863347e-05,3,7.613333993155613e-06,2,0,0,0,0.447468027019674,4,0.0
4397,1.3329347223782603e-05,2,0.0,0,0,0,0,0.007446378318590626,2,0.0
4398,1.5233539684322974e-05,2,0.0,0,0,0,0,0.006521651364181754,2,0.0
4399,1.5233539684322974e-05,2,0.0,0,0,0,0,0.006521651364181754,2,0.0
4400,3.8083849210807435e-06,1,3.8066669965778065e-06,1,0,0,0,0.9995604515579641,2,0.0
4401,1.5233539684322974e-05,2,9.516667491444516e-06,1,0,0,0,0.6271655266446147,3,0.0
4402,1.3329347223782603e-05,2,0.0,0,0,0,0,0.007446378318590626,2,0.0
4403,9.520962302701859e-06,1,9.516667491444516e-06,2,0,0,0,0.9995535985775418,3,0.0
4404,1.3329347223782603e-05,2,3.8066669965778065e-06,1,0,0,0,0.2909052042127054,3,0.0
4405,1.3329347223782603e-05,2,9.516667491444516e-06,2,0,0,0,0.7160934430538776,4,0.0
4406,1.3329347223782603e-05,2,0.0,0,0,0,0,0.007446378318590626,2,0.0
4407,7.616769842161487e-06,2,0.0,0,0,0,0,0.012958790017766002,2,0.0
4408,3.8083849210807435e-06,1,3.8066669965778065e-06,1,0,0,0,0.9995604515579641,2,0.0
4409,9.520962302701859e-06,2,0.0,0,0,0,0,0.01039397067088777,2,0.0
4410,2.285030952648446e-05,4,5.710000494866709e-06,1,0,0,0,0.2531556486487478,4,0.0
4411,1.5233539684322974e-05,1,1.1420000989733419e-05,1,0,0,0,0.7512943017007012,2,0.0
4412,9.520962302701859e-06,1,3.8066669965778065e-06,1,0,0,0,0.4060578218335493,2,0.0
4413,1.5233539684322974e-05,2,1.3323334488022323e-05,2,0,0,0,0.8754230767567879,4,0.0
4414,2.475450198702483e-05,5,3.616333646748916e-05,4,1,1,0,1.459024867463458,7,0.0
4415,1.3329347223782603e-05,2,0.0,0,0,0,0,0.007446378318590626,2,0.0
4416,2.8562886908105577e-05,5,3.997000346406697e-05,6,0,0,0,1.397975144392576,10,0.0
4417,2.094611706594409e-05,4,0.0,0,0,0,0,0.00475147029196258,4,0.0
4418,3.4275464289726694e-05,6,2.8550002474333546e-05,4,0,0,0,0.8334433604405385,8,0.0
4419,1.9041924605403718e-05,2,5.710000494866709e-06,1,2,2,1,0.30352227451708597,2,0.5
4420,7.616769842161487e-06,2,0.0,0,0,0,0,0.012958790017766002,2,0.0
4421,3.8083849210807435e-06,1,5.710000494866709e-06,1,0,0,0,1.4865476692249984,2,0.0
4422,9.520962302701859e-06,1,1.9033334982889032e-05,4,0,0,0,1.9887132264841956,4,0.0
4423,1.142515476324223e-05,3,1.5226667986311226e-05,4,0,0,0,1.329844874204497,6,0.0
4424,7.616769842161487e-06,2,7.613333993155613e-06,2,0,0,0,0.9995547555420015,4,0.0
4425,9.520962302701859e-06,1,5.710000494866709e-06,1,0,0,0,0.6038897474148801,2,0.0
4426,1.7137732144863347e-05,2,0.0,0,0,0,0,0.0058012271660572755,2,0.0
4427,1.3329347223782603e-05,2,0.0,0,0,0,0,0.007446378318590626,2,0.0
4428,9.520962302701859e-06,1,3.8066669965778065e-06,1,0,0,0,0.4060578218335493,2,0.0
4429,9.520962302701859e-06,2,0.0,0,0,0,0,0.01039397067088777,2,0.0
4430,2.285030952648446e-05,4,9.516667491444516e-06,2,0,0,0,0.41902125460865636,5,0.0
4431,3.8083849210807435e-06,1,3.8066669965778065e-06,1,0,0,0,0.9995604515579641,2,0.0
4432,7.616769842161487e-06,2,0.0,0,0,0,0,0.012958790017766002,2,0.0
4433,7.616769842161487e-06,2,5.710000494866709e-06,1,0,0,0,0.7529057641609425,3,0.0
4434,3.8083849210807435e-06,1,5.710000494866709e-06,1,0,0,0,1.4865476692249984,2,0.0
4435,7.616769842161487e-06,1,3.8066669965778065e-06,1,0,0,0,0.5062567727798837,2,0.0
4436,1.142515476324223e-05,2,0.0,0,0,0,0,0.00867667307331396,2,0.0
4437,3.8083849210807435e-06,1,5.710000494866709e-06,1,0,0,0,1.4865476692249984,2,0.0
4438,9.520962302701859e-06,1,5.710000494866709e-06,1,0,0,0,0.6038897474148801,2,0.0
4439,2.094611706594409e-05,4,1.1420000989733419e-05,2,0,0,0,0.5473694246609786,6,0.0
4440,1.142515476324223e-05,2,0.0,0,0,0,0,0.00867667307331396,2,0.0
4441,3.8083849210807435e-06,1,5.710000494866709e-06,1,0,0,0,1.4865476692249984,2,0.0
4442,9.520962302701859e-06,1,3.8066669965778065e-06,1,0,0,0,0.4060578218335493,2,0.0
4443,3.8083849210807435e-06,1,1.142000098973342e-05,2,0,0,0,2.9475093222261024,2,0.0
4444,9.520962302701859e-06,2,0.0,0,0,0,0,0.01039397067088777,2,0.0
4445,1.5233539684322974e-05,2,7.613333993155613e-06,2,0,0,0,0.5030367515885281,3,0.0
4446,9.520962302701859e-06,1,3.8066669965778065e-06,1,0,0,0,0.4060578218335493,2,0.0
4447,0.000148527011922149,30,0.00019033334982889032,33,3,1,2,1.28128357938488,59,0.03389830508474576
4448,3.8083849210807435e-06,1,3.8066669965778065e-06,1,0,0,0,0.9995604515579641,2,0.0
4449,3.8083849210807435e-06,1,3.8066669965778065e-06,1,0,0,0,0.9995604515579641,2,0.0
4450,7.616769842161487e-06,2,0.0,0,0,0,0,0.012958790017766002,2,0.0
4451,1.3329347223782603e-05,3,1.5226667986311226e-05,3,0,0,0,1.1412816818950495,4,0.0
4452,7.616769842161487e-06,2,0.0,0,0,0,0,0.012958790017766002,2,0.0
4453,0.0,0,1.713000148460013e-05,2,0,0,0,172.3000148460013,2,0.0
4454,3.8083849210807435e-06,1,3.8066669965778065e-06,1,0,0,0,0.9995604515579641,2,0.0
4455,1.142515476324223e-05,2,3.8066669965778065e-06,1,0,0,0,0.3389687233561098,3,0.0
4456,7.616769842161487e-06,2,9.516667491444516e-06,1,0,0,0,1.2462037469230602,3,0.0
4457,3.0467079368645948e-05,6,1.142000098973342e-05,3,0,0,0,0.3768760780446042,7,0.0
4458,3.8083849210807435e-06,1,3.8066669965778065e-06,1,0,0,0,0.9995604515579641,2,0.0
4459,1.3329347223782603e-05,2,3.8066669965778065e-06,1,0,0,0,0.2909052042127054,2,0.0
4460,1.3329347223782603e-05,2,3.8066669965778065e-06,1,0,0,0,0.2909052042127054,3,0.0
4461,9.520962302701859e-06,2,0.0,0,0,0,0,0.01039397067088777,2,0.0
4462,2.475450198702483e-05,4,1.9033334982889032e-05,3,0,0,0,0.7698136535939241,7,0.0
4463,2.094611706594409e-05,2,9.516667491444516e-06,2,0,0,0,0.4569330989328093,3,0.0
4464,9.520962302701859e-06,1,7.613333993155613e-06,2,0,0,0,0.801721672996211,2,0.0
4465,1.7137732144863347e-05,3,2.8550002474333546e-05,3,0,0,0,1.6620517266171193,5,0.0
4466,1.3329347223782601e-05,2,0.0,0,0,0,0,0.007446378318590627,2,0.0
4467,3.8083849210807435e-06,1,3.8066669965778065e-06,1,0,0,0,0.9995604515579641,2,0.0
4468,1.3329347223782603e-05,2,1.713000148460013e-05,3,0,0,0,1.283011094842107,5,0.0
4469,1.3329347223782603e-05,2,3.8066669965778065e-06,1,0,0,0,0.2909052042127054,3,0.0
4470,7.616769842161487e-06,2,3.8066669965778065e-06,1,0,0,0,0.5062567727798837,2,0.0
4471,0.00012567670239566455,22,5.71000049486671e-05,11,0,0,0,0.4547742456208548,28,0.0
4472,0.0,0,7.613333993155613e-06,2,0,0,0,77.13333993155614,2,0.0
4473,5.712577381621115e-06,1,3.8066669965778065e-06,1,0,0,0,0.672105804376964,2,0.0
4474,9.520962302701859e-06,1,4.758333745722258e-05,4,3,1,3,4.9561921102041575,4,0.75
4475,1.3329347223782603e-05,2,1.142000098973342e-05,2,0,0,0,0.857822856000935,3,0.0
4476,1.142515476324223e-05,3,1.9033334982889032e-05,3,0,0,0,1.6601369244872928,4,0.0
4477,1.5233539684322974e-05,2,1.5226667986311226e-05,4,0,0,0,0.9995518518128743,6,0.0
4478,1.9041924605403718e-05,4,3.8066669965778065e-06,1,0,0,0,0.20408956137435438,4,0.0
4479,3.8083849210807435e-06,1,3.8066669965778065e-06,1,0,0,0,0.9995604515579641,2,0.0
4480,3.8083849210807435e-06,1,1.142000098973342e-05,3,0,0,0,2.9475093222261024,3,0.0
4481,1.3329347223782603e-05,2,3.8066669965778065e-06,1,2,1,1,0.2909052042127054,3,0.3333333333333333
4482,0.0,0,9.516667491444516e-06,2,0,0,0,96.16667491444517,2,0.0
4483,7.616769842161487e-06,2,1.3323334488022323e-05,3,0,0,0,1.739501729685178,4,0.0
4484,1.142515476324223e-05,2,3.8066669965778065e-06,1,0,0,0,0.3389687233561098,2,0.0
4485,2.6658694447565202e-05,3,7.613333993155613e-06,2,0,0,0,0.28825524385243156,5,0.0
4486,3.8083849210807435e-06,1,5.710000494866709e-06,1,0,0,0,1.4865476692249984,2,0.0
4487,9.520962302701859e-06,2,1.3323334488022323e-05,3,0,0,0,1.3952174497402035,5,0.0
4488,7.616769842161487e-06,1,3.8066669965778065e-06,1,0,0,0,0.5062567727798837,2,0.0
4489,3.8083849210807435e-06,1,1.1420000989733419e-05,1,0,0,0,2.947509322226102,2,0.0
4490,7.616769842161487e-06,2,4.758333745722258e-05,2,0,0,0,6.179183574544237,4,0.0
4491,3.8083849210807435e-06,1,3.8066669965778065e-06,1,0,0,0,0.9995604515579641,2,0.0
4492,0.0,0,7.613333993155613e-06,2,0,0,0,77.13333993155614,2,0.0
4493,1.3329347223782603e-05,2,9.516667491444516e-06,2,0,0,0,0.7160934430538776,3,0.0
4494,1.3329347223782603e-05,2,0.0,0,0,0,0,0.007446378318590626,2,0.0
4495,3.998804167134781e-05,7,3.426000296920026e-05,8,0,0,0,0.8571135315337302,14,0.0
4496,7.616769842161487e-06,2,3.8066669965778065e-06,1,0,0,0,0.5062567727798837,3,0.0
4497,3.8083849210807435e-06,1,5.710000494866709e-06,1,0,0,0,1.4865476692249984,2,0.0
4498,1.7137732144863347e-05,2,1.3323334488022323e-05,2,0,0,0,0.7787181269098864,2,0.0
4499,7.616769842161487e-06,2,5.710000494866709e-06,1,0,0,0,0.7529057641609425,3,0.0
4500,1.3329347223782603e-05,2,3.8066669965778065e-06,1,0,0,0,0.2909052042127054,2,0.0
4501,1.7137732144863347e-05,2,0.0,0,0,0,0,0.0058012271660572755,2,0.0
4502,1.7137732144863347e-05,3,0.0,0,0,0,0,0.0058012271660572755,3,0.0
4503,1.142515476324223e-05,3,0.0,0,0,0,0,0.00867667307331396,3,0.0
4504,1.5233539684322974e-05,3,5.710000494866709e-06,1,0,0,0,0.37890797653244146,4,0.0
4505,1.142515476324223e-05,2,7.613333993155613e-06,1,0,0,0,0.6692607736389057,3,0.0
4506,3.8083849210807435e-06,1,9.516667491444516e-06,1,0,0,0,2.4605221045590673,2,0.0
4507,3.8083849210807435e-06,1,3.8066669965778065e-06,1,0,0,0,0.9995604515579641,2,0.0
4508,0.0,0,9.516667491444516e-06,2,0,0,0,96.16667491444517,2,0.0
4509,7.616769842161487e-06,2,0.0,0,0,0,0,0.012958790017766002,2,0.0
4510,9.520962302701859e-06,1,3.8066669965778065e-06,1,0,0,0,0.4060578218335493,2,0.0
4511,1.142515476324223e-05,3,9.516667491444516e-06,2,0,0,0,0.8344067987803035,4,0.0
4512,2.475450198702483e-05,3,1.713000148460013e-05,4,0,0,0,0.6932346298306425,5,0.0
4513,1.5233539684322974e-05,3,2.474333547775574e-05,5,0,0,0,1.620195727093307,7,0.0
4514,0.0,0,7.613333993155613e-06,2,0,0,0,77.13333993155614,2,0.0
4515,9.520962302701859e-06,2,3.8066669965778065e-06,1,0,0,0,0.4060578218335493,3,0.0
4516,3.8083849210807435e-06,1,3.8066669965778065e-06,1,0,0,0,0.9995604515579641,2,0.0
4517,7.616769842161487e-06,2,0.0,0,0,0,0,0.012958790017766002,2,0.0
4518,9.520962302701859e-06,2,1.713000148460013e-05,2,0,0,0,1.7908813009028648,3,0.0
4519,1.3329347223782603e-05,2,9.516667491444516e-06,2,2,2,0,0.7160934430538776,4,0.0
4520,7.616769842161487e-06,2,0.0,0,0,0,0,0.012958790017766002,2,0.0
4521,3.8083849210807435e-06,1,5.710000494866709e-06,1,0,0,0,1.4865476692249984,2,0.0
4522,1.3329347223782603e-05,2,5.710000494866709e-06,1,0,0,0,0.43263461715976276,2,0.0
4523,1.3329347223782603e-05,2,0.0,0,0,0,0,0.007446378318590626,2,0.0
4524,3.8083849210807435e-06,1,3.426000296920026e-05,4,0,0,0,8.791355934230515,4,0.0
4525,1.7137732144863347e-05,3,0.0,0,0,0,0,0.0058012271660572755,3,0.0
4526,1.3329347223782603e-05,2,7.613333993155613e-06,1,1,1,1,0.5743640301068202,2,0.5
4527,1.5233539684322974e-05,2,0.0,0,0,0,0,0.006521651364181754,2,0.0
4528,7.616769842161487e-06,2,1.3323334488022323e-05,1,0,0,0,1.739501729685178,2,0.0
4529,9.520962302701859e-06,1,3.8066669965778065e-06,1,0,0,0,0.4060578218335493,2,0.0
4530,9.520962302701859e-06,2,0.0,0,0,0,0,0.01039397067088777,2,0.0
4531,9.520962302701859e-06,2,0.0,0,0,0,0,0.01039397067088777,2,0.0
4532,1.3329347223782601e-05,3,1.3323334488022322e-05,2,0,0,0,0.9995522689479924,5,0.0
4533,0.0,0,7.613333993155613e-06,2,0,0,0,77.13333993155614,2,0.0
4534,1.3329347223782603e-05,2,0.0,0,0,0,0,0.007446378318590626,2,0.0
4535,1.3329347223782603e-05,2,0.0,0,0,0,0,0.007446378318590626,2,0.0
4536,0.0,0,2.2840001979466837e-05,2,0,0,0,229.40001979466837,2,0.0
4537,1.5233539684322974e-05,2,9.516667491444516e-06,2,0,0,0,0.6271655266446147,3,0.0
4538,3.8083849210807435e-06,1,3.8066669965778065e-06,1,0,0,0,0.9995604515579641,2,0.0
4539,2.094611706594409e-05,4,1.142000098973342e-05,3,0,0,0,0.5473694246609787,6,0.0
4540,1.3329347223782603e-05,2,0.0,0,0,0,0,0.007446378318590626,2,0.0
4541,2.6658694447565206e-05,4,1.3323334488022323e-05,2,0,0,0,0.501643849415969,5,0.0
4542,9.520962302701859e-06,1,7.613333993155613e-06,2,0,0,0,0.801721672996211,2,0.0
4543,2.475450198702483e-05,4,2.0936668481177935e-05,5,0,0,0,0.8463926773572057,7,0.0
4544,3.8083849210807435e-06,1,9.516667491444516e-06,2,0,0,0,2.4605221045590673,3,0.0
4545,0.0,0,7.613333993155613e-06,2,0,0,0,77.13333993155614,2,0.0
4546,1.5233539684322974e-05,2,1.9033334982889032e-05,1,0,0,0,1.2478094019250474,2,0.0
4547,1.142515476324223e-05,2,5.710000494866709e-06,1,0,0,0,0.5041147484975076,3,0.0
4548,1.5233539684322974e-05,2,3.8066669965778065e-06,1,3,2,1,0.2547792014763549,3,0.3333333333333333
4549,1.7137732144863347e-05,2,3.0453335972622452e-05,5,5,2,5,1.772468426580524,5,1.0
4550,3.8083849210807435e-06,1,1.1420000989733419e-05,2,0,0,0,2.947509322226102,3,0.0
4551,1.9041924605403718e-05,4,3.8066669965778065e-06,1,0,0,0,0.20408956137435438,5,0.0
4552,9.520962302701859e-06,2,0.0,0,0,0,0,0.01039397067088777,2,0.0
4553,9.520962302701859e-06,2,3.8066669965778065e-06,1,0,0,0,0.4060578218335493,3,0.0
4554,3.8083849210807435e-06,1,7.613333993155613e-06,2,0,0,0,1.9735348868920333,3,0.0
4555,9.520962302701859e-06,2,1.713000148460013e-05,4,0,0,0,1.7908813009028648,4,0.0
4556,3.8083849210807435e-06,1,3.8066669965778065e-06,1,0,0,0,0.9995604515579641,2,0.0
4557,1.7137732144863347e-05,2,3.8066669965778065e-06,1,0,0,0,0.22663462709286558,2,0.0
4558,1.3329347223782603e-05,2,1.3323334488022322e-05,1,0,0,0,0.9995522689479923,2,0.0
4559,1.3329347223782603e-05,2,0.0,0,0,0,0,0.007446378318590626,2,0.0
4560,9.520962302701859e-06,1,7.613333993155613e-06,1,0,0,0,0.801721672996211,2,0.0
4561,1.3329347223782603e-05,2,3.8066669965778065e-06,1,0,0,0,0.2909052042127054,2,0.0
4562,2.285030952648446e-05,4,1.3323334488022323e-05,3,0,0,0,0.584886860568565,5,0.0
4563,2.475450198702483e-05,3,0.0,0,0,0,0,0.0040234159611085545,3,0.0
4564,1.3329347223782603e-05,2,9.516667491444516e-06,1,0,0,0,0.7160934430538776,2,0.0
4565,3.0467079368645948e-05,6,3.8066669965778065e-06,1,0,0,0,0.12780635498283993,7,0.0
4566,2.094611706594409e-05,4,3.045333597262245e-05,2,0,0,0,1.451732681942672,5,0.0
4567,7.616769842161487e-06,2,0.0,0,0,0,0,0.012958790017766002,2,0.0
4568,9.520962302701859e-06,1,3.8066669965778065e-06,1,0,0,0,0.4060578218335493,2,0.0
4569,1.5233539684322974e-05,2,0.0,0,0,0,0,0.006521651364181754,2,0.0
4570,5.712577381621115e-06,1,3.8066669965778065e-06,1,0,0,0,0.672105804376964,2,0.0
4571,1.7137732144863347e-05,2,0.0,0,0,0,0,0.0058012271660572755,2,0.0
4572,3.8083849210807435e-06,1,1.142000098973342e-05,2,0,0,0,2.9475093222261024,2,0.0
4573,3.8083849210807435e-06,1,3.8066669965778065e-06,1,0,0,0,0.9995604515579641,2,0.0
4574,2.285030952648446e-05,3,9.516667491444516e-06,2,0,0,0,0.41902125460865636,5,0.0
4575,9.520962302701859e-06,2,0.0,0,0,0,0,0.01039397067088777,2,0.0
4576,9.520962302701859e-06,2,0.0,0,0,0,0,0.01039397067088777,2,0.0
4577,7.616769842161487e-06,2,0.0,0,0,0,0,0.012958790017766002,2,0.0
4578,0.0,0,7.613333993155613e-06,2,0,0,0,77.13333993155614,2,0.0
4579,9.520962302701859e-06,1,1.5226667986311226e-05,2,0,0,0,1.593049375321534,2,0.0
4580,7.616769842161487e-06,2,0.0,0,0,0,0,0.012958790017766002,2,0.0
4581,9.520962302701859e-06,1,3.8066669965778065e-06,1,0,0,0,0.4060578218335493,2,0.0
4582,9.520962302701859e-06,2,3.8066669965778065e-06,1,0,0,0,0.4060578218335493,2,0.0
4583,9.520962302701859e-06,2,5.710000494866709e-06,1,0,0,0,0.6038897474148801,2,0.0
4584,1.5233539684322974e-05,2,7.613333993155613e-06,2,0,0,0,0.5030367515885281,4,0.0
4585,3.8083849210807435e-06,1,5.710000494866709e-06,1,0,0,0,1.4865476692249984,2,0.0
4586,1.9041924605403718e-05,2,7.613333993155613e-06,1,0,0,0,0.40295498765981763,2,0.0
4587,9.520962302701859e-06,1,1.3323334488022322e-05,1,0,0,0,1.3952174497402032,2,0.0
4588,1.5233539684322974e-05,2,3.8066669965778065e-06,1,0,0,0,0.2547792014763549,2,0.0
4589,1.5233539684322974e-05,2,0.0,0,0,0,0,0.006521651364181754,2,0.0
4590,0.0,0,1.142000098973342e-05,2,0,0,0,115.20000989733421,2,0.0
4591,7.616769842161487e-06,2,1.3323334488022323e-05,2,0,0,0,1.739501729685178,3,0.0
4592,1.3329347223782603e-05,3,0.0,0,0,0,0,0.007446378318590626,3,0.0
4593,3.8083849210807435e-06,1,3.8066669965778065e-06,1,0,0,0,0.9995604515579641,2,0.0
4594,1.142515476324223e-05,3,1.3323334488022323e-05,2,0,0,0,1.1646988490630994,3,0.0
4595,3.8083849210807435e-06,1,1.142000098973342e-05,2,0,0,0,2.9475093222261024,2,0.0
4596,5.712577381621115e-06,1,9.516667491444516e-06,2,0,0,0,1.6544584028853737,2,0.0
4597,1.5233539684322974e-05,2,0.0,0,0,0,0,0.006521651364181754,2,0.0
4598,5.712577381621115e-06,1,3.8066669965778065e-06,1,0,0,0,0.672105804376964,2,0.0
4599,9.520962302701859e-06,1,1.9033334982889032e-05,4,0,0,0,1.9887132264841956,4,0.0
4600,1.5233539684322974e-05,2,2.0936668481177935e-05,4,0,0,0,1.3719381769811339,6,0.0
4601,2.8562886908105577e-05,4,4.948667095551148e-05,5,0,0,0,1.7299956949377933,7,0.0
4602,9.520962302701859e-06,1,7.613333993155613e-06,2,0,0,0,0.801721672996211,3,0.0
4603,1.7137732144863347e-05,2,2.474333547775574e-05,3,0,0,0,1.4412183266903111,3,0.0
4604,2.094611706594409e-05,2,7.613333993155613e-06,2,0,0,0,0.36649677320463997,2,0.0
4605,9.520962302701859e-06,1,7.613333993155613e-06,2,0,0,0,0.801721672996211,2,0.0
4606,7.616769842161487e-06,2,0.0,0,0,0,0,0.012958790017766002,2,0.0
4607,1.3329347223782601e-05,3,1.9033334982889035e-05,2,0,0,0,1.4247405077891648,5,0.0
4608,1.5233539684322974e-05,3,5.710000494866709e-06,1,0,0,0,0.37890797653244146,3,0.0
4609,3.237127182918632e-05,5,5.710000494866709e-06,1,0,0,0,0.1789274077538434,6,0.0
4610,9.520962302701859e-06,1,1.9033334982889032e-05,3,3,1,3,1.9887132264841956,3,1.0
4611,9.520962302701859e-06,1,3.8066669965778065e-06,1,0,0,0,0.4060578218335493,2,0.0
4612,1.7137732144863347e-05,2,0.0,0,0,0,0,0.0058012271660572755,2,0.0
4613,9.520962302701859e-06,1,2.284000197946684e-05,2,0,0,0,2.3843770776468576,2,0.0
4614,9.520962302701859e-06,1,9.516667491444516e-06,2,0,0,0,0.9995535985775418,3,0.0
4615,2.475450198702483e-05,2,1.142000098973342e-05,3,0,0,0,0.463497558540798,3,0.0
4616,9.520962302701859e-06,1,3.8066669965778065e-06,1,0,0,0,0.4060578218335493,2,0.0
4617,3.6179656750267065e-05,4,6.281000544353381e-05,12,0,0,0,1.7340297863504652,14,0.0
4618,9.520962302701859e-06,1,9.516667491444516e-06,2,0,0,0,0.9995535985775418,2,0.0
4619,2.094611706594409e-05,3,1.5226667986311226e-05,2,0,0,0,0.7282420761173173,4,0.0
4620,9.520962302701859e-06,2,0.0,0,0,0,0,0.01039397067088777,2,0.0
4621,1.9041924605403718e-05,2,7.613333993155613e-06,2,0,0,0,0.40295498765981763,4,0.0
4622,1.5233539684322974e-05,2,1.142000098973342e-05,2,0,0,0,0.7512943017007013,3,0.0
4623,7.616769842161487e-06,2,2.2840001979466837e-05,3,0,0,0,2.9727466865904715,4,0.0
4624,3.8083849210807435e-06,1,7.613333993155613e-06,1,1,1,0,1.9735348868920333,2,0.0
4625,9.520962302701859e-06,2,0.0,0,0,0,0,0.01039397067088777,2,0.0
4626,7.616769842161487e-06,2,3.8066669965778065e-06,1,0,0,0,0.5062567727798837,3,0.0
4627,9.520962302701859e-06,1,3.8066669965778065e-06,1,0,0,0,0.4060578218335493,2,0.0
4628,1.5233539684322974e-05,2,2.6646668976044647e-05,1,0,0,0,1.7443245021493938,3,0.0
4629,9.520962302701859e-06,1,3.8066669965778065e-06,1,0,0,0,0.4060578218335493,2,0.0
4630,7.616769842161487e-06,2,0.0,0,0,0,0,0.012958790017766002,2,0.0
4631,1.142515476324223e-05,2,0.0,0,0,0,0,0.00867667307331396,2,0.0
4632,9.520962302701859e-06,1,7.613333993155613e-06,1,0,0,0,0.801721672996211,2,0.0
4633,1.3329347223782603e-05,1,5.710000494866709e-06,1,0,0,0,0.43263461715976276,2,0.0
4634,7.616769842161487e-06,1,9.516667491444516e-06,1,0,0,0,1.2462037469230602,2,0.0
4635,1.5233539684322974e-05,2,3.8066669965778065e-06,1,0,0,0,0.2547792014763549,3,0.0
4636,7.616769842161487e-06,2,3.8066669965778065e-06,1,0,0,0,0.5062567727798837,2,0.0
4637,9.520962302701859e-06,2,0.0,0,0,0,0,0.01039397067088777,2,0.0
4638,9.520962302701859e-06,1,3.8066669965778065e-06,1,0,0,0,0.4060578218335493,2,0.0
4639,1.3329347223782601e-05,3,7.613333993155613e-06,1,0,0,0,0.5743640301068202,3,0.0
4640,9.520962302701859e-06,1,1.9033334982889032e-05,3,0,0,0,1.9887132264841956,3,0.0
4641,1.3329347223782603e-05,1,3.8066669965778065e-06,1,0,0,0,0.2909052042127054,2,0.0
4642,9.520962302701859e-06,1,1.5226667986311226e-05,2,0,0,0,1.593049375321534,2,0.0
4643,9.520962302701859e-06,1,3.8066669965778065e-06,1,0,0,0,0.4060578218335493,2,0.0
4644,3.8083849210807435e-06,1,7.613333993155613e-06,1,0,0,0,1.9735348868920333,2,0.0
4645,3.8083849210807435e-06,1,9.516667491444516e-06,1,0,0,0,2.4605221045590673,2,0.0
4646,9.520962302701859e-06,1,3.8066669965778065e-06,1,0,0,0,0.4060578218335493,2,0.0
4647,9.520962302701859e-06,1,2.474333547775574e-05,2,0,0,0,2.5822090032281877,2,0.0
4648,9.520962302701859e-06,1,2.0936668481177935e-05,2,0,0,0,2.186545152065526,2,0.0
4649,9.520962302701859e-06,1,9.516667491444516e-06,2,0,0,0,0.9995535985775418,2,0.0
4650,9.520962302701859e-06,2,0.0,0,0,0,0,0.01039397067088777,2,0.0
4651,9.520962302701859e-06,2,3.8066669965778065e-06,1,0,0,0,0.4060578218335493,2,0.0
4652,9.520962302701859e-06,2,3.8066669965778065e-06,1,0,0,0,0.4060578218335493,2,0.0
4653,0.0,0,0.0009059867451855179,2,0,0,0,9060.86745185518,2,0.0
4654,3.8083849210807435e-06,1,0.0007994000692813394,1,0,0,0,204.56021743637834,2,0.0
4655,3.8083849210807435e-06,1,0.0007860767347933169,4,3,1,2,201.15130691270906,5,0.4
4656,9.520962302701859e-06,2,0.000609066719452449,6,5,2,4,63.31661015669673,7,0.5714285714285714
4657,2.285030952648446e-05,5,0.0004682200405790702,9,0,0,0,20.405826772777637,13,0.0
4658,7.616769842161487e-06,2,0.00039589336764409185,3,0,0,0,51.315948997278,5,0.0
4659,0.0,0,0.0003597300311766027,2,0,0,0,3598.3003117660273,2,0.0
4660,3.8083849210807435e-06,1,0.0003426000296920026,1,0,0,0,87.68328519629009,2,0.0
4661,7.616769842161487e-06,2,0.00037495669916291394,7,2,0,2,48.60281009208636,9,0.2222222222222222
4662,3.8083849210807435e-06,1,0.000314050027217669,2,0,0,0,80.37847693128457,3,0.0
4663,0.0,0,0.0004092167021321142,6,0,0,0,4093.167021321142,6,0.0
4664,3.8083849210807435e-06,1,0.0002874033582416244,1,0,0,0,73.5606558839461,2,0.0
4665,3.8083849210807435e-06,1,0.00030643669322451343,3,2,0,2,78.43052806061644,4,0.5
4666,0.0,0,0.00031405002721766905,4,2,0,2,3141.5002721766905,4,0.5
4667,7.616769842161487e-06,2,0.00031785669421424684,4,0,0,0,41.20334035065459,6,0.0
4668,0.0,0,0.0002702733567570243,2,0,0,0,2703.733567570243,2,0.0
4669,0.0,0,0.00033118002870226917,7,6,0,6,3312.800287022692,7,0.8571428571428571
4670,3.8083849210807435e-06,1,0.00020175335081862374,3,1,0,1,51.64623108892954,4,0.25
4671,0.0,0,0.000177010015340868,2,0,0,0,1771.10015340868,2,0.0
4672,3.8083849210807435e-06,1,0.0001636866808528457,2,0,0,0,41.90648673558886,3,0.0
4673,3.8083849210807435e-06,1,3.8066669965778065e-06,1,0,0,0,0.9995604515579641,2,0.0
4674,9.520962302701859e-06,2,0.0,0,0,0,0,0.01039397067088777,2,0.0
4675,3.8083849210807435e-06,1,3.8066669965778065e-06,1,0,0,0,0.9995604515579641,2,0.0
4676,7.616769842161487e-06,2,1.142000098973342e-05,2,0,0,0,1.4928527383041192,4,0.0
4677,7.616769842161487e-06,2,0.0,0,0,0,0,0.012958790017766002,2,0.0
4678,3.8083849210807435e-06,1,0.00015417001336140115,1,0,0,0,39.47155064725368,2,0.0
4679,7.616769842161487e-06,1,5.710000494866709e-06,1,0,0,0,0.7529057641609425,2,0.0
4680,3.8083849210807435e-06,1,3.8066669965778065e-06,1,0,0,0,0.9995604515579641,2,0.0
4681,3.8083849210807435e-06,1,0.00015417001336140115,1,2,1,1,39.47155064725368,2,0.5
4682,0.0,0,0.000177010015340868,3,0,0,0,1771.10015340868,3,0.0
4683,9.520962302701859e-06,2,0.0,0,0,0,0,0.01039397067088777,2,0.0
4684,3.8083849210807435e-06,1,5.710000494866709e-06,1,0,0,0,1.4865476692249984,2,0.0
4685,9.520962302701859e-06,2,0.0,0,0,0,0,0.01039397067088777,2,0.0
4686,1.142515476324223e-05,3,3.8066669965778065e-06,1,0,0,0,0.3389687233561098,4,0.0
4687,3.8083849210807435e-06,1,7.613333993155613e-06,1,0,0,0,1.9735348868920333,2,0.0
4688,0.0,0,7.613333993155613e-06,2,0,0,0,77.13333993155614,2,0.0
4689,3.8083849210807435e-06,1,3.8066669965778065e-06,1,0,0,0,0.9995604515579641,2,0.0
4690,0.0,0,9.516667491444516e-06,2,0,0,0,96.16667491444517,2,0.0
4691,0.0,0,9.516667491444516e-06,2,0,0,0,96.16667491444517,2,0.0
4692,0.0,0,9.516667491444516e-06,2,0,0,0,96.16667491444517,2,0.0
4693,0.0,0,7.613333993155613e-06,2,0,0,0,77.13333993155614,2,0.0
4694,0.0,0,0.0001636866808528457,2,2,0,2,1637.866808528457,2,1.0
4695,0.0,0,0.00015226667986311225,2,0,0,0,1523.6667986311227,2,0.0
4696,7.616769842161487e-06,1,9.516667491444516e-06,1,0,0,0,1.2462037469230602,2,0.0
4697,3.8083849210807435e-06,1,0.00013513667837851214,1,1,0,1,34.60167847058334,2,0.5
4698,0.0,0,0.0001751066818425791,2,0,0,0,1752.066818425791,2,0.0
4699,9.520962302701859e-06,2,0.00013323334488022322,1,0,0,0,13.858628761364043,3,0.0
4700,7.616769842161487e-06,1,3.8066669965778065e-06,1,0,0,0,0.5062567727798837,2,0.0
4701,7.616769842161487e-06,2,3.8066669965778065e-06,1,0,0,0,0.5062567727798837,3,0.0
4702,3.8083849210807435e-06,1,3.8066669965778065e-06,1,0,0,0,0.9995604515579641,2,0.0
4703,3.8083849210807435e-06,1,3.8066669965778065e-06,1,0,0,0,0.9995604515579641,2,0.0
4704,7.616769842161487e-06,2,7.613333993155613e-06,2,0,0,0,0.9995547555420015,4,0.0
4705,3.8083849210807435e-06,1,0.00014084667887337884,2,0,0,0,36.062640123584444,3,0.0
4706,0.0,0,0.00015036334636482336,3,2,0,2,1504.6334636482336,3,0.6666666666666666
4707,3.8083849210807435e-06,1,0.00013513667837851214,2,1,0,1,34.60167847058334,3,0.3333333333333333
4708,5.712577381621115e-06,1,0.00012562001088706762,1,0,0,0,21.628961239223038,2,0.0
4709,0.0,0,0.00012752334438535651,2,0,0,0,1276.2334438535652,2,0.0
4710,0.0,0,0.0001161033433956231,2,1,0,1,1162.0334339562312,2,0.5
4711,1.142515476324223e-05,2,0.0002702733567570243,9,3,0,3,23.459412243151817,10,0.3
4712,0.0,0,7.613333993155613e-06,2,0,0,0,77.13333993155614,2,0.0
4713,3.8083849210807435e-06,1,7.613333993155613e-06,2,0,0,0,1.9735348868920333,2,0.0
4714,0.0,0,9.516667491444516e-06,2,0,0,0,96.16667491444517,2,0.0
4715,7.616769842161487e-06,1,9.516667491444516e-06,2,0,0,0,1.2462037469230602,2,0.0
4716,7.616769842161487e-06,2,0.0,0,0,0,0,0.012958790017766002,2,0.0
4717,0.0,0,1.3323334488022323e-05,2,0,0,0,134.23334488022326,2,0.0
4718,0.0,0,7.613333993155613e-06,2,0,0,0,77.13333993155614,2,0.0
4719,3.8083849210807435e-06,1,3.8066669965778065e-06,1,0,0,0,0.9995604515579641,2,0.0
4720,0.0,0,0.00014275001237166774,4,0,0,0,1428.5001237166775,4,0.0
4721,7.616769842161487e-06,2,0.00015226667986311225,6,4,0,4,19.744878100502472,8,0.5
4722,3.8083849210807435e-06,1,3.8066669965778065e-06,1,0,0,0,0.9995604515579641,2,0.0
4723,7.616769842161487e-06,1,7.613333993155613e-06,2,0,0,0,0.9995547555420015,3,0.0
4724,3.8083849210807435e-06,1,0.00016749334784942348,4,2,0,2,42.88046117092292,5,0.4
4725,5.712577381621115e-06,1,1.9033334982889032e-05,2,0,0,0,3.2917127337327226,3,0.0
4726,7.616769842161487e-06,1,0.00014084667887337884,7,6,1,6,18.26498415221612,7,0.8571428571428571
4727,3.8083849210807435e-06,1,3.8066669965778065e-06,1,0,0,0,0.9995604515579641,2,0.0
4728,3.8083849210807435e-06,1,3.8066669965778065e-06,1,0,0,0,0.9995604515579641,2,0.0
4729,3.8083849210807435e-06,1,0.00016178334735455677,3,0,0,0,41.41949951792182,3,0.0
4730,7.616769842161487e-06,1,9.707000841273407e-05,1,0,0,0,12.592057350451768,2,0.0
4731,0.0,0,0.00021888335230322388,5,1,0,1,2189.833523032239,5,0.2
4732,7.616769842161487e-06,2,0.0,0,0,0,0,0.012958790017766002,2,0.0
4733,0.0,0,9.516667491444516e-06,2,0,0,0,96.16667491444517,2,0.0
4734,7.616769842161487e-06,2,7.613333993155613e-06,2,0,0,0,0.9995547555420015,3,0.0
4735,9.520962302701859e-06,2,3.8066669965778065e-06,1,0,0,0,0.4060578218335493,3,0.0
4736,3.8083849210807435e-06,1,3.8066669965778065e-06,1,0,0,0,0.9995604515579641,2,0.0
4737,1.7137732144863347e-05,3,0.00011610334339562309,5,0,0,0,6.74121992493371,8,0.0
4738,1.142515476324223e-05,2,0.0,0,0,0,0,0.00867667307331396,2,0.0
4739,1.9041924605403718e-05,4,3.8066669965778065e-06,1,0,0,0,0.20408956137435438,5,0.0
4740,0.0,0,0.0002855000247433355,10,0,0,0,2856.000247433355,10,0.0
4741,9.520962302701859e-06,2,0.0,0,0,0,0,0.01039397067088777,2,0.0
4742,5.712577381621115e-06,1,3.8066669965778065e-06,1,0,0,0,0.672105804376964,2,0.0
4743,7.616769842161487e-06,1,9.516667491444516e-06,2,0,0,0,1.2462037469230602,2,0.0
4744,7.616769842161487e-06,1,3.8066669965778065e-06,1,0,0,0,0.5062567727798837,2,0.0
4745,0.0,0,0.000118006676893912,3,2,0,2,1181.06676893912,3,0.6666666666666666
4746,7.616769842161487e-06,2,0.0,0,0,0,0,0.012958790017766002,2,0.0
4747,7.616769842161487e-06,2,0.0,0,0,0,0,0.012958790017766002,2,0.0
4748,1.7137732144863347e-05,4,0.0001237166773887787,6,3,2,1,7.182886724787327,10,0.1
4749,7.616769842161487e-06,2,0.0,0,0,0,0,0.012958790017766002,2,0.0
4750,7.616769842161487e-06,2,9.516667491444516e-06,1,0,0,0,1.2462037469230602,2,0.0
4751,3.8083849210807435e-06,1,3.8066669965778065e-06,1,0,0,0,0.9995604515579641,2,0.0
4752,0.0,0,9.326334141615626e-05,2,0,0,0,933.6334141615627,2,0.0
4753,0.0,0,9.326334141615626e-05,2,0,0,0,933.6334141615627,2,0.0
4754,3.8083849210807435e-06,1,8.755334092128955e-05,1,0,0,0,22.42699802890748,2,0.0
4755,0.0,0,9.136000791786736e-05,2,1,0,1,914.6000791786737,2,0.5
4756,0.0,0,0.00012181334389048981,2,0,0,0,1219.1334389048982,2,0.0
4757,5.9029966276751525e-05,12,0.00038066669965778065,17,8,4,6,6.439487854189576,27,0.2222222222222222
4758,1.9041924605403718e-05,4,3.6163336467489164e-05,6,0,0,0,1.8944456848007916,7,0.0
4759,3.8083849210807435e-06,1,5.710000494866709e-06,1,0,0,0,1.4865476692249984,2,0.0
4760,3.8083849210807435e-06,1,5.710000494866709e-06,1,1,1,0,1.4865476692249984,2,0.0
4761,1.142515476324223e-05,2,0.0,0,0,0,0,0.00867667307331396,2,0.0
4762,3.8083849210807435e-06,1,0.0006985233938720275,29,15,0,15,178.7498949000255,29,0.5172413793103449
4763,3.8083849210807435e-06,1,3.8066669965778065e-06,1,0,0,0,0.9995604515579641,2,0.0
4764,5.712577381621115e-06,1,8.184334042642283e-05,1,0,0,0,14.097591317325227,2,0.0
4765,3.8083849210807435e-06,1,8.755334092128956e-05,3,0,0,0,22.426998028907484,4,0.0
4766,7.616769842161487e-06,1,5.710000494866709e-06,1,0,0,0,0.7529057641609425,2,0.0
4767,0.0,0,9.516667491444516e-05,2,0,0,0,952.6667491444517,2,0.0
4768,7.616769842161487e-06,1,3.8066669965778065e-06,1,0,0,0,0.5062567727798837,2,0.0
4769,7.616769842161487e-06,2,5.710000494866709e-06,1,0,0,0,0.7529057641609425,2,0.0
4770,0.0,0,7.994000692813393e-05,2,0,0,0,800.4000692813394,2,0.0
4771,0.0,0,0.00010278000890760077,3,2,0,2,1028.800089076008,3,0.6666666666666666
4772,0.0,0,7.613333993155613e-06,2,0,0,0,77.13333993155614,2,0.0
4773,0.0,0,0.00014084667887337884,2,0,0,0,1409.4667887337885,2,0.0
4774,0.0,0,7.994000692813394e-05,2,0,0,0,800.4000692813395,2,0.0
4775,9.520962302701859e-06,2,8.374667392471175e-05,4,0,0,0,8.714998696249443,5,0.0
4776,5.712577381621115e-06,1,3.8066669965778065e-06,1,0,0,0,0.672105804376964,2,0.0
4777,5.712577381621115e-06,1,9.136000791786735e-05,2,0,0,0,15.734845648172577,2,0.0
4778,7.616769842161487e-06,2,0.0,0,0,0,0,0.012958790017766002,2,0.0
4779,0.0,0,7.042333943668942e-05,2,0,0,0,705.2333943668942,2,0.0
4780,5.712577381621115e-06,1,3.8066669965778065e-06,1,0,0,0,0.672105804376964,2,0.0
4781,7.616769842161487e-06,2,0.0,0,0,0,0,0.012958790017766002,2,0.0
4782,5.712577381621115e-06,1,3.8066669965778065e-06,1,0,0,0,0.672105804376964,2,0.0
4783,3.8083849210807435e-06,1,5.710000494866709e-06,1,0,0,0,1.4865476692249984,2,0.0
4784,5.712577381621115e-06,1,6.661667244011161e-05,1,0,0,0,11.47798438796947,2,0.0
4785,9.520962302701859e-06,1,3.8066669965778065e-06,1,1,1,0,0.4060578218335493,2,0.0
4786,9.520962302701859e-06,2,8.184334042642283e-05,3,0,0,0,8.517166770668112,5,0.0
4787,1.142515476324223e-05,2,8.184334042642283e-05,5,4,1,4,7.1099557541534235,6,0.6666666666666666
4788,0.0,0,0.00010278000890760077,3,0,0,0,1028.800089076008,3,0.0
4789,0.0,0,7.423000643326722e-05,3,0,0,0,743.3000643326723,3,0.0
4790,7.616769842161487e-06,1,6.0906671945244904e-05,1,0,0,0,7.905726514211649,2,0.0
4791,0.0,0,6.471333894182272e-05,2,0,0,0,648.1333894182272,2,0.0
4792,0.0,0,7.042333943668942e-05,2,0,0,0,705.2333943668942,2,0.0
4793,0.0,0,6.281000544353381e-05,2,0,0,0,629.1000544353382,2,0.0
4794,5.712577381621115e-06,1,6.281000544353381e-05,2,0,0,0,10.82308265563053,3,0.0
4795,0.0,0,6.0906671945244904e-05,2,0,0,0,610.0667194524491,2,0.0
4796,0.0,0,6.0906671945244904e-05,2,0,0,0,610.0667194524491,2,0.0
4797,5.712577381621115e-06,1,5.71000049486671e-05,1,0,0,0,9.840730057122121,2,0.0
4798,0.0,0,5.9003338446956e-05,2,0,0,0,591.03338446956,2,0.0
4799,0.0,0,7.803667342984503e-05,3,0,0,0,781.3667342984504,3,0.0
4800,7.616769842161487e-06,1,1.5226667986311226e-05,2,0,0,0,1.9861507210662366,2,0.0
4801,7.616769842161487e-06,1,5.3293337952089286e-05,1,0,0,0,6.919130548687413,2,0.0
4802,0.0,0,5.519667145037819e-05,2,0,0,0,552.966714503782,2,0.0
4803,0.0,0,5.519667145037819e-05,2,2,0,2,552.966714503782,2,1.0
4804,3.8083849210807435e-06,1,6.0906671945244904e-05,2,0,0,0,15.609176981568996,3,0.0
4805,0.0,0,6.281000544353381e-05,3,0,0,0,629.1000544353382,3,0.0
4806,1.3329347223782603e-05,3,0.00010849000940246748,5,4,1,3,8.08602291630086,8,0.375
4807,7.616769842161487e-06,2,0.0,0,0,0,0,0.012958790017766002,2,0.0
4808,0.0,0,6.661667244011161e-05,4,1,0,1,667.1667244011162,4,0.25
4809,0.0,0,6.661667244011161e-05,2,0,0,0,667.1667244011162,2,0.0
4810,7.616769842161487e-06,1,3.8066669965778065e-06,1,0,0,0,0.5062567727798837,2,0.0
4811,1.5233539684322974e-05,3,0.0,0,0,0,0,0.006521651364181754,3,0.0
4812,7.616769842161487e-06,2,7.232667293497831e-05,6,0,0,0,9.385620462498,7,0.0
4813,3.8083849210807435e-06,1,5.710000494866709e-06,1,0,0,0,1.4865476692249984,2,0.0
4814,3.8083849210807435e-06,1,3.8066669965778065e-06,1,0,0,0,0.9995604515579641,2,0.0
4815,7.616769842161487e-06,2,0.0,0,0,0,0,0.012958790017766002,2,0.0
4816,0.0,0,4.948667095551149e-05,2,0,0,0,495.86670955511494,2,0.0
4817,0.0,0,0.00019414001682546814,17,0,0,0,1942.4001682546814,17,0.0
4818,1.142515476324223e-05,2,0.0,0,0,0,0,0.00867667307331396,2,0.0
4819,3.8083849210807435e-06,1,3.8066669965778065e-06,1,0,0,0,0.9995604515579641,2,0.0
4820,7.616769842161487e-06,2,0.0,0,0,0,0,0.012958790017766002,2,0.0
4821,3.8083849210807435e-06,1,3.8066669965778065e-06,1,0,0,0,0.9995604515579641,2,0.0
4822,1.3329347223782601e-05,3,5.139000445380039e-05,3,0,0,0,3.8341405278891405,6,0.0
4823,0.0,0,1.142000098973342e-05,2,0,0,0,115.20000989733421,2,0.0
4824,9.520962302701859e-06,2,0.0,0,0,0,0,0.01039397067088777,2,0.0
4825,9.520962302701859e-06,2,3.8066669965778065e-06,1,0,0,0,0.4060578218335493,2,0.0
4826,3.8083849210807435e-06,1,5.710000494866709e-06,1,0,0,0,1.4865476692249984,2,0.0
4827,3.8083849210807435e-06,1,1.1420000989733419e-05,1,0,0,0,2.947509322226102,2,0.0
4828,3.8083849210807435e-06,1,1.1420000989733419e-05,2,0,0,0,2.947509322226102,3,0.0
4829,7.616769842161487e-06,1,7.613333993155613e-06,2,0,0,0,0.9995547555420015,2,0.0
4830,3.8083849210807435e-06,1,3.8066669965778065e-06,1,0,0,0,0.9995604515579641,2,0.0
4831,0.0,0,6.0906671945244904e-05,2,2,0,2,610.0667194524491,2,1.0
4832,0.0,0,4.758333745722258e-05,2,0,0,0,476.83337457222586,2,0.0
4833,0.0,0,0.0001199100103922009,6,0,0,0,1200.100103922009,6,0.0
4834,7.616769842161487e-06,1,1.5226667986311226e-05,3,0,0,0,1.9861507210662366,3,0.0
4835,9.520962302701859e-06,2,0.0,0,0,0,0,0.01039397067088777,2,0.0
4836,7.616769842161487e-06,1,3.8066669965778065e-06,1,0,0,0,0.5062567727798837,2,0.0
4837,0.0,0,7.613333993155613e-05,2,0,0,0,762.3333993155613,2,0.0
4838,7.616769842161487e-06,2,0.0,0,0,0,0,0.012958790017766002,2,0.0
4839,7.616769842161487e-06,2,0.0,0,0,0,0,0.012958790017766002,2,0.0
4840,1.3329347223782601e-05,2,0.0,0,0,0,0,0.007446378318590627,2,0.0
4841,9.520962302701859e-06,2,3.8066669965778065e-06,1,0,0,0,0.4060578218335493,3,0.0
4842,9.711381548755895e-05,20,0.00015226667986311225,30,4,2,2,1.567335662106705,48,0.041666666666666664
4843,9.520962302701859e-06,2,0.0,0,0,0,0,0.01039397067088777,2,0.0
4844,3.8083849210807435e-06,1,1.142000098973342e-05,2,0,0,0,2.9475093222261024,2,0.0
4845,9.520962302701859e-06,2,0.0,0,0,0,0,0.01039397067088777,2,0.0
4846,3.8083849210807435e-06,1,1.5226667986311226e-05,2,0,0,0,3.9214837575601704,3,0.0
4847,9.520962302701859e-06,2,0.0,0,0,0,0,0.01039397067088777,2,0.0
4848,7.616769842161487e-06,2,0.0,0,0,0,0,0.012958790017766002,2,0.0
4849,5.712577381621115e-06,1,9.516667491444516e-06,2,0,0,0,1.6544584028853737,3,0.0
4850,0.0,0,9.516667491444516e-06,2,0,0,0,96.16667491444517,2,0.0
4851,4.760481151350929e-05,10,6.661667244011162e-05,13,0,0,0,1.3985313079209727,22,0.0
4852,5.712577381621115e-06,1,3.8066669965778065e-06,1,0,0,0,0.672105804376964,2,0.0
4853,3.8083849210807435e-06,1,7.803667342984503e-05,2,0,0,0,19.992061940572306,2,0.0
4854,7.616769842161487e-06,2,0.0,0,1,1,0,0.012958790017766002,2,0.0
4855,3.8083849210807435e-06,1,1.5226667986311226e-05,2,3,1,2,3.9214837575601704,3,0.6666666666666666
4856,3.8083849210807435e-06,1,3.8066669965778065e-06,1,0,0,0,0.9995604515579641,2,0.0
4857,1.3329347223782601e-05,3,7.613333993155613e-06,1,0,0,0,0.5743640301068202,3,0.0
4858,7.616769842161487e-06,2,3.8066669965778065e-06,1,0,0,0,0.5062567727798837,2,0.0
4859,2.6658694447565202e-05,5,5.329333795208929e-05,4,0,0,0,1.995364088360731,8,0.0
4860,1.3329347223782603e-05,3,3.8066669965778065e-06,1,0,0,0,0.2909052042127054,4,0.0
4861,0.0,0,5.329333795208929e-05,2,0,0,0,533.933379520893,2,0.0
4862,0.0,0,6.281000544353381e-05,2,0,0,0,629.1000544353382,2,0.0
4863,0.0,0,4.187333696235587e-05,2,0,0,0,419.73336962355876,2,0.0
4864,5.712577381621115e-06,1,3.8066669965778064e-05,1,1,0,1,6.566221395427422,2,0.5
4865,3.8083849210807435e-06,1,3.8066669965778065e-06,1,0,0,0,0.9995604515579641,2,0.0
4866,5.712577381621115e-06,1,9.516667491444516e-06,2,0,0,0,1.6544584028853737,2,0.0
4867,7.616769842161487e-06,2,0.0,0,0,0,0,0.012958790017766002,2,0.0
4868,1.7137732144863347e-05,3,1.1420000989733419e-05,2,1,1,1,0.6683014269464822,4,0.25
4869,7.616769842161487e-06,2,0.0,0,0,0,0,0.012958790017766002,2,0.0
4870,2.285030952648446e-05,3,7.613333993155613e-06,1,0,0,0,0.33608845162870216,3,0.0
4871,7.616769842161487e-06,2,6.281000544353381e-05,7,0,0,0,8.152375505592708,9,0.0
4872,0.0,0,4.3776670460644776e-05,2,0,0,0,438.7667046064478,2,0.0
4873,0.0,0,5.519667145037819e-05,4,0,0,0,552.966714503782,4,0.0
4874,3.8083849210807435e-06,1,8.184334042642283e-05,4,0,0,0,20.966036375906373,5,0.0
4875,3.8083849210807435e-06,1,6.661667244011161e-05,7,0,0,0,17.0701386345701,8,0.0
4876,3.8083849210807435e-06,1,3.616333646748916e-05,1,2,1,1,9.278343151897548,2,0.5
4877,7.616769842161487e-06,1,4.187333696235587e-05,2,0,0,0,5.439236600401061,2,0.0
4878,0.0,0,4.187333696235587e-05,2,0,0,0,419.73336962355876,2,0.0
4879,3.8083849210807435e-06,1,5.139000445380039e-05,3,0,0,0,13.174240893233824,3,0.0
4880,0.0,0,3.997000346406697e-05,2,2,0,2,400.70003464066974,2,1.0
4881,7.616769842161487e-06,2,3.8066669965778064e-05,2,1,1,0,4.945938617638943,4,0.0
4882,1.5233539684322974e-05,2,5.710000494866709e-06,1,0,0,0,0.37890797653244146,2,0.0
4883,7.616769842161487e-06,1,5.710000494866709e-06,1,0,0,0,0.7529057641609425,2,0.0
4884,1.7137732144863347e-05,3,0.0,0,0,0,0,0.0058012271660572755,3,0.0
4885,3.8083849210807435e-06,1,3.8066669965778064e-05,2,2,0,2,9.765330369564584,3,0.6666666666666666
4886,5.712577381621115e-06,1,4.758333745722258e-05,3,0,0,0,8.203475726274771,3,0.0
4887,1.3329347223782601e-05,2,0.0,0,0,0,0,0.007446378318590627,2,0.0
4888,0.0,0,0.0001884300163306014,7,0,0,0,1885.3001633060142,7,0.0
4889,0.0,0,0.00010278000890760077,3,0,0,0,1028.800089076008,3,0.0
4890,3.8083849210807435e-06,1,3.235666947091135e-05,1,0,0,0,8.30436871656348,2,0.0
4891,5.712577381621115e-06,1,3.616333646748916e-05,2,0,0,0,6.238770529257951,3,0.0
4892,1.3329347223782601e-05,2,0.0,0,0,0,0,0.007446378318590627,2,0.0
4893,0.0,0,4.377667046064477e-05,2,0,0,0,438.7667046064477,2,0.0
4894,0.0,0,4.187333696235587e-05,2,2,0,2,419.73336962355876,2,1.0
4895,1.7137732144863347e-05,3,9.516667491444516e-06,1,0,0,0,0.5578847269830781,3,0.0
4896,9.520962302701859e-06,2,2.8550002474333546e-05,2,0,0,0,2.9778728543908493,3,0.0
4897,1.7137732144863347e-05,4,0.0,0,0,0,0,0.0058012271660572755,4,0.0
4898,7.616769842161487e-06,1,3.8066669965778065e-06,1,0,0,0,0.5062567727798837,2,0.0
4899,3.8083849210807435e-06,1,5.710000494866709e-06,1,0,0,0,1.4865476692249984,2,0.0
4900,3.8083849210807435e-06,1,7.613333993155613e-06,1,0,0,0,1.9735348868920333,2,0.0
4901,3.8083849210807435e-06,1,5.710000494866709e-06,1,0,0,0,1.4865476692249984,2,0.0
4902,3.8083849210807435e-06,1,3.8066669965778065e-06,1,0,0,0,0.9995604515579641,2,0.0
4903,9.520962302701859e-06,2,0.0,0,0,0,0,0.01039397067088777,2,0.0
4904,3.8083849210807435e-06,1,5.710000494866709e-06,1,0,0,0,1.4865476692249984,2,0.0
4905,9.520962302701859e-06,2,7.613333993155613e-06,1,0,0,0,0.801721672996211,2,0.0
4906,1.142515476324223e-05,2,2.0936668481177935e-05,3,4,2,3,1.8252829496286906,4,0.75
4907,3.8083849210807435e-06,1,3.8066669965778065e-06,1,0,0,0,0.9995604515579641,2,0.0
4908,3.8083849210807435e-06,1,5.710000494866709e-06,1,0,0,0,1.4865476692249984,2,0.0
4909,3.8083849210807435e-06,1,3.8066669965778065e-06,1,0,0,0,0.9995604515579641,2,0.0
4910,3.8083849210807435e-06,1,3.8066669965778065e-06,1,0,0,0,0.9995604515579641,2,0.0
4911,0.0,0,9.516667491444516e-06,2,0,0,0,96.16667491444517,2,0.0
4912,0.0,0,1.142000098973342e-05,2,0,0,0,115.20000989733421,2,0.0
4913,7.616769842161487e-06,2,0.0,0,0,0,0,0.012958790017766002,2,0.0
4914,0.0,0,1.142000098973342e-05,2,0,0,0,115.20000989733421,2,0.0
4915,0.0,0,9.516667491444516e-06,2,0,0,0,96.16667491444517,2,0.0
4916,0.0,0,6.0906671945244904e-05,3,0,0,0,610.0667194524491,3,0.0
4917,1.3329347223782601e-05,2,1.9033334982889032e-05,2,0,0,0,1.4247405077891646,3,0.0
4918,1.9041924605403718e-05,3,0.0,0,0,0,0,0.005224135088891232,3,0.0
4919,5.712577381621115e-06,1,3.8066669965778065e-06,1,0,0,0,0.672105804376964,2,0.0
4920,3.8083849210807435e-06,1,3.8066669965778065e-06,1,0,0,0,0.9995604515579641,2,0.0
4921,0.0,0,3.426000296920026e-05,2,0,0,0,343.60002969200264,2,0.0
4922,1.3329347223782601e-05,3,4.568000395893368e-05,2,0,0,0,3.408952289047969,5,0.0
4923,0.0,0,4.948667095551148e-05,4,0,0,0,495.8667095551149,4,0.0
4924,3.8083849210807435e-06,1,3.0453335972622452e-05,1,0,0,0,7.817381498896446,2,0.0
4925,7.616769842161487e-06,1,7.613333993155613e-06,2,0,0,0,0.9995547555420015,2,0.0
4926,0.0,0,3.426000296920026e-05,2,0,0,0,343.60002969200264,2,0.0
4927,3.8083849210807435e-06,1,3.0453335972622452e-05,1,0,0,0,7.817381498896446,2,0.0
4928,0.0,0,3.8066669965778064e-05,2,0,0,0,381.66669965778067,2,0.0
4929,3.8083849210807435e-06,1,3.426000296920026e-05,2,0,0,0,8.791355934230515,3,0.0
4930,2.094611706594409e-05,4,0.00016559001435113458,10,9,2,8,7.872711808642696,13,0.6153846153846154
4931,1.5233539684322974e-05,2,7.613333993155613e-06,2,0,0,0,0.5030367515885281,4,0.0
4932,1.3329347223782601e-05,2,1.5226667986311226e-05,1,0,0,0,1.1412816818950497,2,0.0
4933,5.712577381621115e-06,1,3.426000296920026e-05,2,0,0,0,5.911319663088482,2,0.0
4934,0.0,0,5.9003338446956e-05,4,0,0,0,591.03338446956,4,0.0
4935,0.0,0,4.5680003958933675e-05,2,1,0,1,457.8000395893368,2,0.5
4936,3.8083849210807435e-06,1,3.6163336467489164e-05,3,1,0,1,9.27834315189755,4,0.25
4937,0.0,0,3.235666947091136e-05,2,0,0,0,324.5666947091136,2,0.0
4938,1.142515476324223e-05,2,2.855000247433355e-05,1,0,0,0,2.4858670501942823,3,0.0
4939,7.616769842161487e-06,2,4.5680003958933675e-05,3,3,0,3,5.932534583163178,5,0.6
4940,7.616769842161487e-06,2,0.00010468334240588968,8,7,1,6,13.578653315976002,10,0.6
4941,7.616769842161487e-06,1,5.710000494866709e-06,1,0,0,0,0.7529057641609425,2,0.0
4942,7.616769842161487e-06,1,3.8066669965778065e-06,1,0,0,0,0.5062567727798837,2,0.0
4943,2.475450198702483e-05,4,1.142000098973342e-05,3,0,0,0,0.463497558540798,7,0.0
4944,9.520962302701859e-06,2,0.0,0,0,0,0,0.01039397067088777,2,0.0
4945,3.8083849210807435e-06,1,3.8066669965778065e-06,1,0,0,0,0.9995604515579641,2,0.0
4946,7.616769842161487e-06,2,0.0,0,0,0,0,0.012958790017766002,2,0.0
4947,1.3329347223782603e-05,3,5.710000494866709e-06,1,0,0,0,0.43263461715976276,3,0.0
4948,7.616769842161487e-06,2,3.8066669965778065e-06,1,0,0,0,0.5062567727798837,2,0.0
4949,3.8083849210807435e-06,1,5.710000494866709e-06,1,0,0,0,1.4865476692249984,2,0.0
4950,7.616769842161487e-06,2,0.0,0,0,0,0,0.012958790017766002,2,0.0
4951,7.616769842161487e-06,2,0.0,0,0,0,0,0.012958790017766002,2,0.0
4952,0.0,0,1.3323334488022323e-05,2,0,0,0,134.23334488022326,2,0.0
4953,9.520962302701859e-06,2,3.8066669965778065e-06,1,0,0,0,0.4060578218335493,2,0.0
4954,1.142515476324223e-05,2,0.0,0,0,0,0,0.00867667307331396,2,0.0
4955,7.616769842161487e-06,1,3.8066669965778065e-06,1,0,0,0,0.5062567727798837,2,0.0
4956,0.0,0,3.045333597262245e-05,2,1,0,1,305.5333597262245,2,0.5
4957,0.0,0,1.142000098973342e-05,2,0,0,0,115.20000989733421,2,0.0
4958,0.0,0,3.616333646748916e-05,2,0,0,0,362.6333646748916,2,0.0
4959,1.5233539684322974e-05,3,6.852000593840052e-05,6,4,2,4,4.475157553383299,7,0.5714285714285714
4960,2.475450198702483e-05,5,7.613333993155613e-06,2,0,0,0,0.31033951101423485,6,0.0
4961,0.0,0,3.8066669965778064e-05,2,0,0,0,381.66669965778067,2,0.0
4962,1.5233539684322974e-05,2,3.8066669965778065e-06,1,0,0,0,0.2547792014763549,3,0.0
4963,1.142515476324223e-05,2,9.516667491444516e-06,2,0,0,0,0.8344067987803035,2,0.0
4964,7.616769842161487e-06,2,0.0,0,0,0,0,0.012958790017766002,2,0.0
4965,9.520962302701859e-06,2,5.519667145037819e-05,5,0,0,0,5.747519812529481,7,0.0
4966,7.616769842161487e-06,1,1.142000098973342e-05,2,0,0,0,1.4928527383041192,2,0.0
4967,7.616769842161487e-06,1,9.516667491444516e-06,2,0,0,0,1.2462037469230602,2,0.0
4968,7.616769842161487e-06,2,7.613333993155613e-06,2,0,0,0,0.9995547555420015,4,0.0
4969,0.0,0,3.045333597262245e-05,2,0,0,0,305.5333597262245,2,0.0
4970,3.8083849210807435e-06,1,2.474333547775574e-05,1,0,0,0,6.356419845895342,2,0.0
4971,3.237127182918632e-05,7,5.710000494866709e-05,6,2,1,1,1.761557269748015,12,0.08333333333333333
4972,0.0,0,1.3323334488022323e-05,3,0,0,0,134.23334488022326,3,0.0
4973,9.520962302701859e-06,2,1.5226667986311226e-05,2,0,0,0,1.593049375321534,4,0.0
4974,3.8083849210807435e-06,1,9.516667491444516e-06,1,0,0,0,2.4605221045590673,2,0.0
4975,5.712577381621115e-06,1,9.516667491444516e-06,2,0,0,0,1.6544584028853737,2,0.0
4976,7.616769842161487e-06,2,5.710000494866709e-06,1,0,0,0,0.7529057641609425,2,0.0
4977,1.3329347223782601e-05,3,0.0,0,0,0,0,0.007446378318590627,3,0.0
4978,3.8083849210807435e-06,1,1.3323334488022323e-05,2,0,0,0,3.4344965398931366,2,0.0
4979,3.8083849210807435e-06,1,7.613333993155613e-06,2,0,0,0,1.9735348868920333,2,0.0
4980,7.616769842161487e-06,2,0.0,0,0,0,0,0.012958790017766002,2,0.0
4981,5.712577381621115e-06,1,5.139000445380039e-05,4,2,0,2,8.858377458613711,4,0.5
4982,3.8083849210807435e-06,1,3.8066669965778065e-06,1,0,0,0,0.9995604515579641,2,0.0
4983,7.616769842161487e-06,2,0.0,0,0,0,0,0.012958790017766002,2,0.0
4984,0.0,0,8.184334042642283e-05,7,4,0,4,819.4334042642283,7,0.5714285714285714
4985,7.616769842161487e-06,1,3.426000296920026e-05,3,3,0,3,4.4526406348768255,4,0.75
4986,1.142515476324223e-05,2,3.8066669965778065e-06,1,0,0,0,0.3389687233561098,2,0.0
4987,0.0,0,2.8550002474333546e-05,2,0,0,0,286.5000247433355,2,0.0
4988,5.712577381621115e-06,1,2.2840001979466837e-05,1,0,0,0,3.946614466071662,2,0.0
4989,1.142515476324223e-05,2,0.0,0,0,0,0,0.00867667307331396,2,0.0
4990,0.0,0,3.997000346406696e-05,2,0,0,0,400.7000346406697,2,0.0
4991,0.0,0,3.426000296920026e-05,2,1,0,1,343.60002969200264,2,0.5
4992,3.8083849210807435e-06,1,2.2840001979466837e-05,1,0,0,0,5.869432628228307,2,0.0
4993,1.7137732144863347e-05,3,0.00019223668332717922,22,3,0,3,11.157887923469877,23,0.13043478260869565
4994,0.0,0,2.6646668976044643e-05,2,1,0,1,267.46668976044646,2,0.5
4995,0.0,0,2.6646668976044643e-05,2,0,0,0,267.46668976044646,2,0.0
4996,1.142515476324223e-05,1,3.997000346406696e-05,3,0,0,0,3.4767432010426695,3,0.0
4997,1.142515476324223e-05,2,3.8066669965778065e-06,1,0,0,0,0.3389687233561098,2,0.0
4998,7.616769842161487e-06,1,7.613333993155613e-06,2,0,0,0,0.9995547555420015,2,0.0
4999,2.6658694447565202e-05,5,8.755334092128955e-05,15,1,0,1,3.275695721741956,18,0.05555555555555555
5000,0.0,0,7.613333993155613e-06,2,0,0,0,77.13333993155614,2,0.0
5001,7.616769842161487e-06,2,7.613333993155613e-06,1,0,0,0,0.9995547555420015,2,0.0
5002,0.0,0,2.6646668976044643e-05,2,0,0,0,267.46668976044646,2,0.0
5003,7.616769842161487e-06,1,1.3323334488022323e-05,2,0,0,0,1.739501729685178,2,0.0
5004,1.9041924605403718e-05,4,3.8066669965778065e-06,1,0,0,0,0.20408956137435438,5,0.0
5005,0.0,0,9.516667491444516e-06,2,0,0,0,96.16667491444517,2,0.0
5006,0.0,0,7.613333993155613e-06,2,0,0,0,77.13333993155614,2,0.0
5007,1.3329347223782601e-05,3,3.0453335972622452e-05,6,3,1,3,2.2751169854715094,8,0.375
5008,7.616769842161487e-06,2,0.0,0,0,0,0,0.012958790017766002,2,0.0
5009,7.616769842161487e-06,2,0.0,0,0,0,0,0.012958790017766002,2,0.0
5010,0.0,0,7.613333993155613e-06,2,0,0,0,77.13333993155614,2,0.0
5011,4.950900397404966e-05,11,2.2840001979466837e-05,4,0,0,0,0.4624160967123365,15,0.0
5012,2.094611706594409e-05,4,3.8066669965778065e-06,1,0,0,0,0.18562412174830126,5,0.0
5013,7.616769842161487e-06,1,3.8066669965778065e-06,1,0,0,0,0.5062567727798837,2,0.0
5014,0.0,0,2.474333547775574e-05,2,0,0,0,248.4333547775574,2,0.0
5015,7.616769842161487e-06,1,1.3323334488022323e-05,3,0,0,0,1.739501729685178,4,0.0
5016,7.616769842161487e-06,2,0.0,0,0,0,0,0.012958790017766002,2,0.0
5017,1.3329347223782601e-05,2,0.0,0,0,0,0,0.007446378318590627,2,0.0
5018,0.0,0,1.9033334982889032e-05,4,0,0,0,191.3333498288903,4,0.0
5019,7.616769842161487e-06,1,3.8066669965778065e-06,1,0,0,0,0.5062567727798837,2,0.0
5020,3.8083849210807436e-05,8,6.281000544353381e-05,13,0,0,0,1.6475553602837913,20,0.0
5021,7.616769842161487e-06,2,1.3323334488022322e-05,1,0,0,0,1.7395017296851778,2,0.0
5022,7.616769842161487e-06,1,3.8066669965778065e-06,1,0,0,0,0.5062567727798837,2,0.0
5023,3.8083849210807435e-06,1,3.8066669965778065e-06,1,0,0,0,0.9995604515579641,2,0.0
5024,0.0,0,7.613333993155613e-06,2,0,0,0,77.13333993155614,2,0.0
5025,5.712577381621115e-06,1,2.0936668481177935e-05,1,0,0,0,3.6191635999021923,2,0.0
5026,3.8083849210807435e-06,1,1.5226667986311226e-05,3,0,0,0,3.9214837575601704,3,0.0
5027,7.616769842161487e-06,1,3.8066669965778065e-06,1,0,0,0,0.5062567727798837,2,0.0
5028,1.3329347223782601e-05,2,9.516667491444516e-06,1,0,0,0,0.7160934430538777,2,0.0
5029,0.0,0,1.142000098973342e-05,2,0,0,0,115.20000989733421,2,0.0
5030,0.0,0,3.0453335972622452e-05,2,0,0,0,305.53335972622455,2,0.0
5031,3.8083849210807435e-06,1,3.8066669965778065e-06,1,0,0,0,0.9995604515579641,2,0.0
5032,1.142515476324223e-05,2,1.1420000989733419e-05,1,0,0,0,0.9995528239217014,2,0.0
5033,3.8083849210807435e-06,1,2.6646668976044643e-05,2,0,0,0,6.843407063562376,2,0.0
5034,7.616769842161487e-06,2,3.6163336467489164e-05,4,2,0,2,4.699289626257884,5,0.4
5035,1.142515476324223e-05,2,2.0936668481177935e-05,1,0,0,0,1.8252829496286906,2,0.0
5036,7.616769842161487e-06,2,1.142000098973342e-05,2,0,0,0,1.4928527383041192,4,0.0
5037,0.0,0,3.426000296920026e-05,2,0,0,0,343.60002969200264,2,0.0
5038,3.8083849210807435e-06,1,2.0936668481177935e-05,1,0,0,0,5.382445410561274,2,0.0
5039,3.8083849210807435e-06,1,9.516667491444516e-06,2,0,0,0,2.4605221045590673,3,0.0
5040,3.8083849210807435e-06,1,3.235666947091135e-05,2,0,0,0,8.30436871656348,2,0.0
5041,9.520962302701859e-06,2,3.8066669965778065e-06,1,0,0,0,0.4060578218335493,2,0.0
5042,0.0,0,3.426000296920026e-05,3,0,0,0,343.60002969200264,3,0.0
5043,9.520962302701859e-06,2,0.0,0,0,0,0,0.01039397067088777,2,0.0
5044,1.3329347223782601e-05,2,0.0,0,0,0,0,0.007446378318590627,2,0.0
5045,7.616769842161487e-06,2,0.0,0,0,0,0,0.012958790017766002,2,0.0
5046,1.3329347223782601e-05,2,0.0,0,0,0,0,0.007446378318590627,2,0.0
5047,3.8083849210807435e-06,1,9.516667491444516e-06,1,0,0,0,2.4605221045590673,2,0.0
5048,7.616769842161487e-06,1,9.516667491444516e-06,2,0,0,0,1.2462037469230602,2,0.0
5049,7.616769842161487e-06,1,1.3323334488022323e-05,2,0,0,0,1.739501729685178,2,0.0
5050,9.520962302701859e-06,2,1.9033334982889032e-05,1,0,0,0,1.9887132264841956,3,0.0
5051,1.3329347223782601e-05,2,3.8066669965778065e-06,1,0,0,0,0.29090520421270544,3,0.0
5052,1.5233539684322974e-05,2,0.0,0,0,0,0,0.006521651364181754,2,0.0
5053,0.0,0,9.516667491444516e-06,2,0,0,0,96.16667491444517,2,0.0
5054,0.0,0,2.2840001979466837e-05,2,0,0,0,229.40001979466837,2,0.0
5055,0.0,0,2.2840001979466837e-05,2,0,0,0,229.40001979466837,2,0.0
5056,3.8083849210807435e-06,1,1.9033334982889032e-05,1,0,0,0,4.895458192894239,2,0.0
5057,0.0,0,2.2840001979466837e-05,2,0,0,0,229.40001979466837,2,0.0
5058,7.616769842161487e-06,2,0.0,0,0,0,0,0.012958790017766002,2,0.0
5059,3.8083849210807435e-06,1,2.2840001979466837e-05,2,0,0,0,5.869432628228307,3,0.0
5060,7.616769842161487e-06,2,3.8066669965778065e-06,1,0,0,0,0.5062567727798837,3,0.0
5061,3.8083849210807435e-06,1,3.997000346406696e-05,3,0,0,0,10.252317587231618,3,0.0
5062,3.8083849210807435e-06,1,9.516667491444516e-06,1,0,0,0,2.4605221045590673,2,0.0
5063,6.283835119783227e-05,14,6.661667244011161e-05,14,0,0,0,1.0600320976061646,26,0.0
5064,0.0,0,5.710000494866709e-05,8,2,0,2,572.000049486671,8,0.25
5065,3.8083849210807435e-06,1,5.710000494866709e-06,1,0,0,0,1.4865476692249984,2,0.0
5066,0.0,0,3.997000346406696e-05,4,0,0,0,400.7000346406697,4,0.0
5067,9.520962302701859e-06,2,0.0,0,0,0,0,0.01039397067088777,2,0.0
5068,0.0,0,2.8550002474333546e-05,3,0,0,0,286.5000247433355,3,0.0
5069,4.760481151350929e-05,10,4.5680003958933675e-05,6,0,0,0,0.9596517103095452,15,0.0
5070,0.0,0,2.2840001979466837e-05,2,1,0,1,229.40001979466837,2,0.5
5071,0.0,0,9.516667491444516e-06,2,0,0,0,96.16667491444517,2,0.0
5072,0.0,0,1.5226667986311226e-05,4,0,0,0,153.26667986311224,4,0.0
5073,1.3329347223782601e-05,2,5.710000494866709e-06,1,0,0,0,0.4326346171597628,2,0.0
5074,3.8083849210807435e-06,1,1.9033334982889032e-05,1,0,0,0,4.895458192894239,2,0.0
5075,0.0,0,1.142000098973342e-05,3,0,0,0,115.20000989733421,3,0.0
5076,3.8083849210807435e-06,1,2.2840001979466837e-05,2,0,0,0,5.869432628228307,3,0.0
5077,1.142515476324223e-05,2,7.613333993155613e-06,2,0,0,0,0.6692607736389057,4,0.0
5078,1.142515476324223e-05,2,3.997000346406697e-05,5,0,0,0,3.4767432010426704,7,0.0
5079,9.520962302701859e-06,2,3.8066669965778065e-06,1,0,0,0,0.4060578218335493,3,0.0
5080,3.8083849210807435e-06,1,1.9033334982889032e-05,1,0,0,0,4.895458192894239,2,0.0
5081,3.8083849210807435e-06,1,4.758333745722258e-05,2,0,0,0,12.200266457899756,3,0.0
5082,9.520962302701859e-06,2,0.0,0,0,0,0,0.01039397067088777,2,0.0
5083,0.0,0,1.3323334488022323e-05,3,0,0,0,134.23334488022326,3,0.0
5084,5.712577381621115e-06,1,3.8066669965778065e-06,1,0,0,0,0.672105804376964,2,0.0
5085,5.712577381621115e-06,1,2.474333547775574e-05,2,0,0,0,4.274065332241132,3,0.0
5086,7.616769842161487e-06,2,0.0,0,0,0,0,0.012958790017766002,2,0.0
5087,0.0,0,2.0936668481177935e-05,2,0,0,0,210.36668481177935,2,0.0
5088,1.9041924605403718e-05,4,1.713000148460013e-05,3,0,0,0,0.9001185533734755,6,0.0
5089,0.0,0,7.613333993155613e-06,2,0,0,0,77.13333993155614,2,0.0
5090,0.0,0,2.0936668481177935e-05,2,0,0,0,210.36668481177935,2,0.0
5091,1.3329347223782601e-05,2,3.8066669965778065e-06,1,0,0,0,0.29090520421270544,3,0.0
5092,0.0,0,7.613333993155613e-06,2,0,0,0,77.13333993155614,2,0.0
5093,1.3329347223782601e-05,3,1.713000148460013e-05,3,0,0,0,1.2830110948421072,5,0.0
5094,2.6658694447565202e-05,4,2.0936668481177935e-05,2,0,0,0,0.7861619901673521,5,0.0
5095,9.520962302701859e-06,2,1.713000148460013e-05,1,0,0,0,1.7908813009028648,3,0.0
5096,7.616769842161487e-06,1,3.8066669965778065e-06,1,0,0,0,0.5062567727798837,2,0.0
5097,1.3329347223782601e-05,2,3.8066669965778065e-06,1,0,0,0,0.29090520421270544,3,0.0
5098,7.616769842161487e-06,1,7.613333993155613e-06,2,0,0,0,0.9995547555420015,2,0.0
5099,1.142515476324223e-05,2,0.0,0,0,0,0,0.00867667307331396,2,0.0
5100,7.616769842161487e-06,2,1.142000098973342e-05,3,0,0,0,1.4928527383041192,5,0.0
5101,7.616769842161487e-06,1,5.710000494866709e-06,1,0,0,0,0.7529057641609425,2,0.0
5102,7.616769842161487e-06,1,5.710000494866709e-06,1,0,0,0,0.7529057641609425,2,0.0
5103,1.142515476324223e-05,2,1.3323334488022323e-05,3,0,0,0,1.1646988490630994,5,0.0
5104,0.0,0,7.613333993155613e-06,2,0,0,0,77.13333993155614,2,0.0
5105,3.8083849210807435e-06,1,1.713000148460013e-05,1,0,0,0,4.408470975227205,2,0.0
5106,5.712577381621115e-06,1,2.2840001979466837e-05,2,0,0,0,3.946614466071662,3,0.0
5107,7.616769842161487e-06,2,0.0,0,0,0,0,0.012958790017766002,2,0.0
5108,3.8083849210807435e-06,1,3.8066669965778065e-06,1,0,0,0,0.9995604515579641,2,0.0
5109,2.094611706594409e-05,5,4.187333696235587e-05,9,0,0,0,1.994350636311688,12,0.0
5110,0.0,0,2.2840001979466837e-05,2,0,0,0,229.40001979466837,2,0.0
5111,0.0,0,2.6646668976044647e-05,3,0,0,0,267.46668976044646,3,0.0
5112,7.616769842161487e-06,1,3.8066669965778065e-06,1,0,0,0,0.5062567727798837,2,0.0
5113,0.0,0,7.613333993155613e-06,2,0,0,0,77.13333993155614,2,0.0
5114,1.142515476324223e-05,2,3.997000346406697e-05,5,2,0,2,3.4767432010426704,7,0.2857142857142857
5115,3.8083849210807435e-06,1,5.710000494866709e-06,1,0,0,0,1.4865476692249984,2,0.0
5116,3.237127182918632e-05,7,2.6646668976044647e-05,3,3,3,1,0.8237025367144318,9,0.1111111111111111
5117,1.3329347223782601e-05,2,5.710000494866709e-06,1,0,0,0,0.4326346171597628,2,0.0
5118,1.142515476324223e-05,2,2.6646668976044647e-05,3,1,0,1,2.3207210250528845,5,0.2
5119,0.0,0,7.613333993155613e-06,2,0,0,0,77.13333993155614,2,0.0
5120,1.142515476324223e-05,3,0.0,0,0,0,0,0.00867667307331396,3,0.0
5121,0.0,0,1.142000098973342e-05,3,0,0,0,115.20000989733421,3,0.0
5122,3.8083849210807435e-06,1,3.8066669965778065e-06,1,0,0,0,0.9995604515579641,2,0.0
5123,1.3329347223782601e-05,2,2.6646668976044647e-05,3,3,1,2,1.9916581595773943,5,0.4
5124,0.0,0,7.613333993155613e-06,2,0,0,0,77.13333993155614,2,0.0
5125,3.8083849210807435e-06,1,3.8066669965778065e-06,1,0,0,0,0.9995604515579641,2,0.0
5126,5.712577381621115e-06,1,1.713000148460013e-05,1,0,0,0,2.964261867563253,2,0.0
5127,3.8083849210807435e-06,1,1.713000148460013e-05,1,0,0,0,4.408470975227205,2,0.0
5128,5.712577381621115e-06,1,2.474333547775574e-05,3,2,1,2,4.274065332241132,3,0.6666666666666666
5129,3.8083849210807435e-06,1,1.713000148460013e-05,1,2,1,1,4.408470975227205,2,0.5
5130,5.712577381621115e-06,1,1.713000148460013e-05,1,0,0,0,2.964261867563253,2,0.0
5131,0.0,0,2.474333547775574e-05,2,0,0,0,248.4333547775574,2,0.0
5132,5.712577381621115e-06,1,5.710000494866709e-06,1,0,0,0,0.9995566705464337,2,0.0
5133,7.616769842161487e-06,1,9.516667491444516e-06,2,0,0,0,1.2462037469230602,2,0.0
5134,0.0,0,5.329333795208929e-05,2,0,0,0,533.933379520893,2,0.0
5135,1.3329347223782601e-05,3,2.855000247433355e-05,6,0,0,0,2.1333875725244518,9,0.0
5136,0.0,0,9.516667491444516e-06,2,0,0,0,96.16667491444517,2,0.0
5137,3.8083849210807435e-06,1,3.8066669965778065e-06,1,0,0,0,0.9995604515579641,2,0.0
5138,0.0,0,2.0936668481177935e-05,2,0,0,0,210.36668481177935,2,0.0
5139,5.712577381621115e-06,1,3.8066669965778065e-06,1,0,0,0,0.672105804376964,2,0.0
5140,0.0,0,1.5226667986311226e-05,2,0,0,0,153.26667986311224,2,0.0
5141,7.616769842161487e-06,1,5.519667145037819e-05,2,0,0,0,7.165779540068472,2,0.0
5142,0.0,0,1.1420000989733419e-05,2,0,0,0,115.2000098973342,2,0.0
5143,5.712577381621115e-06,1,2.474333547775574e-05,2,0,0,0,4.274065332241132,2,0.0
5144,0.0,0,7.613333993155613e-06,2,0,0,0,77.13333993155614,2,0.0
5145,5.712577381621115e-06,1,3.8066669965778065e-06,1,0,0,0,0.672105804376964,2,0.0
5146,3.2371271829186316e-05,6,2.8550002474333546e-05,3,0,0,0,0.8823184575290308,7,0.0
5147,7.616769842161487e-06,2,0.0,0,0,0,0,0.012958790017766002,2,0.0
5148,0.0,0,9.516667491444516e-06,2,0,0,0,96.16667491444517,2,0.0
5149,0.0,0,1.713000148460013e-05,3,0,0,0,172.3000148460013,3,0.0
5150,0.0,0,1.9033334982889032e-05,2,0,0,0,191.3333498288903,2,0.0
5151,3.8083849210807435e-06,1,7.613333993155613e-06,2,0,0,0,1.9735348868920333,3,0.0
5152,0.0,0,7.613333993155613e-06,2,0,0,0,77.13333993155614,2,0.0
5153,3.8083849210807435e-06,1,7.613333993155613e-06,2,0,0,0,1.9735348868920333,3,0.0
5154,7.616769842161487e-06,1,3.8066669965778065e-06,1,0,0,0,0.5062567727798837,2,0.0
5155,7.616769842161487e-06,1,2.474333547775574e-05,5,0,0,0,3.2193956779715305,6,0.0
5156,3.8083849210807435e-06,1,9.516667491444516e-06,2,0,0,0,2.4605221045590673,2,0.0
5157,7.616769842161487e-06,1,7.613333993155613e-06,2,0,0,0,0.9995547555420015,3,0.0
5158,7.616769842161487e-06,1,3.8066669965778065e-06,1,0,0,0,0.5062567727798837,2,0.0
5159,9.520962302701859e-06,2,5.710000494866709e-06,1,0,0,0,0.6038897474148801,3,0.0
5160,1.7137732144863347e-05,3,3.8066669965778064e-05,8,0,0,0,2.2141352264341405,11,0.0
5161,7.616769842161487e-06,1,3.8066669965778065e-06,1,0,0,0,0.5062567727798837,2,0.0
5162,0.0,0,2.284000197946684e-05,3,0,0,0,229.4000197946684,3,0.0
5163,3.8083849210807435e-06,1,1.5226667986311226e-05,1,0,0,0,3.9214837575601704,2,0.0
5164,7.616769842161487e-06,1,7.613333993155613e-06,2,0,0,0,0.9995547555420015,3,0.0
5165,0.0,0,1.9033334982889032e-05,2,0,0,0,191.3333498288903,2,0.0
5166,3.4275464289726694e-05,6,3.235666947091135e-05,5,0,0,0,0.9441812682835884,10,0.0
5167,2.094611706594409e-05,4,7.423000643326722e-05,9,0,0,0,3.531768173690567,13,0.0
5168,0.0,0,1.9033334982889032e-05,2,0,0,0,191.3333498288903,2,0.0
5169,3.8083849210807435e-06,1,1.5226667986311226e-05,1,0,0,0,3.9214837575601704,2,0.0
5170,0.0,0,3.235666947091135e-05,3,0,0,0,324.56669470911356,3,0.0
5171,5.712577381621115e-06,1,1.5226667986311226e-05,1,0,0,0,2.636811001393783,2,0.0
5172,5.712577381621115e-06,1,3.0453335972622452e-05,3,3,1,2,5.256417930749542,4,0.5
5173,7.616769842161487e-06,1,5.710000494866709e-06,1,0,0,0,0.7529057641609425,2,0.0
5174,1.5233539684322974e-05,4,2.6646668976044647e-05,4,0,0,0,1.7443245021493938,8,0.0
5175,3.6179656750267065e-05,8,3.997000346406697e-05,8,0,0,0,1.1044758151900653,15,0.0
5176,0.0,0,5.9003338446956e-05,6,6,0,6,591.03338446956,6,1.0
5177,9.520962302701859e-06,2,1.1420000989733419e-05,1,0,0,0,1.1973855241588724,2,0.0
5178,3.8083849210807435e-06,1,3.8066669965778065e-06,1,0,0,0,0.9995604515579641,2,0.0
5179,0.0,0,1.3323334488022323e-05,3,0,0,0,134.23334488022326,3,0.0
5180,1.142515476324223e-05,2,1.713000148460013e-05,3,0,0,0,1.494990899345895,5,0.0
5181,0.0,0,1.9033334982889032e-05,2,0,0,0,191.3333498288903,2,0.0
5182,3.8083849210807435e-06,1,5.519667145037819e-05,4,4,0,4,14.148215328567893,5,0.8
5183,0.0,0,1.9033334982889032e-05,2,0,0,0,191.3333498288903,2,0.0
5184,0.0,0,3.0453335972622452e-05,4,0,0,0,305.53335972622455,4,0.0
5185,0.0,0,3.997000346406697e-05,5,0,0,0,400.70003464066974,5,0.0
5186,3.8083849210807435e-06,1,1.9033334982889032e-05,2,0,0,0,4.895458192894239,2,0.0
5187,4.570061905296892e-05,10,5.329333795208929e-05,9,1,1,1,1.16577764790339,17,0.058823529411764705
5188,3.8083849210807435e-06,1,3.8066669965778065e-06,1,0,0,0,0.9995604515579641,2,0.0
5189,3.8083849210807435e-06,1,7.613333993155613e-06,2,0,0,0,1.9735348868920333,2,0.0
5190,3.8083849210807435e-06,1,3.8066669965778065e-06,1,0,0,0,0.9995604515579641,2,0.0
5191,5.712577381621115e-06,1,3.8066669965778065e-06,1,0,0,0,0.672105804376964,2,0.0
5192,3.8083849210807435e-06,1,3.8066669965778065e-06,1,0,0,0,0.9995604515579641,2,0.0
5193,7.616769842161487e-06,2,0.0,0,0,0,0,0.012958790017766002,2,0.0
5194,1.142515476324223e-05,3,0.0,0,0,0,0,0.00867667307331396,3,0.0
5195,0.0,0,1.142000098973342e-05,2,0,0,0,115.20000989733421,2,0.0
5196,3.8083849210807435e-06,1,4.948667095551148e-05,4,0,0,0,12.68725367556679,4,0.0
5197,0.0,0,2.2840001979466837e-05,2,0,0,0,229.40001979466837,2,0.0
5198,0.0,0,1.9033334982889032e-05,2,0,0,0,191.3333498288903,2,0.0
5199,7.616769842161487e-06,1,5.710000494866709e-06,1,0,0,0,0.7529057641609425,2,0.0
5200,5.712577381621115e-06,1,1.5226667986311226e-05,1,0,0,0,2.636811001393783,2,0.0
5201,0.0,0,2.474333547775574e-05,2,0,0,0,248.4333547775574,2,0.0
5202,0.0,0,2.474333547775574e-05,2,0,0,0,248.4333547775574,2,0.0
5203,0.0,0,1.9033334982889032e-05,2,0,0,0,191.3333498288903,2,0.0
5204,1.142515476324223e-05,2,1.1420000989733419e-05,2,0,0,0,0.9995528239217014,4,0.0
5205,0.0,0,2.2840001979466837e-05,2,0,0,0,229.40001979466837,2,0.0
5206,1.3329347223782601e-05,2,5.710000494866709e-06,1,0,0,0,0.4326346171597628,2,0.0
5207,0.0,0,1.713000148460013e-05,2,0,0,0,172.3000148460013,2,0.0
5208,7.616769842161487e-06,1,7.613333993155613e-06,1,0,0,0,0.9995547555420015,2,0.0
5209,0.0,0,2.2840001979466837e-05,3,0,0,0,229.40001979466837,3,0.0
5210,0.0,0,1.713000148460013e-05,2,0,0,0,172.3000148460013,2,0.0
5211,3.8083849210807435e-06,1,1.3323334488022322e-05,1,0,0,0,3.434496539893136,2,0.0
5212,3.8083849210807435e-06,1,1.3323334488022322e-05,1,0,0,0,3.434496539893136,2,0.0
5213,3.8083849210807435e-06,1,1.3323334488022322e-05,1,0,0,0,3.434496539893136,2,0.0
5214,3.8083849210807435e-06,1,1.713000148460013e-05,2,1,0,1,4.408470975227205,3,0.3333333333333333
5215,2.094611706594409e-05,3,1.713000148460013e-05,2,0,0,0,0.8186784018454866,5,0.0
5216,2.475450198702483e-05,6,4.5680003958933675e-05,9,1,0,1,1.841919986279866,15,0.06666666666666667
5217,1.3329347223782601e-05,2,0.0,0,0,0,0,0.007446378318590627,2,0.0
5218,0.0,0,1.713000148460013e-05,2,1,0,1,172.3000148460013,2,0.5
5219,3.8083849210807435e-06,1,1.3323334488022322e-05,1,0,0,0,3.434496539893136,2,0.0
5220,5.712577381621115e-06,1,1.3323334488022322e-05,1,0,0,0,2.3093601352243134,2,0.0
5221,0.0,0,1.713000148460013e-05,2,0,0,0,172.3000148460013,2,0.0
5222,3.8083849210807435e-06,1,1.3323334488022322e-05,1,0,0,0,3.434496539893136,2,0.0
5223,0.0,0,1.713000148460013e-05,2,0,0,0,172.3000148460013,2,0.0
5224,0.0,0,2.0936668481177935e-05,3,0,0,0,210.36668481177935,3,0.0
5225,1.3329347223782601e-05,2,5.710000494866709e-06,1,0,0,0,0.4326346171597628,3,0.0
5226,3.8083849210807435e-06,1,1.3323334488022322e-05,1,0,0,0,3.434496539893136,2,0.0
5227,1.3329347223782601e-05,2,0.0,0,0,0,0,0.007446378318590627,2,0.0
5228,0.0,0,1.713000148460013e-05,2,0,0,0,172.3000148460013,2,0.0
5229,0.0,0,1.9033334982889032e-05,2,0,0,0,191.3333498288903,2,0.0
5230,3.8083849210807435e-06,1,1.9033334982889032e-05,2,0,0,0,4.895458192894239,2,0.0
5231,3.8083849210807435e-06,1,1.3323334488022322e-05,1,0,0,0,3.434496539893136,2,0.0
5232,0.0,0,1.713000148460013e-05,2,0,0,0,172.3000148460013,2,0.0
5233,3.4275464289726694e-05,7,5.329333795208929e-05,9,0,0,0,1.5532397614203628,16,0.0
5234,3.8083849210807435e-06,1,1.3323334488022322e-05,1,1,1,0,3.434496539893136,2,0.0
5235,1.3329347223782601e-05,2,0.0,0,0,0,0,0.007446378318590627,2,0.0
5236,0.0,0,2.0936668481177935e-05,2,1,0,1,210.36668481177935,2,0.5
5237,3.8083849210807435e-06,1,1.3323334488022322e-05,1,0,0,0,3.434496539893136,2,0.0
5238,3.8083849210807435e-06,1,1.9033334982889032e-05,2,3,1,2,4.895458192894239,3,0.6666666666666666
5239,3.8083849210807435e-06,1,5.3293337952089286e-05,6,0,0,0,13.661228110900858,7,0.0
5240,0.0,0,1.713000148460013e-05,2,0,0,0,172.3000148460013,2,0.0
5241,0.0,0,3.8066669965778064e-05,3,0,0,0,381.66669965778067,3,0.0
5242,0.0,0,2.474333547775574e-05,3,0,0,0,248.4333547775574,3,0.0
5243,0.0,0,1.713000148460013e-05,2,0,0,0,172.3000148460013,2,0.0
5244,0.0,0,1.9033334982889032e-05,2,0,0,0,191.3333498288903,2,0.0
5245,0.0,0,3.235666947091135e-05,4,1,0,1,324.56669470911356,4,0.25
5246,5.712577381621115e-06,1,1.3323334488022322e-05,1,0,0,0,2.3093601352243134,2,0.0
5247,0.0,0,1.713000148460013e-05,2,0,0,0,172.3000148460013,2,0.0
5248,1.3329347223782601e-05,2,0.0,0,0,0,0,0.007446378318590627,2,0.0
5249,5.712577381621115e-06,1,1.1420000989733419e-05,1,0,0,0,1.9819092690548434,2,0.0
5250,1.142515476324223e-05,2,0.0,0,0,0,0,0.00867667307331396,2,0.0
5251,1.142515476324223e-05,2,0.0,0,0,0,0,0.00867667307331396,2,0.0
5252,0.0,0,2.474333547775574e-05,2,0,0,0,248.4333547775574,2,0.0
5253,1.5233539684322974e-05,2,0.0,0,0,0,0,0.006521651364181754,2,0.0
5254,0.0,0,1.5226667986311226e-05,2,0,0,0,153.26667986311224,2,0.0
5255,7.616769842161487e-06,1,9.516667491444516e-06,2,0,0,0,1.2462037469230602,2,0.0
5256,3.0467079368645948e-05,5,0.0,0,0,0,0,0.0032714934519578135,5,0.0
5257,0.0,0,2.0936668481177935e-05,2,0,0,0,210.36668481177935,2,0.0
5258,1.142515476324223e-05,2,3.8066669965778065e-06,1,0,0,0,0.3389687233561098,2,0.0
5259,1.142515476324223e-05,2,0.0,0,0,0,0,0.00867667307331396,2,0.0
5260,0.0,0,1.5226667986311226e-05,2,0,0,0,153.26667986311224,2,0.0
5261,0.0,0,1.1420000989733419e-05,2,0,0,0,115.2000098973342,2,0.0
5262,1.142515476324223e-05,2,0.0,0,0,0,0,0.00867667307331396,2,0.0
5263,2.094611706594409e-05,3,0.0,0,2,2,0,0.00475147029196258,3,0.0
5264,3.8083849210807435e-06,1,3.8066669965778065e-06,1,0,0,0,0.9995604515579641,2,0.0
5265,0.0,0,1.5226667986311226e-05,4,0,0,0,153.26667986311224,4,0.0
5266,1.5233539684322974e-05,3,5.710000494866709e-06,1,0,0,0,0.37890797653244146,4,0.0
5267,1.5233539684322974e-05,3,0.0,0,0,0,0,0.006521651364181754,3,0.0
5268,3.237127182918632e-05,7,0.0,0,0,0,0,0.00307964531004654,7,0.0
5269,0.0,0,1.5226667986311226e-05,2,0,0,0,153.26667986311224,2,0.0
5270,1.142515476324223e-05,2,0.0,0,0,0,0,0.00867667307331396,2,0.0
5271,0.0,0,1.5226667986311226e-05,2,0,0,0,153.26667986311224,2,0.0
5272,7.616769842161487e-06,1,5.710000494866709e-06,1,0,0,0,0.7529057641609425,2,0.0
5273,0.0,0,1.713000148460013e-05,2,0,0,0,172.3000148460013,2,0.0
5274,1.142515476324223e-05,2,0.0,0,0,0,0,0.00867667307331396,2,0.0
5275,3.8083849210807435e-06,1,1.1420000989733419e-05,1,0,0,0,2.947509322226102,2,0.0
5276,0.0,0,1.713000148460013e-05,2,0,0,0,172.3000148460013,2,0.0
5277,9.520962302701859e-06,2,1.9033334982889032e-05,2,0,0,0,1.9887132264841956,4,0.0
5278,0.0,0,1.713000148460013e-05,2,0,0,0,172.3000148460013,2,0.0
5279,0.0,0,1.713000148460013e-05,2,2,0,2,172.3000148460013,2,1.0
5280,1.142515476324223e-05,2,0.0,0,0,0,0,0.00867667307331396,2,0.0
5281,0.0,0,2.0936668481177935e-05,2,0,0,0,210.36668481177935,2,0.0
5282,1.142515476324223e-05,2,0.0,0,0,0,0,0.00867667307331396,2,0.0
5283,3.8083849210807435e-06,1,2.6646668976044647e-05,4,0,0,0,6.843407063562377,4,0.0
5284,1.142515476324223e-05,2,0.0,0,0,0,0,0.00867667307331396,2,0.0
5285,0.0,0,1.5226667986311226e-05,2,0,0,0,153.26667986311224,2,0.0
5286,0.0,0,2.0936668481177935e-05,2,0,0,0,210.36668481177935,2,0.0
5287,1.9041924605403718e-05,4,1.5226667986311226e-05,2,0,0,0,0.8006858402307439,6,0.0
5288,7.616769842161487e-06,2,1.5226667986311226e-05,2,0,0,0,1.9861507210662366,4,0.0
5289,1.142515476324223e-05,2,7.613333993155613e-06,1,0,0,0,0.6692607736389057,2,0.0
5290,1.142515476324223e-05,2,1.713000148460013e-05,2,0,0,0,1.494990899345895,4,0.0
5291,1.5233539684322974e-05,3,1.5226667986311226e-05,2,0,0,0,0.9995518518128743,5,0.0
5292,5.712577381621115e-06,1,1.1420000989733419e-05,1,0,0,0,1.9819092690548434,2,0.0
5293,3.8083849210807435e-06,1,1.1420000989733419e-05,1,0,0,0,2.947509322226102,2,0.0
5294,0.0,0,1.713000148460013e-05,2,0,0,0,172.3000148460013,2,0.0
5295,2.475450198702483e-05,4,1.142000098973342e-05,2,0,0,0,0.463497558540798,4,0.0
5296,3.8083849210807435e-06,1,1.1420000989733419e-05,1,0,0,0,2.947509322226102,2,0.0
5297,0.0,0,3.235666947091135e-05,4,0,0,0,324.56669470911356,4,0.0
5298,0.0,0,1.5226667986311226e-05,2,0,0,0,153.26667986311224,2,0.0
5299,3.8083849210807435e-06,1,7.613333993155613e-06,1,0,0,0,1.9735348868920333,2,0.0
5300,3.8083849210807435e-06,1,1.142000098973342e-05,2,0,0,0,2.9475093222261024,3,0.0
5301,1.5233539684322974e-05,4,3.8066669965778065e-06,1,0,0,0,0.2547792014763549,5,0.0
5302,7.616769842161487e-06,2,0.0,0,0,0,0,0.012958790017766002,2,0.0
5303,3.8083849210807435e-06,1,5.710000494866709e-06,1,0,0,0,1.4865476692249984,2,0.0
5304,7.616769842161487e-06,1,7.613333993155613e-06,2,0,0,0,0.9995547555420015,3,0.0
5305,9.520962302701859e-06,2,0.0,0,0,0,0,0.01039397067088777,2,0.0
5306,1.3329347223782603e-05,3,3.8066669965778065e-06,1,0,0,0,0.2909052042127054,4,0.0
5307,3.8083849210807435e-06,1,9.516667491444516e-06,2,0,0,0,2.4605221045590673,3,0.0
5308,1.5233539684322974e-05,3,3.8066669965778065e-06,1,0,0,0,0.2547792014763549,4,0.0
5309,0.0,0,9.516667491444516e-06,2,0,0,0,96.16667491444517,2,0.0
5310,1.9041924605403718e-05,3,1.713000148460013e-05,4,0,0,0,0.9001185533734755,7,0.0
5311,0.0,0,7.613333993155613e-06,2,0,0,0,77.13333993155614,2,0.0
5312,3.8083849210807435e-06,1,7.613333993155613e-06,2,0,0,0,1.9735348868920333,3,0.0
5313,3.8083849210807435e-06,1,3.8066669965778065e-06,1,0,0,0,0.9995604515579641,2,0.0
5314,0.0,0,1.3323334488022323e-05,2,0,0,0,134.23334488022326,2,0.0
5315,0.0,0,7.613333993155613e-06,2,0,0,0,77.13333993155614,2,0.0
5316,0.0,0,9.516667491444516e-06,2,0,0,0,96.16667491444517,2,0.0
5317,0.0,0,7.613333993155613e-06,2,0,0,0,77.13333993155614,2,0.0
5318,3.8083849210807435e-06,1,9.516667491444516e-06,2,0,0,0,2.4605221045590673,2,0.0
5319,9.520962302701859e-06,2,0.0,0,0,0,0,0.01039397067088777,2,0.0
5320,7.616769842161487e-06,2,0.0,0,0,0,0,0.012958790017766002,2,0.0
5321,3.8083849210807435e-06,1,3.8066669965778065e-06,1,0,0,0,0.9995604515579641,2,0.0
5322,3.8083849210807435e-06,1,1.142000098973342e-05,2,0,0,0,2.9475093222261024,3,0.0
5323,0.0,0,7.613333993155613e-06,2,0,0,0,77.13333993155614,2,0.0
5324,3.8083849210807435e-06,1,3.8066669965778065e-06,1,0,0,0,0.9995604515579641,2,0.0
5325,0.0,0,9.516667491444516e-06,2,0,0,0,96.16667491444517,2,0.0
5326,7.616769842161487e-06,2,3.8066669965778065e-06,1,0,0,0,0.5062567727798837,3,0.0
5327,3.8083849210807435e-06,1,3.8066669965778065e-06,1,0,0,0,0.9995604515579641,2,0.0
5328,5.712577381621115e-06,1,3.8066669965778065e-06,1,0,0,0,0.672105804376964,2,0.0
5329,3.8083849210807435e-06,1,3.8066669965778065e-06,1,0,0,0,0.9995604515579641,2,0.0
5330,3.8083849210807435e-06,1,1.142000098973342e-05,2,0,0,0,2.9475093222261024,3,0.0
5331,0.0,0,7.613333993155613e-06,2,0,0,0,77.13333993155614,2,0.0
5332,0.0,0,7.613333993155613e-06,2,0,0,0,77.13333993155614,2,0.0
5333,3.8083849210807435e-06,1,3.8066669965778065e-06,1,0,0,0,0.9995604515579641,2,0.0
5334,0.0,0,7.613333993155613e-06,2,0,0,0,77.13333993155614,2,0.0
5335,1.142515476324223e-05,3,7.613333993155613e-06,2,0,0,0,0.6692607736389057,5,0.0
5336,7.616769842161487e-06,1,3.8066669965778065e-06,1,0,0,0,0.5062567727798837,2,0.0
5337,0.0,0,7.613333993155613e-06,2,0,0,0,77.13333993155614,2,0.0
5338,0.0,0,9.516667491444516e-06,2,0,0,0,96.16667491444517,2,0.0
5339,3.8083849210807435e-06,1,3.8066669965778065e-06,1,0,0,0,0.9995604515579641,2,0.0
5340,3.8083849210807435e-06,1,3.8066669965778065e-06,1,0,0,0,0.9995604515579641,2,0.0
5341,1.9041924605403718e-05,4,1.9033334982889032e-05,4,0,0,0,0.999551266516207,7,0.0
5342,7.616769842161487e-06,2,0.0,0,0,0,0,0.012958790017766002,2,0.0
5343,0.0,0,7.613333993155613e-06,2,0,0,0,77.13333993155614,2,0.0
5344,3.8083849210807435e-06,1,1.5226667986311226e-05,4,0,0,0,3.9214837575601704,5,0.0
5345,0.0,0,7.613333993155613e-06,2,0,0,0,77.13333993155614,2,0.0
5346,5.712577381621115e-06,1,3.8066669965778065e-06,1,0,0,0,0.672105804376964,2,0.0
5347,3.8083849210807436e-05,7,4.758333745722258e-05,9,0,0,0,1.2487828870779858,15,0.0
5348,3.8083849210807435e-06,1,3.8066669965778065e-06,1,0,0,0,0.9995604515579641,2,0.0
5349,7.616769842161487e-06,2,7.613333993155613e-06,2,1,1,0,0.9995547555420015,4,0.0
5350,7.616769842161487e-06,2,3.997000346406696e-05,6,0,0,0,5.192587609020001,7,0.0
5351,3.8083849210807435e-06,1,3.8066669965778065e-06,1,0,0,0,0.9995604515579641,2,0.0
5352,3.6179656750267065e-05,7,1.713000148460013e-05,4,0,0,0,0.47492184402966525,11,0.0
5353,7.616769842161487e-06,2,3.8066669965778065e-06,1,0,0,0,0.5062567727798837,3,0.0
5354,3.8083849210807435e-06,1,3.8066669965778065e-06,1,0,0,0,0.9995604515579641,2,0.0
5355,3.8083849210807435e-06,1,3.8066669965778065e-06,1,0,0,0,0.9995604515579641,2,0.0
5356,7.616769842161487e-06,2,5.710000494866709e-06,1,0,0,0,0.7529057641609425,3,0.0
5357,1.142515476324223e-05,3,0.0,0,0,0,0,0.00867667307331396,3,0.0
5358,1.3329347223782601e-05,3,5.710000494866709e-06,1,0,0,0,0.4326346171597628,4,0.0
5359,3.8083849210807435e-06,1,3.8066669965778065e-06,1,0,0,0,0.9995604515579641,2,0.0
5360,0.0,0,7.613333993155613e-06,2,0,0,0,77.13333993155614,2,0.0
5361,0.0,0,7.613333993155613e-06,2,0,0,0,77.13333993155614,2,0.0
5362,3.8083849210807435e-06,1,1.713000148460013e-05,2,0,0,0,4.408470975227205,2,0.0
5363,3.8083849210807435e-06,1,7.613333993155613e-06,2,0,0,0,1.9735348868920333,3,0.0
5364,7.616769842161487e-06,2,0.0,0,0,0,0,0.012958790017766002,2,0.0
5365,5.712577381621115e-06,1,3.8066669965778065e-06,1,0,0,0,0.672105804376964,2,0.0
5366,1.142515476324223e-05,2,1.713000148460013e-05,3,0,0,0,1.494990899345895,5,0.0
5367,0.0,0,9.516667491444516e-06,2,0,0,0,96.16667491444517,2,0.0
5368,9.520962302701859e-06,2,0.0,0,0,0,0,0.01039397067088777,2,0.0
5369,3.8083849210807435e-06,1,1.142000098973342e-05,3,0,0,0,2.9475093222261024,4,0.0
5370,0.0,0,7.613333993155613e-06,2,0,0,0,77.13333993155614,2,0.0
5371,5.712577381621115e-06,1,3.8066669965778065e-06,1,0,0,0,0.672105804376964,2,0.0
5372,9.520962302701859e-06,2,7.613333993155613e-06,2,0,0,0,0.801721672996211,3,0.0
5373,3.8083849210807435e-06,1,2.6646668976044647e-05,5,0,0,0,6.843407063562377,5,0.0
5374,0.0,0,1.5226667986311226e-05,2,0,0,0,153.26667986311224,2,0.0
5375,3.8083849210807435e-06,1,3.8066669965778065e-06,1,0,0,0,0.9995604515579641,2,0.0
5376,7.616769842161487e-06,2,0.0,0,0,0,0,0.012958790017766002,2,0.0
5377,3.8083849210807435e-06,1,9.516667491444516e-06,2,0,0,0,2.4605221045590673,3,0.0
5378,3.8083849210807435e-06,1,3.8066669965778065e-06,1,0,0,0,0.9995604515579641,2,0.0
5379,1.9041924605403718e-05,4,2.0936668481177935e-05,4,0,0,0,1.0989839796589385,8,0.0
5380,9.520962302701859e-06,1,3.8066669965778065e-06,1,0,0,0,0.4060578218335493,2,0.0
5381,0.0,0,7.613333993155613e-06,2,0,0,0,77.13333993155614,2,0.0
5382,5.712577381621115e-06,1,1.3323334488022323e-05,3,0,0,0,2.3093601352243134,4,0.0
5383,9.520962302701859e-06,2,9.516667491444516e-06,2,0,0,0,0.9995535985775418,4,0.0
5384,3.8083849210807435e-06,1,3.8066669965778065e-06,1,0,0,0,0.9995604515579641,2,0.0
5385,7.616769842161487e-06,1,1.142000098973342e-05,2,0,0,0,1.4928527383041192,2,0.0
5386,1.142515476324223e-05,2,1.142000098973342e-05,2,0,0,0,0.9995528239217015,4,0.0
5387,3.8083849210807435e-06,1,3.8066669965778065e-06,1,0,0,0,0.9995604515579641,2,0.0
5388,7.616769842161487e-06,2,3.8066669965778065e-06,1,0,0,0,0.5062567727798837,2,0.0
5389,3.8083849210807435e-06,1,3.8066669965778065e-06,1,0,0,0,0.9995604515579641,2,0.0
5390,7.616769842161487e-06,2,5.710000494866709e-06,1,0,0,0,0.7529057641609425,2,0.0
5391,9.520962302701859e-06,2,0.0,0,0,0,0,0.01039397067088777,2,0.0
5392,3.8083849210807435e-06,1,3.8066669965778065e-06,1,0,0,0,0.9995604515579641,2,0.0
5393,3.8083849210807435e-06,1,7.613333993155613e-06,2,0,0,0,1.9735348868920333,2,0.0
5394,1.7137732144863347e-05,3,1.142000098973342e-05,2,0,0,0,0.6683014269464823,4,0.0
5395,1.142515476324223e-05,2,7.613333993155613e-06,2,0,0,0,0.6692607736389057,4,0.0
5396,0.0,0,7.613333993155613e-06,2,0,0,0,77.13333993155614,2,0.0
5397,1.3329347223782601e-05,3,5.710000494866709e-06,1,1,1,0,0.4326346171597628,4,0.0
5398,0.0,0,7.613333993155613e-06,2,0,0,0,77.13333993155614,2,0.0
5399,7.616769842161487e-06,2,3.8066669965778065e-06,1,0,0,0,0.5062567727798837,3,0.0
5400,7.616769842161487e-06,2,0.0,0,0,0,0,0.012958790017766002,2,0.0
5401,0.0,0,7.613333993155613e-06,2,0,0,0,77.13333993155614,2,0.0
5402,1.142515476324223e-05,3,3.8066669965778065e-06,1,0,0,0,0.3389687233561098,4,0.0
5403,3.8083849210807435e-06,1,3.8066669965778065e-06,1,0,0,0,0.9995604515579641,2,0.0
5404,9.520962302701859e-06,2,3.8066669965778065e-06,1,0,0,0,0.4060578218335493,2,0.0
5405,0.0,0,9.516667491444516e-06,2,0,0,0,96.16667491444517,2,0.0
5406,5.712577381621115e-06,1,3.8066669965778065e-06,1,0,0,0,0.672105804376964,2,0.0
5407,1.142515476324223e-05,2,7.613333993155613e-06,2,0,0,0,0.6692607736389057,3,0.0
5408,3.8083849210807435e-06,1,3.8066669965778065e-06,1,0,0,0,0.9995604515579641,2,0.0
5409,0.0,0,7.613333993155613e-06,2,0,0,0,77.13333993155614,2,0.0
5410,0.0,0,9.516667491444516e-06,2,0,0,0,96.16667491444517,2,0.0
5411,3.8083849210807435e-06,1,3.8066669965778065e-06,1,0,0,0,0.9995604515579641,2,0.0
5412,3.8083849210807435e-06,1,3.8066669965778065e-06,1,0,0,0,0.9995604515579641,2,0.0
5413,5.712577381621115e-06,1,3.8066669965778065e-06,1,0,0,0,0.672105804376964,2,0.0
5414,1.9041924605403718e-05,5,2.284000197946684e-05,6,0,0,0,1.1984166928016702,11,0.0
5415,2.475450198702483e-05,5,1.3323334488022323e-05,3,0,0,0,0.5400765823040795,7,0.0
5416,3.8083849210807435e-06,1,3.8066669965778065e-06,1,0,0,0,0.9995604515579641,2,0.0
5417,3.8083849210807435e-06,1,3.8066669965778065e-06,1,0,0,0,0.9995604515579641,2,0.0
5418,7.616769842161487e-06,1,3.8066669965778065e-06,1,0,0,0,0.5062567727798837,2,0.0
5419,3.8083849210807435e-06,1,3.8066669965778065e-06,1,0,0,0,0.9995604515579641,2,0.0
5420,1.3329347223782601e-05,3,3.8066669965778065e-06,1,0,0,0,0.29090520421270544,4,0.0
5421,1.3329347223782601e-05,3,5.710000494866709e-06,1,0,0,0,0.4326346171597628,4,0.0
5422,9.520962302701859e-06,2,0.0,0,0,0,0,0.01039397067088777,2,0.0
5423,1.142515476324223e-05,3,3.8066669965778065e-06,1,0,0,0,0.3389687233561098,4,0.0
5424,2.094611706594409e-05,4,9.707000841273407e-05,6,0,0,0,4.6170040824286,9,0.0
5425,9.520962302701859e-06,2,3.8066669965778065e-06,1,0,0,0,0.4060578218335493,3,0.0
5426,3.8083849210807435e-06,1,1.5226667986311226e-05,4,0,0,0,3.9214837575601704,5,0.0
5427,3.8083849210807435e-06,1,1.142000098973342e-05,3,0,0,0,2.9475093222261024,4,0.0
5428,9.520962302701859e-06,2,0.0,0,0,0,0,0.01039397067088777,2,0.0
5429,9.520962302701859e-06,2,7.613333993155613e-06,1,0,0,0,0.801721672996211,3,0.0
5430,7.616769842161487e-06,2,0.0,0,0,0,0,0.012958790017766002,2,0.0
5431,9.520962302701859e-06,2,1.713000148460013e-05,1,0,0,0,1.7908813009028648,2,0.0
5432,7.616769842161487e-06,2,1.5226667986311226e-05,3,0,0,0,1.9861507210662366,5,0.0
5433,1.142515476324223e-05,1,1.142000098973342e-05,2,0,0,0,0.9995528239217015,3,0.0
5434,2.094611706594409e-05,4,2.2840001979466837e-05,5,0,0,0,1.0899873790299945,9,0.0
5435,3.8083849210807435e-06,1,3.8066669965778065e-06,1,0,0,0,0.9995604515579641,2,0.0
5436,3.8083849210807435e-06,1,5.710000494866709e-06,1,0,0,0,1.4865476692249984,2,0.0
5437,3.8083849210807435e-06,1,9.516667491444516e-06,1,0,0,0,2.4605221045590673,2,0.0
5438,3.8083849210807435e-06,1,7.613333993155613e-06,2,0,0,0,1.9735348868920333,2,0.0
5439,7.616769842161487e-06,2,0.0,0,0,0,0,0.012958790017766002,2,0.0
5440,7.616769842161487e-06,2,0.0,0,0,0,0,0.012958790017766002,2,0.0
5441,1.142515476324223e-05,2,9.516667491444516e-06,2,0,0,0,0.8344067987803035,4,0.0
5442,3.8083849210807435e-06,1,5.710000494866709e-06,1,0,0,0,1.4865476692249984,2,0.0
5443,0.0,0,9.516667491444516e-06,2,0,0,0,96.16667491444517,2,0.0
5444,7.616769842161487e-06,1,3.8066669965778065e-06,1,0,0,0,0.5062567727798837,2,0.0
5445,0.0,0,7.613333993155613e-06,2,0,0,0,77.13333993155614,2,0.0
5446,7.616769842161487e-06,2,0.0,0,0,0,0,0.012958790017766002,2,0.0
5447,7.616769842161487e-06,1,3.8066669965778065e-06,1,0,0,0,0.5062567727798837,2,0.0
5448,7.616769842161487e-06,2,0.0,0,0,0,0,0.012958790017766002,2,0.0
5449,3.8083849210807435e-06,1,3.8066669965778065e-06,1,0,0,0,0.9995604515579641,2,0.0
5450,7.616769842161487e-06,2,0.0,0,0,0,0,0.012958790017766002,2,0.0
5451,3.8083849210807435e-06,1,3.8066669965778065e-06,1,0,0,0,0.9995604515579641,2,0.0
5452,7.616769842161487e-06,2,0.0,0,0,0,0,0.012958790017766002,2,0.0
5453,3.8083849210807435e-06,1,3.8066669965778065e-06,1,0,0,0,0.9995604515579641,2,0.0
5454,1.142515476324223e-05,1,1.5226667986311226e-05,3,0,0,0,1.329844874204497,4,0.0
5455,0.0,0,1.142000098973342e-05,2,0,0,0,115.20000989733421,2,0.0
5456,3.8083849210807435e-06,1,3.8066669965778065e-06,1,0,0,0,0.9995604515579641,2,0.0
5457,7.616769842161487e-06,2,3.8066669965778065e-06,1,0,0,0,0.5062567727798837,2,0.0
5458,3.8083849210807435e-06,1,5.710000494866709e-06,1,0,0,0,1.4865476692249984,2,0.0
5459,3.8083849210807435e-06,1,3.8066669965778065e-06,1,1,0,1,0.9995604515579641,2,0.5
5460,3.8083849210807435e-06,1,3.8066669965778065e-06,1,0,0,0,0.9995604515579641,2,0.0
5461,3.8083849210807435e-06,1,9.516667491444516e-06,2,0,0,0,2.4605221045590673,3,0.0
5462,1.142515476324223e-05,2,0.0,0,0,0,0,0.00867667307331396,2,0.0
5463,3.8083849210807435e-06,1,3.8066669965778065e-06,1,0,0,0,0.9995604515579641,2,0.0
5464,7.616769842161487e-06,2,0.0,0,0,0,0,0.012958790017766002,2,0.0
5465,1.5233539684322974e-05,3,1.3323334488022323e-05,2,0,0,0,0.8754230767567879,5,0.0
5466,0.0,0,2.0936668481177935e-05,3,0,0,0,210.36668481177935,3,0.0
5467,5.712577381621115e-06,1,1.1420000989733419e-05,1,0,0,0,1.9819092690548434,2,0.0
5468,1.142515476324223e-05,2,0.0,0,0,0,0,0.00867667307331396,2,0.0
5469,0.0,0,2.8550002474333546e-05,3,0,0,0,286.5000247433355,3,0.0
5470,3.8083849210807435e-06,1,1.1420000989733419e-05,1,0,0,0,2.947509322226102,2,0.0
5471,2.285030952648446e-05,4,0.0,0,1,1,0,0.0043572397088850095,4,0.0
5472,3.8083849210807435e-06,1,3.426000296920026e-05,4,0,0,0,8.791355934230515,4,0.0
5473,7.235931350053413e-05,16,9.326334141615626e-05,20,0,0,0,1.2884933199852637,35,0.0
5474,1.142515476324223e-05,2,0.0,0,0,0,0,0.00867667307331396,2,0.0
5475,3.8083849210807435e-06,1,3.8066669965778065e-06,1,0,0,0,0.9995604515579641,2,0.0
5476,0.0,0,1.5226667986311226e-05,2,0,0,0,153.26667986311224,2,0.0
5477,3.8083849210807435e-06,1,3.8066669965778065e-06,1,0,0,0,0.9995604515579641,2,0.0
5478,0.0,0,1.5226667986311226e-05,2,0,0,0,153.26667986311224,2,0.0
5479,7.616769842161487e-06,2,0.0,0,0,0,0,0.012958790017766002,2,0.0
5480,7.616769842161487e-06,1,3.8066669965778065e-06,1,0,0,0,0.5062567727798837,2,0.0
5481,9.520962302701859e-06,2,0.0,0,0,0,0,0.01039397067088777,2,0.0
5482,3.8083849210807435e-06,1,3.8066669965778065e-06,1,0,0,0,0.9995604515579641,2,0.0
5483,3.8083849210807435e-06,1,1.1420000989733419e-05,1,0,0,0,2.947509322226102,2,0.0
5484,5.712577381621115e-06,1,3.8066669965778065e-06,1,0,0,0,0.672105804376964,2,0.0
5485,0.0,0,2.0936668481177935e-05,3,0,0,0,210.36668481177935,3,0.0
5486,7.616769842161487e-06,2,5.710000494866709e-06,1,0,0,0,0.7529057641609425,3,0.0
5487,5.712577381621115e-06,1,9.516667491444516e-06,2,0,0,0,1.6544584028853737,3,0.0
5488,3.8083849210807435e-06,1,3.8066669965778065e-06,1,0,0,0,0.9995604515579641,2,0.0
5489,9.520962302701859e-06,2,5.710000494866709e-06,1,0,0,0,0.6038897474148801,2,0.0
5490,3.8083849210807435e-06,1,3.8066669965778065e-06,1,0,0,0,0.9995604515579641,2,0.0
5491,1.142515476324223e-05,2,5.710000494866709e-06,1,0,0,0,0.5041147484975076,3,0.0
5492,1.3329347223782601e-05,3,0.0,0,0,0,0,0.007446378318590627,3,0.0
5493,7.616769842161487e-06,1,2.0936668481177935e-05,2,0,0,0,2.726097695209413,2,0.0
5494,1.142515476324223e-05,2,0.0,0,0,0,0,0.00867667307331396,2,0.0
5495,0.0,0,1.713000148460013e-05,2,0,0,0,172.3000148460013,2,0.0
5496,1.7137732144863347e-05,2,1.5226667986311226e-05,3,0,0,0,0.8891348268732905,4,0.0
5497,0.0,0,1.5226667986311226e-05,2,0,0,0,153.26667986311224,2,0.0
5498,7.616769842161487e-06,2,0.0,0,0,0,0,0.012958790017766002,2,0.0
5499,5.712577381621115e-06,1,7.613333993155613e-06,2,0,0,0,1.3270075367159038,3,0.0
5500,0.0,0,2.0936668481177935e-05,3,0,0,0,210.36668481177935,3,0.0
5501,3.8083849210807435e-06,1,7.613333993155613e-06,1,0,0,0,1.9735348868920333,2,0.0
5502,1.142515476324223e-05,2,1.1420000989733419e-05,1,2,2,0,0.9995528239217014,3,0.0
5503,0.0,0,1.9033334982889032e-05,2,0,0,0,191.3333498288903,2,0.0
5504,5.712577381621115e-06,1,1.713000148460013e-05,2,0,0,0,2.964261867563253,3,0.0
5505,3.6179656750267065e-05,5,3.8066669965778064e-05,4,1,1,1,1.0520129842600319,8,0.125
5506,0.0,0,2.0936668481177935e-05,2,0,0,0,210.36668481177935,2,0.0
5507,0.0,0,7.613333993155613e-06,2,0,0,0,77.13333993155614,2,0.0
5508,3.8083849210807435e-06,1,2.474333547775574e-05,3,0,0,0,6.356419845895342,3,0.0
5509,0.0,0,1.142000098973342e-05,2,0,0,0,115.20000989733421,2,0.0
5510,1.142515476324223e-05,3,2.0936668481177935e-05,3,0,0,0,1.8252829496286906,5,0.0
5511,3.8083849210807435e-06,1,1.1420000989733419e-05,1,0,0,0,2.947509322226102,2,0.0
5512,1.3329347223782603e-05,3,1.142000098973342e-05,3,0,0,0,0.857822856000935,5,0.0
5513,3.8083849210807435e-06,1,1.1420000989733419e-05,1,0,0,0,2.947509322226102,2,0.0
5514,3.8083849210807435e-06,1,1.3323334488022323e-05,3,0,0,0,3.4344965398931366,4,0.0
5515,3.8083849210807435e-06,1,2.6646668976044643e-05,3,0,0,0,6.843407063562376,4,0.0
5516,3.8083849210807435e-06,1,1.1420000989733419e-05,1,0,0,0,2.947509322226102,2,0.0
5517,1.9041924605403718e-05,3,2.0936668481177935e-05,3,1,1,1,1.0989839796589385,4,0.25
5518,5.712577381621115e-06,1,3.8066669965778065e-06,1,0,0,0,0.672105804376964,2,0.0
5519,8.188027580323598e-05,18,7.423000643326722e-05,13,2,2,0,0.9066815853568184,28,0.0
5520,1.3329347223782601e-05,2,7.613333993155613e-06,1,0,0,0,0.5743640301068202,3,0.0
5521,3.8083849210807435e-06,1,1.5226667986311224e-05,2,0,0,0,3.9214837575601704,3,0.0
5522,0.0,0,1.5226667986311226e-05,2,0,0,0,153.26667986311224,2,0.0
5523,7.616769842161487e-06,2,1.713000148460013e-05,2,0,0,0,2.2327997124472954,4,0.0
5524,2.8562886908105577e-05,6,2.0936668481177935e-05,4,0,0,0,0.7339340433021412,8,0.0
5525,5.712577381621115e-06,1,2.2840001979466837e-05,4,0,0,0,3.946614466071662,5,0.0
5526,2.6658694447565206e-05,6,2.6646668976044647e-05,5,1,0,1,0.9995505957308896,11,0.09090909090909091
5527,1.142515476324223e-05,2,1.5226667986311226e-05,2,0,0,0,1.329844874204497,3,0.0
5528,7.616769842161487e-06,2,1.5226667986311226e-05,4,1,1,1,1.9861507210662366,5,0.2
5529,7.616769842161487e-06,2,0.0,0,0,0,0,0.012958790017766002,2,0.0
5530,0.0,0,1.9033334982889032e-05,3,0,0,0,191.3333498288903,3,0.0
5531,3.8083849210807435e-06,1,7.613333993155613e-06,2,0,0,0,1.9735348868920333,2,0.0
5532,3.8083849210807435e-06,1,1.1420000989733419e-05,1,0,0,0,2.947509322226102,2,0.0
5533,0.0,0,1.5226667986311226e-05,2,0,0,0,153.26667986311224,2,0.0
5534,3.8083849210807435e-06,1,2.0936668481177935e-05,4,0,0,0,5.382445410561274,4,0.0
5535,3.8083849210807435e-06,1,1.5226667986311224e-05,2,0,0,0,3.9214837575601704,3,0.0
5536,1.5233539684322974e-05,2,3.8066669965778065e-06,1,0,0,0,0.2547792014763549,2,0.0
5537,1.7137732144863343e-05,2,0.0,0,0,0,0,0.005801227166057277,2,0.0
5538,0.0,0,2.0936668481177935e-05,2,0,0,0,210.36668481177935,2,0.0
5539,1.142515476324223e-05,2,0.0,0,0,0,0,0.00867667307331396,2,0.0
5540,7.616769842161487e-06,1,3.235666947091135e-05,2,0,0,0,4.205991643495766,2,0.0
5541,1.142515476324223e-05,2,0.0,0,0,0,0,0.00867667307331396,2,0.0
5542,7.616769842161487e-06,2,0.0,0,0,0,0,0.012958790017766002,2,0.0
5543,1.5233539684322974e-05,3,1.142000098973342e-05,1,0,0,0,0.7512943017007013,3,0.0
5544,1.7137732144863347e-05,3,0.0,0,0,0,0,0.0058012271660572755,3,0.0
5545,3.8083849210807435e-06,1,5.710000494866709e-06,1,0,0,0,1.4865476692249984,2,0.0
5546,1.5233539684322974e-05,2,1.9033334982889032e-05,3,0,0,0,1.2478094019250474,5,0.0
5547,3.8083849210807435e-06,1,3.8066669965778065e-06,1,0,0,0,0.9995604515579641,2,0.0
5548,0.0,0,1.9033334982889032e-05,3,2,0,2,191.3333498288903,3,0.6666666666666666
5549,7.616769842161487e-06,2,0.0,0,0,0,0,0.012958790017766002,2,0.0
5550,7.616769842161487e-06,2,0.0,0,0,0,0,0.012958790017766002,2,0.0
5551,7.616769842161487e-06,2,0.0,0,1,1,0,0.012958790017766002,2,0.0
5552,3.8083849210807435e-06,1,3.8066669965778065e-06,1,0,0,0,0.9995604515579641,2,0.0
5553,0.0,0,7.613333993155613e-06,2,0,0,0,77.13333993155614,2,0.0
5554,0.0,0,1.5226667986311226e-05,2,0,0,0,153.26667986311224,2,0.0
5555,7.616769842161487e-06,2,0.0,0,0,0,0,0.012958790017766002,2,0.0
5556,9.520962302701859e-06,2,3.8066669965778065e-06,1,0,0,0,0.4060578218335493,3,0.0
5557,0.0,0,1.5226667986311226e-05,2,0,0,0,153.26667986311224,2,0.0
5558,0.0,0,1.713000148460013e-05,2,0,0,0,172.3000148460013,2,0.0
5559,2.094611706594409e-05,4,1.9033334982889032e-05,2,0,0,0,0.909114727573656,6,0.0
5560,7.616769842161487e-06,2,0.0,0,0,0,0,0.012958790017766002,2,0.0
5561,0.0,0,1.5226667986311226e-05,2,0,0,0,153.26667986311224,2,0.0
5562,9.520962302701859e-06,2,0.0,0,0,0,0,0.01039397067088777,2,0.0
5563,1.9041924605403718e-05,4,3.8066669965778065e-06,1,0,0,0,0.20408956137435438,4,0.0
5564,7.616769842161487e-06,1,1.9033334982889032e-05,2,0,0,0,2.479448703828354,2,0.0
5565,1.142515476324223e-05,2,1.142000098973342e-05,2,0,0,0,0.9995528239217015,4,0.0
5566,7.616769842161487e-06,2,3.8066669965778065e-06,1,0,0,0,0.5062567727798837,3,0.0
5567,9.520962302701859e-06,2,0.0,0,0,0,0,0.01039397067088777,2,0.0
5568,1.142515476324223e-05,2,0.0,0,0,0,0,0.00867667307331396,2,0.0
5569,0.0,0,7.613333993155613e-06,2,0,0,0,77.13333993155614,2,0.0
5570,7.616769842161487e-06,2,0.0,0,0,0,0,0.012958790017766002,2,0.0
5571,1.3329347223782601e-05,2,2.2840001979466837e-05,1,0,0,0,1.7081993336832793,2,0.0
5572,1.142515476324223e-05,2,0.0,0,0,0,0,0.00867667307331396,2,0.0
5573,9.520962302701859e-06,2,0.0,0,0,0,0,0.01039397067088777,2,0.0
5574,7.616769842161487e-06,1,3.8066669965778065e-06,1,0,0,0,0.5062567727798837,2,0.0
5575,1.9041924605403718e-05,2,5.710000494866709e-06,1,0,0,0,0.30352227451708597,2,0.0
5576,7.616769842161487e-06,1,7.613333993155613e-06,2,0,0,0,0.9995547555420015,3,0.0
5577,1.5233539684322974e-05,3,3.8066669965778065e-06,1,0,0,0,0.2547792014763549,3,0.0
5578,0.0,0,1.142000098973342e-05,2,0,0,0,115.20000989733421,2,0.0
5579,9.520962302701859e-06,2,0.0,0,0,0,0,0.01039397067088777,2,0.0
5580,5.712577381621115e-06,1,1.5226667986311226e-05,2,0,0,0,2.636811001393783,3,0.0
5581,1.142515476324223e-05,2,0.0,0,0,0,0,0.00867667307331396,2,0.0
5582,3.4275464289726694e-05,7,1.142000098973342e-05,2,0,0,0,0.3351227751468142,8,0.0
5583,7.616769842161487e-06,1,3.8066669965778065e-06,1,0,0,0,0.5062567727798837,2,0.0
5584,1.5233539684322974e-05,3,3.8066669965778065e-06,1,0,0,0,0.2547792014763549,4,0.0
5585,1.7137732144863347e-05,3,0.0,0,0,0,0,0.0058012271660572755,3,0.0
5586,9.520962302701859e-06,2,3.8066669965778065e-06,1,0,0,0,0.4060578218335493,2,0.0
5587,1.142515476324223e-05,2,3.8066669965778065e-06,1,0,0,0,0.3389687233561098,2,0.0
5588,7.616769842161487e-06,2,3.8066669965778065e-06,1,0,0,0,0.5062567727798837,3,0.0
5589,5.712577381621115e-06,1,3.8066669965778065e-06,1,0,0,0,0.672105804376964,2,0.0
5590,1.3329347223782601e-05,2,3.8066669965778065e-06,1,0,0,0,0.29090520421270544,3,0.0
5591,1.142515476324223e-05,2,3.8066669965778065e-06,1,0,0,0,0.3389687233561098,3,0.0
5592,0.0,0,1.3323334488022323e-05,2,0,0,0,134.23334488022326,2,0.0
5593,7.616769842161487e-06,1,1.5226667986311226e-05,2,0,0,0,1.9861507210662366,3,0.0
5594,1.5233539684322974e-05,2,0.0,0,0,0,0,0.006521651364181754,2,0.0
5595,1.142515476324223e-05,2,7.613333993155613e-06,2,1,1,0,0.6692607736389057,4,0.0
5596,1.142515476324223e-05,2,0.0,0,0,0,0,0.00867667307331396,2,0.0
5597,0.0,0,7.613333993155613e-06,2,0,0,0,77.13333993155614,2,0.0
5598,9.520962302701859e-06,2,0.0,0,0,0,0,0.01039397067088777,2,0.0
5599,1.9041924605403718e-05,3,0.0,0,0,0,0,0.005224135088891232,3,0.0
5600,1.142515476324223e-05,2,3.8066669965778065e-06,1,0,0,0,0.3389687233561098,2,0.0
5601,9.520962302701859e-06,2,0.0,0,0,0,0,0.01039397067088777,2,0.0
5602,5.712577381621115e-06,1,9.516667491444516e-06,2,0,0,0,1.6544584028853737,2,0.0
5603,1.5233539684322974e-05,4,1.5226667986311226e-05,4,0,0,0,0.9995518518128743,8,0.0
5604,0.0,0,1.9033334982889032e-05,2,0,0,0,191.3333498288903,2,0.0
5605,3.8083849210807435e-06,1,3.8066669965778065e-06,1,0,0,0,0.9995604515579641,2,0.0
5606,0.0,0,1.3323334488022323e-05,2,0,0,0,134.23334488022326,2,0.0
5607,3.8083849210807435e-06,1,3.8066669965778065e-06,1,0,0,0,0.9995604515579641,2,0.0
5608,9.520962302701859e-06,2,0.0,0,0,0,0,0.01039397067088777,2,0.0
5609,0.0,0,1.3323334488022323e-05,2,0,0,0,134.23334488022326,2,0.0
5610,0.0,0,1.142000098973342e-05,3,0,0,0,115.20000989733421,3,0.0
5611,5.712577381621115e-06,1,3.8066669965778065e-06,1,0,0,0,0.672105804376964,2,0.0
5612,3.8083849210807435e-06,1,1.9033334982889032e-05,3,0,0,0,4.895458192894239,3,0.0
5613,3.8083849210807435e-06,1,9.516667491444516e-06,1,0,0,0,2.4605221045590673,2,0.0
5614,7.616769842161487e-06,1,5.710000494866709e-06,1,0,0,0,0.7529057641609425,2,0.0
5615,0.0,0,1.3323334488022323e-05,2,0,0,0,134.23334488022326,2,0.0
5616,3.8083849210807435e-06,1,1.5226667986311226e-05,2,0,0,0,3.9214837575601704,2,0.0
5617,1.142515476324223e-05,2,0.0,0,0,0,0,0.00867667307331396,2,0.0
5618,1.142515476324223e-05,2,0.0,0,0,0,0,0.00867667307331396,2,0.0
5619,9.520962302701859e-06,2,1.3323334488022323e-05,2,0,0,0,1.3952174497402035,4,0.0
5620,0.0,0,1.3323334488022323e-05,2,0,0,0,134.23334488022326,2,0.0
5621,0.0,0,7.613333993155613e-06,2,0,0,0,77.13333993155614,2,0.0
5622,5.712577381621115e-06,1,7.613333993155613e-06,2,0,0,0,1.3270075367159038,2,0.0
5623,7.616769842161487e-06,1,1.5226667986311226e-05,2,0,0,0,1.9861507210662366,2,0.0
5624,3.8083849210807435e-06,1,3.8066669965778065e-06,1,0,0,0,0.9995604515579641,2,0.0
5625,7.616769842161487e-06,1,3.8066669965778065e-06,1,0,0,0,0.5062567727798837,2,0.0
5626,3.8083849210807435e-06,1,3.8066669965778065e-06,1,0,0,0,0.9995604515579641,2,0.0
5627,3.8083849210807435e-06,1,9.516667491444516e-06,1,0,0,0,2.4605221045590673,2,0.0
5628,3.8083849210807435e-06,1,5.710000494866709e-06,1,0,0,0,1.4865476692249984,2,0.0
5629,7.616769842161487e-06,1,7.613333993155613e-06,2,0,0,0,0.9995547555420015,3,0.0
5630,0.0,0,1.3323334488022323e-05,2,0,0,0,134.23334488022326,2,0.0
5631,1.5233539684322974e-05,3,3.8066669965778065e-06,1,0,0,0,0.2547792014763549,3,0.0
5632,1.5233539684322974e-05,3,2.6646668976044647e-05,6,0,0,0,1.7443245021493938,8,0.0
5633,5.712577381621115e-06,1,3.8066669965778065e-06,1,0,0,0,0.672105804376964,2,0.0
5634,5.712577381621115e-06,1,3.8066669965778065e-06,1,0,0,0,0.672105804376964,2,0.0
5635,5.712577381621115e-06,1,7.613333993155613e-06,2,0,0,0,1.3270075367159038,2,0.0
5636,1.142515476324223e-05,2,9.516667491444516e-06,2,0,0,0,0.8344067987803035,2,0.0
5637,1.142515476324223e-05,2,9.516667491444516e-06,1,0,0,0,0.8344067987803035,2,0.0
5638,7.616769842161487e-06,2,0.0,0,0,0,0,0.012958790017766002,2,0.0
5639,3.8083849210807435e-06,1,9.516667491444516e-06,1,0,0,0,2.4605221045590673,2,0.0
5640,0.0,0,1.3323334488022323e-05,2,0,0,0,134.23334488022326,2,0.0
5641,3.8083849210807435e-06,1,3.8066669965778065e-06,1,0,0,0,0.9995604515579641,2,0.0
5642,3.8083849210807435e-06,1,1.9033334982889032e-05,2,0,0,0,4.895458192894239,3,0.0
5643,3.8083849210807435e-06,1,3.8066669965778065e-06,1,0,0,0,0.9995604515579641,2,0.0
5644,0.0,0,1.3323334488022323e-05,2,0,0,0,134.23334488022326,2,0.0
5645,3.8083849210807435e-06,1,3.8066669965778065e-06,1,0,0,0,0.9995604515579641,2,0.0
5646,3.8083849210807435e-06,1,3.8066669965778065e-06,1,0,0,0,0.9995604515579641,2,0.0
5647,3.8083849210807435e-06,1,7.613333993155613e-06,2,0,0,0,1.9735348868920333,3,0.0
5648,7.616769842161487e-06,1,3.8066669965778065e-06,1,0,0,0,0.5062567727798837,2,0.0
5649,7.616769842161487e-06,2,0.0,0,0,0,0,0.012958790017766002,2,0.0
5650,3.8083849210807435e-06,1,3.8066669965778065e-06,1,0,0,0,0.9995604515579641,2,0.0
5651,9.520962302701859e-06,2,0.0,0,0,0,0,0.01039397067088777,2,0.0
5652,0.0,0,7.613333993155613e-06,2,0,0,0,77.13333993155614,2,0.0
5653,0.0,0,1.9033334982889032e-05,3,0,0,0,191.3333498288903,3,0.0
5654,0.0,0,7.613333993155613e-06,2,0,0,0,77.13333993155614,2,0.0
5655,9.520962302701859e-06,2,3.8066669965778065e-06,1,0,0,0,0.4060578218335493,3,0.0
5656,1.9041924605403718e-05,3,2.2840001979466837e-05,3,0,0,0,1.1984166928016702,4,0.0
5657,0.0,0,1.3323334488022323e-05,2,0,0,0,134.23334488022326,2,0.0
5658,0.0,0,1.3323334488022323e-05,2,0,0,0,134.23334488022326,2,0.0
5659,3.8083849210807435e-06,1,3.8066669965778065e-06,1,0,0,0,0.9995604515579641,2,0.0
5660,1.142515476324223e-05,2,0.0,0,0,0,0,0.00867667307331396,2,0.0
5661,0.0,0,1.3323334488022323e-05,2,0,0,0,134.23334488022326,2,0.0
5662,1.3329347223782601e-05,2,0.0,0,0,0,0,0.007446378318590627,2,0.0
5663,1.142515476324223e-05,2,3.8066669965778065e-06,1,0,0,0,0.3389687233561098,2,0.0
5664,1.3329347223782601e-05,2,0.0,0,0,0,0,0.007446378318590627,2,0.0
5665,0.0,0,7.613333993155613e-06,2,0,0,0,77.13333993155614,2,0.0
5666,3.8083849210807435e-06,1,3.8066669965778065e-06,1,0,0,0,0.9995604515579641,2,0.0
5667,0.0,0,1.5226667986311226e-05,2,0,0,0,153.26667986311224,2,0.0
5668,3.8083849210807435e-06,1,3.8066669965778065e-06,1,0,0,0,0.9995604515579641,2,0.0
5669,3.8083849210807435e-06,1,3.8066669965778065e-06,1,0,0,0,0.9995604515579641,2,0.0
5670,7.616769842161487e-06,1,3.8066669965778065e-06,1,0,0,0,0.5062567727798837,2,0.0
5671,7.616769842161487e-06,1,5.710000494866709e-06,1,0,0,0,0.7529057641609425,2,0.0
5672,1.9041924605403718e-05,3,9.516667491444516e-06,2,0,0,0,0.5023877008025491,4,0.0
5673,1.142515476324223e-05,2,3.8066669965778065e-06,1,0,0,0,0.3389687233561098,3,0.0
5674,7.616769842161487e-06,1,5.710000494866709e-06,1,0,0,0,0.7529057641609425,2,0.0
5675,1.3329347223782601e-05,2,3.8066669965778065e-06,1,0,0,0,0.29090520421270544,3,0.0
5676,0.0,0,7.613333993155613e-06,2,0,0,0,77.13333993155614,2,0.0
5677,7.616769842161487e-06,2,4.187333696235587e-05,6,0,0,0,5.439236600401061,6,0.0
5678,1.3329347223782601e-05,2,5.710000494866709e-06,1,0,0,0,0.4326346171597628,2,0.0
5679,1.142515476324223e-05,2,0.0,0,0,0,0,0.00867667307331396,2,0.0
5680,7.616769842161487e-06,1,3.8066669965778065e-06,1,0,0,0,0.5062567727798837,2,0.0
5681,1.3329347223782601e-05,2,1.3323334488022323e-05,2,0,0,0,0.9995522689479925,2,0.0
5682,3.8083849210807435e-06,1,9.516667491444516e-06,2,0,0,0,2.4605221045590673,3,0.0
5683,7.616769842161487e-06,1,5.710000494866709e-06,1,0,0,0,0.7529057641609425,2,0.0
5684,7.616769842161487e-06,1,3.8066669965778065e-06,1,0,0,0,0.5062567727798837,2,0.0
5685,7.616769842161487e-06,1,9.516667491444516e-06,2,0,0,0,1.2462037469230602,2,0.0
5686,7.616769842161487e-06,1,3.8066669965778065e-06,1,0,0,0,0.5062567727798837,2,0.0
5687,9.520962302701859e-06,2,0.0,0,0,0,0,0.01039397067088777,2,0.0
5688,7.616769842161487e-06,2,0.0,0,0,0,0,0.012958790017766002,2,0.0
5689,0.0,0,9.516667491444516e-06,2,0,0,0,96.16667491444517,2,0.0
5690,7.616769842161487e-06,1,7.613333993155613e-06,1,0,0,0,0.9995547555420015,2,0.0
5691,5.712577381621115e-06,1,9.516667491444516e-06,1,0,0,0,1.6544584028853737,2,0.0
5692,0.0,0,7.613333993155613e-06,2,0,0,0,77.13333993155614,2,0.0
5693,3.8083849210807435e-06,1,3.8066669965778065e-06,1,0,0,0,0.9995604515579641,2,0.0
5694,1.142515476324223e-05,2,0.0,0,0,0,0,0.00867667307331396,2,0.0
5695,3.8083849210807435e-06,1,7.613333993155613e-06,2,0,0,0,1.9735348868920333,3,0.0
5696,5.712577381621115e-06,1,1.142000098973342e-05,2,0,0,0,1.9819092690548437,3,0.0
5697,1.142515476324223e-05,2,1.3323334488022323e-05,2,0,0,0,1.1646988490630994,3,0.0
5698,7.616769842161487e-06,2,3.8066669965778065e-06,1,0,0,0,0.5062567727798837,3,0.0
5699,1.142515476324223e-05,2,0.0,0,0,0,0,0.00867667307331396,2,0.0
5700,1.3329347223782601e-05,2,0.0,0,0,0,0,0.007446378318590627,2,0.0
5701,3.8083849210807435e-06,1,5.710000494866709e-06,1,0,0,0,1.4865476692249984,2,0.0
5702,1.142515476324223e-05,2,1.713000148460013e-05,1,0,0,0,1.494990899345895,2,0.0
5703,5.712577381621115e-06,1,9.516667491444516e-06,1,0,0,0,1.6544584028853737,2,0.0
5704,3.8083849210807435e-06,1,3.8066669965778065e-06,1,0,0,0,0.9995604515579641,2,0.0
5705,3.8083849210807435e-06,1,3.8066669965778065e-06,1,0,0,0,0.9995604515579641,2,0.0
5706,0.0,0,7.613333993155613e-06,2,0,0,0,77.13333993155614,2,0.0
5707,4.760481151350929e-05,10,2.6646668976044643e-05,5,0,0,0,0.5606702579355205,14,0.0
5708,0.0,0,7.613333993155613e-06,2,0,0,0,77.13333993155614,2,0.0
5709,3.2371271829186316e-05,7,3.6163336467489164e-05,6,1,1,0,1.116782140787427,12,0.0
5710,5.712577381621115e-06,1,9.516667491444516e-06,1,0,0,0,1.6544584028853737,2,0.0
5711,7.616769842161487e-06,2,3.8066669965778065e-06,1,0,0,0,0.5062567727798837,3,0.0
5712,7.616769842161487e-06,1,3.8066669965778065e-06,1,0,0,0,0.5062567727798837,2,0.0
5713,5.712577381621115e-06,1,3.8066669965778065e-06,1,0,0,0,0.672105804376964,2,0.0
5714,5.712577381621115e-06,1,9.516667491444516e-06,1,0,0,0,1.6544584028853737,2,0.0
5715,7.616769842161487e-06,1,1.142000098973342e-05,3,0,0,0,1.4928527383041192,4,0.0
5716,1.142515476324223e-05,2,5.710000494866709e-06,1,0,0,0,0.5041147484975076,2,0.0
5717,7.616769842161487e-06,2,0.0,0,0,0,0,0.012958790017766002,2,0.0
5718,5.712577381621115e-06,1,7.613333993155613e-06,1,0,0,0,1.3270075367159038,2,0.0
5719,1.142515476324223e-05,2,0.0,0,0,0,0,0.00867667307331396,2,0.0
5720,1.142515476324223e-05,2,5.710000494866709e-06,1,0,0,0,0.5041147484975076,3,0.0
5721,3.8083849210807435e-06,1,7.613333993155613e-06,1,0,0,0,1.9735348868920333,2,0.0
5722,3.8083849210807435e-06,1,5.710000494866709e-06,1,0,0,0,1.4865476692249984,2,0.0
5723,1.7137732144863347e-05,3,3.8066669965778065e-06,1,0,0,0,0.22663462709286558,3,0.0
5724,0.0,0,9.516667491444516e-06,2,0,0,0,96.16667491444517,2,0.0
5725,1.3329347223782601e-05,2,1.1420000989733419e-05,2,0,0,0,0.857822856000935,3,0.0
5726,7.616769842161487e-06,2,9.516667491444516e-06,2,0,0,0,1.2462037469230602,4,0.0
5727,1.3329347223782601e-05,2,3.8066669965778065e-06,1,0,0,0,0.29090520421270544,2,0.0
5728,1.142515476324223e-05,2,0.0,0,0,0,0,0.00867667307331396,2,0.0
5729,7.616769842161487e-06,1,3.8066669965778065e-06,1,0,0,0,0.5062567727798837,2,0.0
5730,1.142515476324223e-05,2,0.0,0,0,0,0,0.00867667307331396,2,0.0
5731,7.616769842161487e-06,1,7.613333993155613e-06,2,0,0,0,0.9995547555420015,2,0.0
5732,5.712577381621115e-06,1,9.516667491444516e-06,1,0,0,0,1.6544584028853737,2,0.0
5733,0.0,0,9.516667491444516e-06,2,0,0,0,96.16667491444517,2,0.0
5734,0.0,0,1.5226667986311226e-05,2,0,0,0,153.26667986311224,2,0.0
5735,1.142515476324223e-05,2,0.0,0,0,0,0,0.00867667307331396,2,0.0
5736,3.8083849210807435e-06,1,1.9033334982889032e-05,4,0,0,0,4.895458192894239,5,0.0
5737,1.142515476324223e-05,2,0.0,0,0,0,0,0.00867667307331396,2,0.0
5738,3.8083849210807435e-06,1,3.8066669965778065e-06,1,0,0,0,0.9995604515579641,2,0.0
5739,3.8083849210807435e-06,1,1.713000148460013e-05,2,0,0,0,4.408470975227205,3,0.0
5740,7.616769842161487e-06,1,9.516667491444516e-06,1,0,0,0,1.2462037469230602,2,0.0
5741,1.3329347223782601e-05,2,0.0,0,0,0,0,0.007446378318590627,2,0.0
5742,9.520962302701859e-06,2,0.0,0,0,0,0,0.01039397067088777,2,0.0
5743,3.0467079368645948e-05,5,3.0453335972622452e-05,3,0,0,0,0.9995503856990148,6,0.0
5744,3.8083849210807435e-06,1,1.5226667986311226e-05,2,0,0,0,3.9214837575601704,3,0.0
5745,7.616769842161487e-06,1,3.8066669965778065e-06,1,0,0,0,0.5062567727798837,2,0.0
5746,0.0,0,1.5226667986311226e-05,2,0,0,0,153.26667986311224,2,0.0
5747,7.616769842161487e-06,1,9.516667491444516e-06,2,0,0,0,1.2462037469230602,2,0.0
5748,0.0,0,9.516667491444516e-06,2,0,0,0,96.16667491444517,2,0.0
5749,3.8083849210807435e-06,1,3.8066669965778065e-06,1,0,0,0,0.9995604515579641,2,0.0
5750,3.8083849210807435e-06,1,3.8066669965778065e-06,1,0,0,0,0.9995604515579641,2,0.0
5751,1.142515476324223e-05,2,0.0,0,0,0,0,0.00867667307331396,2,0.0
5752,1.5233539684322974e-05,3,1.3323334488022323e-05,2,0,0,0,0.8754230767567879,5,0.0
5753,1.9041924605403718e-05,4,1.5226667986311226e-05,4,0,0,0,0.8006858402307439,8,0.0
5754,3.8083849210807435e-06,1,3.8066669965778065e-06,1,0,0,0,0.9995604515579641,2,0.0
5755,1.7137732144863347e-05,4,1.142000098973342e-05,3,0,0,0,0.6683014269464823,5,0.0
5756,7.616769842161487e-06,1,3.8066669965778065e-06,1,0,0,0,0.5062567727798837,2,0.0
5757,3.8083849210807435e-06,1,3.8066669965778065e-06,1,0,0,0,0.9995604515579641,2,0.0
5758,7.616769842161487e-06,1,3.8066669965778065e-06,1,0,0,0,0.5062567727798837,2,0.0
5759,7.616769842161487e-06,1,3.8066669965778065e-06,1,0,0,0,0.5062567727798837,2,0.0
5760,3.8083849210807435e-06,1,3.8066669965778065e-06,1,0,0,0,0.9995604515579641,2,0.0
5761,0.0,0,7.613333993155613e-06,2,0,0,0,77.13333993155614,2,0.0
5762,3.8083849210807435e-06,1,3.8066669965778065e-06,1,0,0,0,0.9995604515579641,2,0.0
5763,1.142515476324223e-05,2,9.516667491444516e-06,2,0,0,0,0.8344067987803035,3,0.0
5764,7.616769842161487e-06,2,7.613333993155613e-06,2,0,0,0,0.9995547555420015,4,0.0
5765,3.8083849210807435e-06,1,9.516667491444516e-06,1,0,0,0,2.4605221045590673,2,0.0
5766,7.616769842161487e-06,2,0.0,0,0,0,0,0.012958790017766002,2,0.0
5767,3.8083849210807435e-06,1,3.8066669965778065e-06,1,0,0,0,0.9995604515579641,2,0.0
5768,1.142515476324223e-05,3,3.8066669965778065e-06,1,0,0,0,0.3389687233561098,4,0.0
5769,0.0,0,7.613333993155613e-06,2,0,0,0,77.13333993155614,2,0.0
5770,3.8083849210807435e-06,1,7.613333993155613e-06,1,0,0,0,1.9735348868920333,2,0.0
5771,0.0,0,7.613333993155613e-06,2,0,0,0,77.13333993155614,2,0.0
5772,7.616769842161487e-06,2,0.0,0,0,0,0,0.012958790017766002,2,0.0
5773,5.712577381621115e-06,1,3.8066669965778065e-06,1,0,0,0,0.672105804376964,2,0.0
5774,1.142515476324223e-05,2,0.0,0,0,0,0,0.00867667307331396,2,0.0
5775,1.142515476324223e-05,2,9.516667491444516e-06,2,0,0,0,0.8344067987803035,4,0.0
5776,2.285030952648446e-05,4,1.3323334488022323e-05,3,0,0,0,0.584886860568565,6,0.0
5777,0.0,0,1.713000148460013e-05,2,0,0,0,172.3000148460013,2,0.0
5778,1.142515476324223e-05,2,0.0,0,0,0,0,0.00867667307331396,2,0.0
5779,7.616769842161487e-06,2,0.0,0,0,0,0,0.012958790017766002,2,0.0
5780,1.142515476324223e-05,2,5.710000494866709e-06,1,0,0,0,0.5041147484975076,2,0.0
5781,1.142515476324223e-05,2,0.0,0,0,0,0,0.00867667307331396,2,0.0
5782,7.616769842161487e-06,1,5.710000494866709e-06,1,0,0,0,0.7529057641609425,2,0.0
5783,7.616769842161487e-06,1,5.710000494866709e-06,1,0,0,0,0.7529057641609425,2,0.0
5784,7.616769842161487e-06,1,3.8066669965778065e-06,1,0,0,0,0.5062567727798837,2,0.0
5785,7.616769842161487e-06,1,1.713000148460013e-05,2,0,0,0,2.2327997124472954,2,0.0
5786,1.142515476324223e-05,2,3.8066669965778065e-06,1,0,0,0,0.3389687233561098,3,0.0
5787,0.0,0,1.3323334488022323e-05,2,0,0,0,134.23334488022326,2,0.0
5788,4.570061905296892e-05,11,4.948667095551148e-05,10,0,0,0,1.082663771381866,20,0.0
5789,1.142515476324223e-05,2,0.0,0,0,0,0,0.00867667307331396,2,0.0
5790,0.0,0,9.516667491444516e-06,2,0,0,0,96.16667491444517,2,0.0
5791,1.3329347223782601e-05,2,0.0,0,0,0,0,0.007446378318590627,2,0.0
5792,0.0,0,1.3323334488022323e-05,2,0,0,0,134.23334488022326,2,0.0
5793,1.142515476324223e-05,2,0.0,0,0,0,0,0.00867667307331396,2,0.0
5794,9.520962302701859e-06,2,1.3323334488022323e-05,2,0,0,0,1.3952174497402035,3,0.0
5795,5.712577381621115e-06,1,3.8066669965778065e-06,1,1,1,0,0.672105804376964,2,0.0
5796,0.0,0,1.3323334488022323e-05,2,0,0,0,134.23334488022326,2,0.0
5797,7.616769842161487e-06,1,3.8066669965778065e-06,1,0,0,0,0.5062567727798837,2,0.0
5798,7.616769842161487e-06,2,0.0,0,0,0,0,0.012958790017766002,2,0.0
5799,1.3329347223782601e-05,3,3.235666947091135e-05,2,1,0,1,2.416846398418566,4,0.25
5800,1.142515476324223e-05,1,5.139000445380039e-05,5,0,0,0,4.467619351891058,5,0.0
5801,0.0,0,1.5226667986311226e-05,2,0,0,0,153.26667986311224,2,0.0
5802,7.616769842161487e-06,2,0.0,0,0,0,0,0.012958790017766002,2,0.0
5803,1.142515476324223e-05,2,2.284000197946684e-05,6,0,0,0,1.990428974770089,7,0.0
5804,7.616769842161487e-06,1,9.516667491444516e-06,2,0,0,0,1.2462037469230602,2,0.0
5805,1.9041924605403718e-05,4,0.0,0,0,0,0,0.005224135088891232,4,0.0
5806,1.142515476324223e-05,2,0.0,0,0,0,0,0.00867667307331396,2,0.0
5807,3.8083849210807435e-06,1,9.516667491444516e-06,1,0,0,0,2.4605221045590673,2,0.0
5808,1.142515476324223e-05,2,0.0,0,0,0,0,0.00867667307331396,2,0.0
5809,3.8083849210807435e-06,1,3.8066669965778065e-06,1,0,0,0,0.9995604515579641,2,0.0
5810,5.712577381621115e-06,1,9.516667491444516e-06,1,0,0,0,1.6544584028853737,2,0.0
5811,7.616769842161487e-06,1,1.3323334488022323e-05,2,0,0,0,1.739501729685178,2,0.0
5812,7.616769842161487e-06,2,0.0,0,0,0,0,0.012958790017766002,2,0.0
5813,7.616769842161487e-06,1,3.8066669965778065e-06,1,0,0,0,0.5062567727798837,2,0.0
5814,7.616769842161487e-06,2,5.710000494866709e-06,1,0,0,0,0.7529057641609425,3,0.0
5815,3.8083849210807435e-06,1,3.8066669965778065e-06,1,0,0,0,0.9995604515579641,2,0.0
5816,7.616769842161487e-06,2,0.0,0,0,0,0,0.012958790017766002,2,0.0
5817,3.8083849210807435e-06,1,3.8066669965778065e-06,1,0,0,0,0.9995604515579641,2,0.0
5818,0.0,0,1.713000148460013e-05,2,0,0,0,172.3000148460013,2,0.0
5819,1.142515476324223e-05,2,0.0,0,0,0,0,0.00867667307331396,2,0.0
5820,3.8083849210807435e-06,1,3.8066669965778065e-06,1,0,0,0,0.9995604515579641,2,0.0
5821,7.616769842161487e-06,2,0.0,0,0,0,0,0.012958790017766002,2,0.0
5822,1.3329347223782601e-05,3,7.613333993155613e-06,2,1,1,1,0.5743640301068202,4,0.25
5823,7.616769842161487e-06,1,5.710000494866709e-06,1,0,0,0,0.7529057641609425,2,0.0
5824,1.3329347223782601e-05,2,3.8066669965778065e-06,1,0,0,0,0.29090520421270544,3,0.0
5825,7.616769842161487e-06,1,7.613333993155613e-06,2,0,0,0,0.9995547555420015,2,0.0
5826,3.8083849210807435e-06,1,3.8066669965778065e-06,1,0,0,0,0.9995604515579641,2,0.0
5827,3.8083849210807435e-06,1,9.516667491444516e-06,1,0,0,0,2.4605221045590673,2,0.0
5828,5.712577381621115e-06,1,1.3323334488022323e-05,2,0,0,0,2.3093601352243134,3,0.0
5829,1.142515476324223e-05,2,5.710000494866709e-06,1,0,0,0,0.5041147484975076,3,0.0
5830,7.616769842161487e-06,1,3.8066669965778065e-06,1,0,0,0,0.5062567727798837,2,0.0
5831,7.616769842161487e-06,1,1.142000098973342e-05,2,0,0,0,1.4928527383041192,2,0.0
5832,0.0,0,1.3323334488022323e-05,2,0,0,0,134.23334488022326,2,0.0
5833,1.142515476324223e-05,3,2.2840001979466837e-05,4,0,0,0,1.9904289747700885,6,0.0
5834,1.5233539684322974e-05,3,0.0,0,0,0,0,0.006521651364181754,3,0.0
5835,7.616769842161487e-06,2,0.0,0,0,0,0,0.012958790017766002,2,0.0
5836,3.8083849210807435e-06,1,1.9033334982889032e-05,2,0,0,0,4.895458192894239,2,0.0
5837,1.142515476324223e-05,2,0.0,0,0,0,0,0.00867667307331396,2,0.0
5838,0.0,0,1.713000148460013e-05,3,2,0,2,172.3000148460013,3,0.6666666666666666
5839,1.142515476324223e-05,2,0.0,0,0,0,0,0.00867667307331396,2,0.0
5840,1.142515476324223e-05,3,1.713000148460013e-05,3,0,0,0,1.494990899345895,5,0.0
5841,7.616769842161487e-06,1,1.142000098973342e-05,3,0,0,0,1.4928527383041192,3,0.0
5842,3.8083849210807435e-06,1,2.474333547775574e-05,4,0,0,0,6.356419845895342,5,0.0
5843,0.0,0,1.5226667986311226e-05,2,0,0,0,153.26667986311224,2,0.0
5844,3.8083849210807435e-06,1,1.3323334488022323e-05,2,0,0,0,3.4344965398931366,3,0.0
5845,0.0,0,2.0936668481177935e-05,3,0,0,0,210.36668481177935,3,0.0
5846,7.616769842161487e-06,2,9.516667491444516e-06,2,0,0,0,1.2462037469230602,3,0.0
5847,7.616769842161487e-06,1,9.516667491444516e-06,1,0,0,0,1.2462037469230602,2,0.0
5848,3.8083849210807435e-06,1,2.2840001979466837e-05,3,0,0,0,5.869432628228307,4,0.0
5849,0.0,0,9.516667491444516e-06,2,0,0,0,96.16667491444517,2,0.0
5850,3.8083849210807435e-06,1,1.5226667986311226e-05,2,0,0,0,3.9214837575601704,3,0.0
5851,3.8083849210807435e-06,1,1.142000098973342e-05,2,0,0,0,2.9475093222261024,3,0.0
5852,7.616769842161487e-06,1,3.8066669965778065e-06,1,0,0,0,0.5062567727798837,2,0.0
5853,3.8083849210807435e-06,1,3.8066669965778065e-06,1,0,0,0,0.9995604515579641,2,0.0
5854,3.8083849210807435e-06,1,1.3323334488022323e-05,2,0,0,0,3.4344965398931366,3,0.0
5855,7.616769842161487e-06,2,7.613333993155613e-06,1,0,0,0,0.9995547555420015,3,0.0
5856,1.142515476324223e-05,2,0.0,0,0,0,0,0.00867667307331396,2,0.0
5857,1.142515476324223e-05,2,9.516667491444516e-06,1,0,0,0,0.8344067987803035,2,0.0
5858,0.0,0,1.5226667986311226e-05,2,0,0,0,153.26667986311224,2,0.0
5859,0.0,0,1.3323334488022323e-05,2,0,0,0,134.23334488022326,2,0.0
5860,3.8083849210807435e-06,1,9.516667491444516e-06,1,1,1,0,2.4605221045590673,2,0.0
5861,0.0,0,2.6646668976044647e-05,4,0,0,0,267.46668976044646,4,0.0
5862,7.616769842161487e-06,2,0.0,0,0,0,0,0.012958790017766002,2,0.0
5863,9.520962302701859e-06,2,9.516667491444516e-06,2,0,0,0,0.9995535985775418,4,0.0
5864,0.0,0,1.713000148460013e-05,3,0,0,0,172.3000148460013,3,0.0
5865,1.142515476324223e-05,2,3.8066669965778065e-06,1,0,0,0,0.3389687233561098,3,0.0
5866,0.0,0,1.3323334488022323e-05,2,0,0,0,134.23334488022326,2,0.0
5867,1.9041924605403718e-05,4,1.713000148460013e-05,2,0,0,0,0.9001185533734755,5,0.0
5868,1.7137732144863347e-05,3,0.0,0,1,1,0,0.0058012271660572755,3,0.0
5869,3.8083849210807435e-06,1,1.9033334982889032e-05,3,0,0,0,4.895458192894239,4,0.0
5870,1.142515476324223e-05,2,0.0,0,0,0,0,0.00867667307331396,2,0.0
5871,3.8083849210807435e-06,1,9.516667491444516e-06,1,0,0,0,2.4605221045590673,2,0.0
5872,7.616769842161487e-06,1,3.8066669965778065e-06,1,0,0,0,0.5062567727798837,2,0.0
5873,0.0,0,1.3323334488022323e-05,2,0,0,0,134.23334488022326,2,0.0
5874,1.142515476324223e-05,2,0.0,0,1,1,0,0.00867667307331396,2,0.0
5875,3.8083849210807435e-06,1,9.516667491444516e-06,1,0,0,0,2.4605221045590673,2,0.0
5876,2.475450198702483e-05,4,1.3323334488022323e-05,3,0,0,0,0.5400765823040795,6,0.0
5877,0.0,0,1.9033334982889032e-05,3,0,0,0,191.3333498288903,3,0.0
5878,2.094611706594409e-05,4,7.613333993155613e-06,2,0,0,0,0.36649677320463997,6,0.0
5879,1.142515476324223e-05,2,0.0,0,0,0,0,0.00867667307331396,2,0.0
5880,1.142515476324223e-05,2,0.0,0,0,0,0,0.00867667307331396,2,0.0
5881,3.8083849210807435e-06,1,3.8066669965778065e-06,1,1,1,0,0.9995604515579641,2,0.0
5882,1.142515476324223e-05,2,7.613333993155613e-06,2,0,0,0,0.6692607736389057,3,0.0
5883,9.520962302701859e-06,2,3.8066669965778065e-06,1,0,0,0,0.4060578218335493,3,0.0
5884,5.712577381621115e-06,1,7.613333993155613e-06,2,0,0,0,1.3270075367159038,2,0.0
5885,0.0,0,1.5226667986311226e-05,2,0,0,0,153.26667986311224,2,0.0
5886,1.142515476324223e-05,2,0.0,0,0,0,0,0.00867667307331396,2,0.0
5887,1.7137732144863347e-05,3,3.6163336467489164e-05,8,0,0,0,2.1037185264707365,11,0.0
5888,1.3329347223782601e-05,2,0.0,0,0,0,0,0.007446378318590627,2,0.0
5889,7.616769842161487e-06,2,1.3323334488022323e-05,2,0,0,0,1.739501729685178,3,0.0
5890,3.0467079368645948e-05,7,5.71000049486671e-05,13,0,0,0,1.8712944164151897,18,0.0
5891,1.142515476324223e-05,3,2.0936668481177935e-05,3,0,0,0,1.8252829496286906,5,0.0
5892,1.142515476324223e-05,2,3.8066669965778065e-06,1,0,0,0,0.3389687233561098,3,0.0
5893,5.712577381621115e-06,1,3.8066669965778065e-06,1,0,0,0,0.672105804376964,2,0.0
5894,0.0,0,7.613333993155613e-06,2,0,0,0,77.13333993155614,2,0.0
5895,1.5233539684322974e-05,3,1.5226667986311226e-05,3,0,0,0,0.9995518518128743,5,0.0
5896,0.0,0,9.516667491444516e-06,2,0,0,0,96.16667491444517,2,0.0
5897,1.142515476324223e-05,2,1.142000098973342e-05,3,0,0,0,0.9995528239217015,5,0.0
5898,9.520962302701859e-06,2,3.8066669965778065e-06,1,0,0,0,0.4060578218335493,3,0.0
5899,7.616769842161487e-06,1,3.8066669965778065e-06,1,0,0,0,0.5062567727798837,2,0.0
5900,7.616769842161487e-06,1,3.8066669965778065e-06,1,0,0,0,0.5062567727798837,2,0.0
5901,7.616769842161487e-06,1,2.0936668481177935e-05,3,1,0,1,2.726097695209413,4,0.25
5902,2.285030952648446e-05,5,3.8066669965778065e-06,1,0,0,0,0.17022284566879356,6,0.0
5903,1.142515476324223e-05,3,9.516667491444516e-06,1,0,0,0,0.8344067987803035,4,0.0
5904,4.570061905296892e-05,9,7.613333993155613e-06,2,0,0,0,0.16841112964510496,11,0.0
5905,3.8083849210807435e-06,1,2.0936668481177935e-05,4,0,0,0,5.382445410561274,5,0.0
5906,2.8562886908105577e-05,6,1.3323334488022322e-05,2,0,0,0,0.46831760286596735,8,0.0
5907,7.616769842161487e-06,1,7.613333993155613e-06,2,1,0,1,0.9995547555420015,2,0.5
5908,9.520962302701859e-06,2,0.0,0,0,0,0,0.01039397067088777,2,0.0
5909,7.616769842161487e-06,1,9.516667491444516e-06,2,0,0,0,1.2462037469230602,3,0.0
5910,3.8083849210807435e-06,1,5.710000494866709e-06,1,0,0,0,1.4865476692249984,2,0.0
5911,0.0,0,1.9033334982889032e-05,2,0,0,0,191.3333498288903,2,0.0
5912,9.520962302701859e-06,2,0.0,0,0,0,0,0.01039397067088777,2,0.0
5913,3.8083849210807435e-06,1,9.516667491444516e-06,1,0,0,0,2.4605221045590673,2,0.0
5914,3.8083849210807435e-06,1,9.516667491444516e-06,1,0,0,0,2.4605221045590673,2,0.0
5915,3.8083849210807435e-06,1,2.0936668481177935e-05,3,0,0,0,5.382445410561274,3,0.0
5916,0.0,0,1.9033334982889032e-05,3,0,0,0,191.3333498288903,3,0.0
5917,0.0,0,1.3323334488022323e-05,2,0,0,0,134.23334488022326,2,0.0
5918,0.0,0,9.516667491444516e-06,2,0,0,0,96.16667491444517,2,0.0
5919,0.0,0,9.516667491444516e-06,2,0,0,0,96.16667491444517,2,0.0
5920,7.616769842161487e-06,1,2.0936668481177935e-05,4,0,0,0,2.726097695209413,5,0.0
5921,7.616769842161487e-06,1,3.8066669965778065e-06,1,0,0,0,0.5062567727798837,2,0.0
5922,2.094611706594409e-05,4,3.8066669965778065e-06,1,0,0,0,0.18562412174830126,5,0.0
5923,3.8083849210807435e-06,1,9.516667491444516e-06,1,0,0,0,2.4605221045590673,2,0.0
5924,7.616769842161487e-06,2,1.713000148460013e-05,3,0,0,0,2.2327997124472954,5,0.0
5925,1.142515476324223e-05,2,3.8066669965778065e-06,1,0,0,0,0.3389687233561098,2,0.0
5926,3.8083849210807435e-06,1,9.516667491444516e-06,1,0,0,0,2.4605221045590673,2,0.0
5927,7.616769842161487e-06,2,7.613333993155613e-06,2,0,0,0,0.9995547555420015,4,0.0
5928,0.0,0,7.613333993155613e-06,2,0,0,0,77.13333993155614,2,0.0
5929,1.5233539684322974e-05,3,2.2840001979466837e-05,4,0,0,0,1.4960669520372205,7,0.0
5930,8.568866072431673e-05,19,5.139000445380039e-05,12,2,1,1,0.6001959235529316,28,0.03571428571428571
5931,7.616769842161487e-06,1,1.5226667986311224e-05,2,0,0,0,1.9861507210662366,3,0.0
5932,7.616769842161487e-06,1,3.8066669965778065e-06,1,0,0,0,0.5062567727798837,2,0.0
5933,3.8083849210807435e-06,1,3.8066669965778065e-06,1,0,0,0,0.9995604515579641,2,0.0
5934,2.6658694447565206e-05,6,1.142000098973342e-05,3,0,0,0,0.43051431422812314,9,0.0
5935,2.285030952648446e-05,4,0.0,0,0,0,0,0.0043572397088850095,4,0.0
5936,0.0,0,1.3323334488022323e-05,2,0,0,0,134.23334488022326,2,0.0
5937,3.8083849210807435e-06,1,3.8066669965778065e-06,1,0,0,0,0.9995604515579641,2,0.0
5938,3.8083849210807435e-06,1,5.710000494866709e-06,1,0,0,0,1.4865476692249984,2,0.0
5939,7.616769842161487e-06,1,5.710000494866709e-06,1,0,0,0,0.7529057641609425,2,0.0
5940,3.8083849210807435e-06,1,9.516667491444516e-06,1,0,0,0,2.4605221045590673,2,0.0
5941,0.0,0,1.3323334488022323e-05,2,0,0,0,134.23334488022326,2,0.0
5942,9.520962302701859e-06,2,0.0,0,0,0,0,0.01039397067088777,2,0.0
5943,1.142515476324223e-05,2,0.0,0,0,0,0,0.00867667307331396,2,0.0
5944,1.142515476324223e-05,1,3.8066669965778065e-06,1,0,0,0,0.3389687233561098,2,0.0
5945,0.0,0,1.3323334488022323e-05,2,0,0,0,134.23334488022326,2,0.0
5946,1.142515476324223e-05,2,9.516667491444516e-06,1,0,0,0,0.8344067987803035,3,0.0
5947,1.5233539684322974e-05,3,0.0,0,1,1,0,0.006521651364181754,3,0.0
5948,5.712577381621115e-06,1,4.758333745722258e-05,2,0,0,0,8.203475726274771,2,0.0
5949,5.712577381621115e-06,1,1.713000148460013e-05,2,1,1,1,2.964261867563253,2,0.5
5950,1.7137732144863347e-05,3,7.613333993155613e-06,2,0,0,0,0.447468027019674,4,0.0
5951,1.9041924605403718e-05,4,1.5226667986311226e-05,3,0,0,0,0.8006858402307439,7,0.0
5952,7.616769842161487e-06,1,1.713000148460013e-05,2,0,0,0,2.2327997124472954,2,0.0
5953,3.8083849210807435e-06,1,5.710000494866709e-06,1,0,0,0,1.4865476692249984,2,0.0
5954,0.0,0,1.3323334488022323e-05,2,0,0,0,134.23334488022326,2,0.0
5955,1.3329347223782601e-05,2,0.0,0,0,0,0,0.007446378318590627,2,0.0
5956,7.616769842161487e-06,2,3.6163336467489164e-05,6,2,0,2,4.699289626257884,8,0.25
5957,1.3329347223782601e-05,2,1.142000098973342e-05,2,0,0,0,0.8578228560009351,3,0.0
5958,9.520962302701859e-06,2,1.3323334488022323e-05,1,0,0,0,1.3952174497402035,3,0.0
5959,2.285030952648446e-05,5,3.0453335972622452e-05,6,0,0,0,1.3312820873881535,10,0.0
5960,1.142515476324223e-05,2,5.710000494866709e-06,1,0,0,0,0.5041147484975076,2,0.0
5961,3.0467079368645948e-05,7,1.142000098973342e-05,2,0,0,0,0.3768760780446042,9,0.0
5962,0.0,0,1.3323334488022323e-05,2,0,0,0,134.23334488022326,2,0.0
5963,1.142515476324223e-05,3,1.713000148460013e-05,3,0,0,0,1.494990899345895,6,0.0
5964,3.8083849210807435e-06,1,3.8066669965778065e-06,1,0,0,0,0.9995604515579641,2,0.0
5965,1.5233539684322974e-05,3,7.613333993155613e-06,2,0,0,0,0.5030367515885281,5,0.0
5966,3.8083849210807435e-06,1,3.8066669965778065e-06,1,0,0,0,0.9995604515579641,2,0.0
5967,3.8083849210807435e-06,1,1.3323334488022323e-05,2,0,0,0,3.4344965398931366,3,0.0
5968,1.142515476324223e-05,2,0.0,0,0,0,0,0.00867667307331396,2,0.0
5969,2.475450198702483e-05,5,5.139000445380039e-05,10,0,0,0,2.071657057569711,15,0.0
5970,7.616769842161487e-06,1,7.613333993155613e-06,2,0,0,0,0.9995547555420015,2,0.0
5971,1.5233539684322974e-05,3,2.6646668976044647e-05,4,0,0,0,1.7443245021493938,6,0.0
5972,3.8083849210807435e-06,1,3.8066669965778065e-06,1,0,0,0,0.9995604515579641,2,0.0
5973,1.3329347223782601e-05,2,0.0,0,0,0,0,0.007446378318590627,2,0.0
5974,7.616769842161487e-06,1,3.8066669965778065e-06,1,0,0,0,0.5062567727798837,2,0.0
5975,7.616769842161487e-06,1,3.8066669965778065e-06,1,0,0,0,0.5062567727798837,2,0.0
5976,7.616769842161487e-06,1,3.8066669965778065e-06,1,0,0,0,0.5062567727798837,2,0.0
5977,1.142515476324223e-05,2,0.0,0,0,0,0,0.00867667307331396,2,0.0
5978,0.0,0,1.3323334488022323e-05,2,0,0,0,134.23334488022326,2,0.0
5979,1.7137732144863347e-05,2,0.0,0,0,0,0,0.0058012271660572755,2,0.0
5980,7.616769842161487e-06,1,1.5226667986311226e-05,2,0,0,0,1.9861507210662366,2,0.0
5981,1.5233539684322974e-05,3,3.8066669965778065e-06,1,0,0,0,0.2547792014763549,4,0.0
5982,1.142515476324223e-05,2,0.0,0,0,0,0,0.00867667307331396,2,0.0
5983,9.520962302701859e-06,2,1.9033334982889032e-05,3,2,0,2,1.9887132264841956,5,0.4
5984,7.616769842161487e-06,2,9.516667491444516e-06,1,0,0,0,1.2462037469230602,3,0.0
5985,3.8083849210807435e-06,1,3.8066669965778065e-06,1,0,0,0,0.9995604515579641,2,0.0
5986,7.616769842161487e-06,1,3.8066669965778065e-06,1,0,0,0,0.5062567727798837,2,0.0
5987,7.616769842161487e-06,2,1.5226667986311224e-05,2,0,0,0,1.9861507210662366,4,0.0
5988,0.0,0,4.187333696235587e-05,7,0,0,0,419.73336962355876,7,0.0
5989,5.712577381621115e-06,1,3.8066669965778065e-06,1,0,0,0,0.672105804376964,2,0.0
5990,1.142515476324223e-05,2,3.8066669965778065e-06,1,0,0,0,0.3389687233561098,3,0.0
5991,9.520962302701859e-06,2,3.8066669965778065e-06,1,0,0,0,0.4060578218335493,2,0.0
5992,1.5233539684322974e-05,4,1.3323334488022322e-05,2,0,0,0,0.8754230767567878,6,0.0
5993,2.475450198702483e-05,4,2.474333547775574e-05,5,0,0,0,0.9995507248837687,7,0.0
5994,1.142515476324223e-05,2,3.8066669965778065e-06,1,0,0,0,0.3389687233561098,2,0.0
5995,1.142515476324223e-05,2,0.0,0,0,0,0,0.00867667307331396,2,0.0
5996,3.8083849210807435e-06,1,9.516667491444516e-06,1,0,0,0,2.4605221045590673,2,0.0
5997,0.0,0,1.3323334488022323e-05,2,0,0,0,134.23334488022326,2,0.0
5998,2.475450198702483e-05,4,1.9033334982889032e-05,4,0,0,0,0.7698136535939241,6,0.0
5999,2.094611706594409e-05,4,1.9033334982889032e-05,4,1,0,1,0.909114727573656,8,0.125
6000,1.3329347223782601e-05,2,7.613333993155613e-06,1,0,0,0,0.5743640301068202,2,0.0
6001,0.0,0,7.613333993155613e-06,2,0,0,0,77.13333993155614,2,0.0
6002,2.6658694447565202e-05,5,2.2840001979466837e-05,3,0,0,0,0.8572915253551979,5,0.0
6003,2.285030952648446e-05,5,5.710000494866709e-06,1,0,0,0,0.2531556486487478,6,0.0
6004,3.8083849210807435e-06,1,2.284000197946684e-05,2,0,0,0,5.869432628228308,2,0.0
6005,3.237127182918632e-05,5,1.3323334488022322e-05,1,0,0,0,0.4133910910122392,5,0.0
6006,3.8083849210807435e-06,1,1.5226667986311224e-05,2,0,0,0,3.9214837575601704,3,0.0
6007,3.8083849210807435e-06,1,1.713000148460013e-05,3,0,0,0,4.408470975227205,4,0.0
6008,1.3329347223782601e-05,2,0.0,0,0,0,0,0.007446378318590627,2,0.0
6009,3.8083849210807435e-06,1,9.516667491444516e-06,1,0,0,0,2.4605221045590673,2,0.0
6010,7.616769842161487e-06,1,9.516667491444516e-06,1,0,0,0,1.2462037469230602,2,0.0
6011,0.0,0,2.0936668481177935e-05,3,0,0,0,210.36668481177935,3,0.0
6012,3.8083849210807435e-06,1,7.613333993155613e-06,2,0,0,0,1.9735348868920333,3,0.0
6013,7.616769842161487e-06,1,3.8066669965778065e-06,1,0,0,0,0.5062567727798837,2,0.0
6014,7.616769842161487e-06,1,9.516667491444516e-06,1,2,1,1,1.2462037469230602,2,0.5
6015,0.0,0,1.3323334488022323e-05,2,0,0,0,134.23334488022326,2,0.0
6016,4.950900397404966e-05,10,2.6646668976044647e-05,5,0,0,0,0.539149485646512,14,0.0
6017,1.5233539684322974e-05,3,3.235666947091135e-05,6,0,0,0,2.1167108273176534,9,0.0
6018,0.0,0,1.5226667986311226e-05,2,0,0,0,153.26667986311224,2,0.0
6019,2.094611706594409e-05,4,0.0,0,0,0,0,0.00475147029196258,4,0.0
6020,3.8083849210807435e-06,1,3.8066669965778065e-06,1,0,0,0,0.9995604515579641,2,0.0
6021,5.712577381621115e-06,1,1.3323334488022323e-05,2,0,0,0,2.3093601352243134,3,0.0
6022,1.142515476324223e-05,2,3.8066669965778065e-06,1,0,0,0,0.3389687233561098,2,0.0
6023,7.616769842161487e-06,1,3.8066669965778065e-06,1,0,0,0,0.5062567727798837,2,0.0
6024,1.3329347223782601e-05,3,5.710000494866709e-06,1,0,0,0,0.4326346171597628,4,0.0
6025,7.616769842161487e-06,1,3.8066669965778065e-06,1,0,0,0,0.5062567727798837,2,0.0
6026,1.142515476324223e-05,2,0.0,0,0,0,0,0.00867667307331396,2,0.0
6027,7.616769842161487e-06,2,1.713000148460013e-05,2,0,0,0,2.2327997124472954,4,0.0
6028,5.712577381621115e-06,1,1.713000148460013e-05,3,0,0,0,2.964261867563253,4,0.0
6029,3.8083849210807435e-06,1,3.8066669965778065e-06,1,0,0,0,0.9995604515579641,2,0.0
6030,1.142515476324223e-05,2,0.0,0,0,0,0,0.00867667307331396,2,0.0
6031,1.142515476324223e-05,2,0.0,0,0,0,0,0.00867667307331396,2,0.0
6032,1.142515476324223e-05,2,0.0,0,0,0,0,0.00867667307331396,2,0.0
6033,0.0,0,1.713000148460013e-05,2,0,0,0,172.3000148460013,2,0.0
6034,7.616769842161487e-06,1,3.8066669965778065e-06,1,0,0,0,0.5062567727798837,2,0.0
6035,1.142515476324223e-05,2,0.0,0,0,0,0,0.00867667307331396,2,0.0
6036,5.141319643459004e-05,10,4.568000395893368e-05,4,0,0,0,0.8887043928066821,12,0.0
6037,1.3329347223782601e-05,2,0.0,0,0,0,0,0.007446378318590627,2,0.0
6038,1.142515476324223e-05,2,0.0,0,0,0,0,0.00867667307331396,2,0.0
6039,7.616769842161487e-06,1,3.8066669965778065e-06,1,0,0,0,0.5062567727798837,2,0.0
6040,5.712577381621115e-06,1,9.516667491444516e-06,1,0,0,0,1.6544584028853737,2,0.0
6041,1.142515476324223e-05,2,0.0,0,0,0,0,0.00867667307331396,2,0.0
6042,5.712577381621115e-06,1,9.516667491444516e-06,1,0,0,0,1.6544584028853737,2,0.0
6043,1.5233539684322974e-05,3,1.5226667986311226e-05,4,0,0,0,0.9995518518128743,7,0.0
6044,0.0,0,9.516667491444516e-06,2,0,0,0,96.16667491444517,2,0.0
6045,1.3329347223782601e-05,1,2.2840001979466837e-05,3,0,0,0,1.7081993336832793,3,0.0
6046,1.3329347223782601e-05,2,1.713000148460013e-05,2,0,0,0,1.2830110948421072,4,0.0
6047,0.0,0,1.5226667986311226e-05,2,2,0,2,153.26667986311224,2,1.0
6048,0.0,0,2.284000197946684e-05,2,0,0,0,229.4000197946684,2,0.0
6049,0.0,0,1.9033334982889032e-05,3,0,0,0,191.3333498288903,3,0.0
6050,1.142515476324223e-05,1,9.516667491444516e-06,1,0,0,0,0.8344067987803035,2,0.0
6051,1.5233539684322974e-05,3,2.0936668481177935e-05,2,0,0,0,1.3719381769811339,4,0.0
6052,0.0,0,1.3323334488022323e-05,2,0,0,0,134.23334488022326,2,0.0
6053,1.5233539684322974e-05,4,7.613333993155613e-06,2,0,0,0,0.5030367515885281,6,0.0
6054,0.0,0,7.613333993155613e-06,2,0,0,0,77.13333993155614,2,0.0
6055,1.3329347223782601e-05,2,0.0,0,0,0,0,0.007446378318590627,2,0.0
6056,1.9041924605403718e-05,3,0.0,0,0,0,0,0.005224135088891232,3,0.0
6057,3.8083849210807435e-06,1,3.8066669965778065e-06,1,0,0,0,0.9995604515579641,2,0.0
6058,0.0,0,1.3323334488022323e-05,2,0,0,0,134.23334488022326,2,0.0
6059,9.520962302701859e-06,2,3.8066669965778065e-06,1,0,0,0,0.4060578218335493,2,0.0
6060,0.0,0,9.516667491444516e-06,2,0,0,0,96.16667491444517,2,0.0
6061,0.0,0,1.3323334488022323e-05,2,1,0,1,134.23334488022326,2,0.5
6062,5.712577381621115e-06,1,9.516667491444516e-06,1,0,0,0,1.6544584028853737,2,0.0
6063,3.8083849210807435e-06,1,3.8066669965778065e-06,1,0,0,0,0.9995604515579641,2,0.0
6064,7.616769842161487e-06,1,1.3323334488022323e-05,1,0,0,0,1.739501729685178,2,0.0
6065,0.0,0,7.613333993155613e-06,2,0,0,0,77.13333993155614,2,0.0
6066,3.6179656750267065e-05,8,3.0453335972622452e-05,6,0,0,0,0.8421616605398986,13,0.0
6067,3.8083849210807435e-06,1,3.8066669965778065e-06,1,0,0,0,0.9995604515579641,2,0.0
6068,1.142515476324223e-05,2,1.3323334488022323e-05,3,0,0,0,1.1646988490630994,4,0.0
6069,0.0,0,2.2840001979466837e-05,2,0,0,0,229.40001979466837,2,0.0
6070,2.8562886908105573e-05,4,1.142000098973342e-05,2,0,0,0,0.401913492756924,6,0.0
6071,5.1413196434590034e-05,12,6.47133389418227e-05,12,0,0,0,1.2581890355827716,22,0.0
6072,1.142515476324223e-05,2,0.0,0,0,0,0,0.00867667307331396,2,0.0
6073,0.0,0,2.2840001979466837e-05,3,0,0,0,229.40001979466837,3,0.0
6074,1.142515476324223e-05,2,3.8066669965778065e-06,1,0,0,0,0.3389687233561098,3,0.0
6075,3.8083849210807435e-06,1,3.8066669965778065e-06,1,0,0,0,0.9995604515579641,2,0.0
6076,5.712577381621115e-06,1,9.516667491444516e-06,1,0,0,0,1.6544584028853737,2,0.0
6077,0.0,0,1.3323334488022323e-05,2,0,0,0,134.23334488022326,2,0.0
6078,1.3329347223782601e-05,2,5.710000494866709e-06,1,0,0,0,0.4326346171597628,3,0.0
6079,1.142515476324223e-05,2,1.3323334488022323e-05,3,0,0,0,1.1646988490630994,4,0.0
6080,1.142515476324223e-05,2,1.9033334982889032e-05,4,0,0,0,1.6601369244872928,6,0.0
6081,1.142515476324223e-05,2,3.8066669965778065e-06,1,0,0,0,0.3389687233561098,3,0.0
6082,2.285030952648446e-05,5,7.613333993155613e-06,2,0,0,0,0.33608845162870216,7,0.0
6083,1.142515476324223e-05,2,7.613333993155613e-06,1,0,0,0,0.6692607736389057,2,0.0
6084,1.142515476324223e-05,2,0.0,0,0,0,0,0.00867667307331396,2,0.0
6085,1.3329347223782601e-05,2,5.710000494866709e-06,1,0,0,0,0.4326346171597628,2,0.0
6086,9.520962302701859e-06,2,0.0,0,0,0,0,0.01039397067088777,2,0.0
6087,2.6658694447565202e-05,3,3.616333646748916e-05,5,0,0,0,1.3551982716701185,7,0.0
6088,0.0,0,7.613333993155613e-06,2,0,0,0,77.13333993155614,2,0.0
6089,7.616769842161487e-06,1,7.613333993155613e-06,2,0,0,0,0.9995547555420015,3,0.0
6090,7.616769842161487e-06,1,3.8066669965778065e-06,1,0,0,0,0.5062567727798837,2,0.0
6091,2.475450198702483e-05,5,0.0,0,0,0,0,0.0040234159611085545,5,0.0
6092,1.142515476324223e-05,2,3.8066669965778065e-06,1,0,0,0,0.3389687233561098,3,0.0
6093,1.7137732144863347e-05,3,3.8066669965778065e-06,1,0,0,0,0.22663462709286558,4,0.0
6094,1.5233539684322974e-05,3,1.5226667986311226e-05,3,0,0,0,0.9995518518128743,5,0.0
6095,5.712577381621115e-06,1,1.713000148460013e-05,3,0,0,0,2.964261867563253,3,0.0
6096,7.616769842161487e-06,1,1.713000148460013e-05,2,0,0,0,2.2327997124472954,3,0.0
6097,0.0,0,9.516667491444516e-06,2,0,0,0,96.16667491444517,2,0.0
6098,7.616769842161487e-06,2,3.8066669965778065e-06,1,0,0,0,0.5062567727798837,3,0.0
6099,1.7137732144863347e-05,3,0.0,0,0,0,0,0.0058012271660572755,3,0.0
6100,1.142515476324223e-05,2,0.0,0,0,0,0,0.00867667307331396,2,0.0
6101,0.0,0,1.5226667986311226e-05,2,0,0,0,153.26667986311224,2,0.0
6102,1.5233539684322974e-05,3,3.235666947091135e-05,4,0,0,0,2.1167108273176534,6,0.0
6103,5.712577381621115e-06,1,1.3323334488022323e-05,2,0,0,0,2.3093601352243134,3,0.0
6104,4.570061905296892e-05,10,4.948667095551148e-05,10,0,0,0,1.082663771381866,14,0.0
6105,7.997608334269561e-05,18,6.47133389418227e-05,14,0,0,0,0.809396966438105,29,0.0
6106,7.616769842161487e-06,1,9.516667491444516e-06,2,0,0,0,1.2462037469230602,2,0.0
6107,7.616769842161487e-06,2,7.613333993155613e-06,2,0,0,0,0.9995547555420015,3,0.0
6108,1.142515476324223e-05,2,1.5226667986311226e-05,3,0,0,0,1.329844874204497,3,0.0
6109,1.3329347223782601e-05,2,2.474333547775574e-05,6,0,0,0,1.8499287466303367,7,0.0
6110,7.616769842161487e-06,1,9.516667491444516e-06,2,0,0,0,1.2462037469230602,2,0.0
6111,2.475450198702483e-05,4,2.855000247433355e-05,5,0,0,0,1.152708772410332,7,0.0
6112,1.9041924605403718e-05,3,1.713000148460013e-05,2,0,0,0,0.9001185533734755,4,0.0
6113,1.3329347223782601e-05,2,0.0,0,0,0,0,0.007446378318590627,2,0.0
6114,5.712577381621115e-06,1,1.713000148460013e-05,1,0,0,0,2.964261867563253,2,0.0
6115,7.616769842161487e-06,1,5.710000494866709e-06,1,0,0,0,0.7529057641609425,2,0.0
6116,7.616769842161487e-06,1,5.710000494866709e-06,1,0,0,0,0.7529057641609425,2,0.0
6117,7.616769842161487e-06,1,3.8066669965778065e-06,1,0,0,0,0.5062567727798837,2,0.0
6118,1.142515476324223e-05,2,0.0,0,0,0,0,0.00867667307331396,2,0.0
6119,7.616769842161487e-06,1,3.8066669965778065e-06,1,0,0,0,0.5062567727798837,2,0.0
6120,3.8083849210807435e-06,1,3.8066669965778065e-06,1,0,0,0,0.9995604515579641,2,0.0
6121,1.3329347223782601e-05,2,3.8066669965778065e-06,1,0,0,0,0.29090520421270544,3,0.0
6122,1.9041924605403718e-05,4,1.1420000989733419e-05,1,0,0,0,0.6018204139452807,4,0.0
6123,1.7137732144863347e-05,4,1.5226667986311226e-05,3,0,0,0,0.8891348268732905,6,0.0
6124,0.0,0,1.3323334488022323e-05,3,0,0,0,134.23334488022326,3,0.0
6125,1.3329347223782601e-05,2,0.0,0,0,0,0,0.007446378318590627,2,0.0
6126,1.5233539684322974e-05,2,0.0,0,0,0,0,0.006521651364181754,2,0.0
6127,0.0,0,7.613333993155613e-06,2,0,0,0,77.13333993155614,2,0.0
6128,1.5233539684322974e-05,3,1.1420000989733419e-05,2,0,0,0,0.7512943017007012,4,0.0
6129,7.616769842161487e-06,2,0.0,0,0,0,0,0.012958790017766002,2,0.0
6130,1.142515476324223e-05,2,3.8066669965778065e-06,1,1,1,0,0.3389687233561098,2,0.0
6131,1.142515476324223e-05,2,0.0,0,0,0,0,0.00867667307331396,2,0.0
6132,3.8083849210807435e-06,1,7.613333993155613e-06,1,0,0,0,1.9735348868920333,2,0.0
6133,1.3329347223782601e-05,2,9.516667491444516e-06,2,0,0,0,0.7160934430538777,3,0.0
6134,5.712577381621115e-06,1,3.8066669965778065e-06,1,0,0,0,0.672105804376964,2,0.0
6135,7.616769842161487e-06,1,9.516667491444516e-06,2,0,0,0,1.2462037469230602,2,0.0
6136,0.0,0,7.613333993155613e-06,2,0,0,0,77.13333993155614,2,0.0
6137,1.142515476324223e-05,2,3.8066669965778065e-06,1,0,0,0,0.3389687233561098,2,0.0
6138,7.616769842161487e-06,1,3.8066669965778065e-06,1,0,0,0,0.5062567727798837,2,0.0
6139,0.0,0,1.142000098973342e-05,2,0,0,0,115.20000989733421,2,0.0
6140,0.0,0,9.516667491444516e-06,2,0,0,0,96.16667491444517,2,0.0
6141,1.5233539684322974e-05,2,3.8066669965778065e-06,1,0,0,0,0.2547792014763549,3,0.0
6142,1.3329347223782601e-05,2,7.613333993155613e-06,2,0,0,0,0.5743640301068202,4,0.0
6143,7.616769842161487e-06,1,3.8066669965778065e-06,1,0,0,0,0.5062567727798837,2,0.0
6144,5.712577381621115e-06,1,3.8066669965778065e-06,1,0,0,0,0.672105804376964,2,0.0
6145,5.712577381621115e-06,1,7.613333993155613e-06,2,0,0,0,1.3270075367159038,2,0.0
6146,1.142515476324223e-05,2,3.8066669965778065e-06,1,0,0,0,0.3389687233561098,3,0.0
6147,7.616769842161487e-06,2,0.0,0,0,0,0,0.012958790017766002,2,0.0
6148,1.142515476324223e-05,2,1.5226667986311226e-05,3,2,1,2,1.329844874204497,4,0.5
6149,7.616769842161487e-06,1,3.8066669965778065e-06,1,0,0,0,0.5062567727798837,2,0.0
6150,0.0,0,7.613333993155613e-06,2,0,0,0,77.13333993155614,2,0.0
6151,7.616769842161487e-06,2,0.0,0,0,0,0,0.012958790017766002,2,0.0
6152,3.8083849210807435e-06,1,3.8066669965778065e-06,1,0,0,0,0.9995604515579641,2,0.0
6153,1.142515476324223e-05,2,0.0,0,0,0,0,0.00867667307331396,2,0.0
6154,7.616769842161487e-06,2,0.0,0,0,0,0,0.012958790017766002,2,0.0
6155,7.616769842161487e-06,1,3.8066669965778065e-06,1,0,0,0,0.5062567727798837,2,0.0
6156,7.616769842161487e-06,2,0.0,0,0,0,0,0.012958790017766002,2,0.0
6157,3.8083849210807435e-06,1,3.8066669965778065e-06,1,0,0,0,0.9995604515579641,2,0.0
6158,1.3329347223782601e-05,2,5.710000494866709e-06,1,0,0,0,0.4326346171597628,2,0.0
6159,7.616769842161487e-06,1,9.516667491444516e-06,1,0,0,0,1.2462037469230602,2,0.0
6160,1.142515476324223e-05,2,0.0,0,0,0,0,0.00867667307331396,2,0.0
6161,7.616769842161487e-06,2,0.0,0,0,0,0,0.012958790017766002,2,0.0
6162,7.616769842161487e-06,1,5.710000494866709e-06,1,0,0,0,0.7529057641609425,2,0.0
6163,9.520962302701859e-06,2,0.0,0,0,0,0,0.01039397067088777,2,0.0
6164,7.616769842161487e-06,1,3.8066669965778065e-06,1,0,0,0,0.5062567727798837,2,0.0
6165,3.8083849210807435e-06,1,3.8066669965778065e-06,1,0,0,0,0.9995604515579641,2,0.0
6166,5.712577381621115e-06,1,1.142000098973342e-05,2,0,0,0,1.9819092690548437,3,0.0
6167,5.712577381621115e-06,1,9.516667491444516e-06,2,0,0,0,1.6544584028853737,2,0.0
6168,1.142515476324223e-05,2,3.8066669965778065e-06,1,0,0,0,0.3389687233561098,2,0.0
6169,1.142515476324223e-05,2,5.710000494866709e-06,1,0,0,0,0.5041147484975076,3,0.0
6170,0.0,0,7.613333993155613e-06,2,0,0,0,77.13333993155614,2,0.0
6171,9.520962302701859e-06,2,0.0,0,0,0,0,0.01039397067088777,2,0.0
6172,5.712577381621115e-06,1,3.8066669965778065e-06,1,0,0,0,0.672105804376964,2,0.0
6173,1.5233539684322974e-05,3,5.710000494866709e-06,1,0,0,0,0.37890797653244146,3,0.0
6174,7.616769842161487e-06,1,9.516667491444516e-06,2,0,0,0,1.2462037469230602,3,0.0
6175,2.285030952648446e-05,4,1.5226667986311226e-05,3,0,0,0,0.6678196635485192,5,0.0
6176,2.094611706594409e-05,4,2.2840001979466837e-05,2,0,0,0,1.0899873790299945,4,0.0
6177,7.616769842161487e-06,1,5.710000494866709e-06,1,0,0,0,0.7529057641609425,2,0.0
6178,3.8083849210807435e-06,1,1.142000098973342e-05,2,0,0,0,2.9475093222261024,3,0.0
6179,1.5233539684322974e-05,2,1.3323334488022322e-05,2,0,0,0,0.8754230767567878,3,0.0
6180,3.8083849210807435e-06,1,3.8066669965778065e-06,1,0,0,0,0.9995604515579641,2,0.0
6181,1.3329347223782603e-05,3,7.613333993155613e-06,2,0,0,0,0.5743640301068202,4,0.0
6182,1.142515476324223e-05,2,0.0,0,0,0,0,0.00867667307331396,2,0.0
6183,1.5233539684322974e-05,3,3.8066669965778065e-06,1,0,0,0,0.2547792014763549,3,0.0
6184,0.0,0,1.142000098973342e-05,2,0,0,0,115.20000989733421,2,0.0
6185,1.142515476324223e-05,2,5.710000494866709e-06,1,0,0,0,0.5041147484975076,2,0.0
6186,7.616769842161487e-06,1,3.8066669965778065e-06,1,0,0,0,0.5062567727798837,2,0.0
6187,7.616769842161487e-06,1,3.8066669965778065e-06,1,0,0,0,0.5062567727798837,2,0.0
6188,7.616769842161487e-06,1,5.710000494866709e-06,1,0,0,0,0.7529057641609425,2,0.0
6189,3.8083849210807435e-06,1,3.8066669965778065e-06,1,0,0,0,0.9995604515579641,2,0.0
6190,7.616769842161487e-06,2,1.5226667986311224e-05,2,0,0,0,1.9861507210662366,3,0.0
6191,1.5233539684322974e-05,3,0.0,0,0,0,0,0.006521651364181754,3,0.0
6192,3.8083849210807435e-06,1,7.613333993155613e-06,1,0,0,0,1.9735348868920333,2,0.0
6193,9.520962302701859e-06,2,0.0,0,0,0,0,0.01039397067088777,2,0.0
6194,0.0,0,7.613333993155613e-06,2,0,0,0,77.13333993155614,2,0.0
6195,1.9041924605403718e-05,4,3.8066669965778065e-06,1,0,0,0,0.20408956137435438,5,0.0
6196,7.616769842161487e-06,2,0.0,0,0,0,0,0.012958790017766002,2,0.0
6197,3.8083849210807435e-06,1,3.8066669965778065e-06,1,0,0,0,0.9995604515579641,2,0.0
6198,3.8083849210807435e-06,1,7.613333993155613e-06,2,0,0,0,1.9735348868920333,3,0.0
6199,3.8083849210807435e-06,1,3.8066669965778065e-06,1,0,0,0,0.9995604515579641,2,0.0
6200,7.616769842161487e-06,2,1.142000098973342e-05,3,0,0,0,1.4928527383041192,5,0.0
6201,9.520962302701859e-06,2,3.8066669965778065e-06,1,0,0,0,0.4060578218335493,3,0.0
6202,1.5233539684322974e-05,3,1.142000098973342e-05,3,0,0,0,0.7512943017007013,6,0.0
6203,3.8083849210807435e-06,1,7.613333993155613e-06,2,0,0,0,1.9735348868920333,3,0.0
6204,5.712577381621115e-06,1,1.142000098973342e-05,2,0,0,0,1.9819092690548437,3,0.0
6205,3.8083849210807435e-06,1,3.8066669965778065e-06,1,0,0,0,0.9995604515579641,2,0.0
6206,7.616769842161487e-06,2,0.0,0,0,0,0,0.012958790017766002,2,0.0
6207,3.8083849210807435e-06,1,5.710000494866709e-06,1,0,0,0,1.4865476692249984,2,0.0
6208,1.3329347223782601e-05,2,0.0,0,0,0,0,0.007446378318590627,2,0.0
6209,9.520962302701859e-06,2,0.0,0,0,0,0,0.01039397067088777,2,0.0
6210,3.8083849210807435e-06,1,3.8066669965778065e-06,1,0,0,0,0.9995604515579641,2,0.0
6211,9.520962302701859e-06,2,3.8066669965778065e-06,1,0,0,0,0.4060578218335493,3,0.0
6212,1.7137732144863347e-05,2,2.474333547775574e-05,2,0,0,0,1.4412183266903111,2,0.0
6213,7.616769842161487e-06,1,7.613333993155613e-06,2,0,0,0,0.9995547555420015,2,0.0
6214,1.142515476324223e-05,2,1.142000098973342e-05,3,0,0,0,0.9995528239217015,5,0.0
6215,9.520962302701859e-06,2,3.8066669965778065e-06,1,0,0,0,0.4060578218335493,3,0.0
6216,0.0,0,1.142000098973342e-05,2,0,0,0,115.20000989733421,2,0.0
6217,0.0,0,7.613333993155613e-06,2,0,0,0,77.13333993155614,2,0.0
6218,9.520962302701859e-06,2,0.0,0,0,0,0,0.01039397067088777,2,0.0
6219,1.142515476324223e-05,2,9.516667491444516e-06,2,0,0,0,0.8344067987803035,3,0.0
6220,1.3329347223782601e-05,3,7.613333993155613e-06,2,0,0,0,0.5743640301068202,5,0.0
6221,3.8083849210807435e-06,1,5.710000494866709e-06,1,0,0,0,1.4865476692249984,2,0.0
6222,2.475450198702483e-05,6,3.8066669965778065e-06,1,0,0,0,0.15718146348767167,7,0.0
6223,1.142515476324223e-05,2,0.0,0,0,0,0,0.00867667307331396,2,0.0
6224,3.8083849210807435e-06,1,3.8066669965778065e-06,1,0,0,0,0.9995604515579641,2,0.0
6225,7.616769842161487e-06,2,1.3323334488022323e-05,3,0,0,0,1.739501729685178,5,0.0
6226,3.8083849210807435e-06,1,3.8066669965778065e-06,1,0,0,0,0.9995604515579641,2,0.0
6227,3.8083849210807435e-06,1,3.8066669965778065e-06,1,0,0,0,0.9995604515579641,2,0.0
6228,1.142515476324223e-05,2,3.8066669965778065e-06,1,0,0,0,0.3389687233561098,3,0.0
6229,1.142515476324223e-05,2,1.3323334488022322e-05,1,0,0,0,1.1646988490630992,2,0.0
6230,9.520962302701859e-06,2,7.613333993155613e-06,2,0,0,0,0.801721672996211,4,0.0
6231,5.712577381621115e-06,1,3.8066669965778065e-06,1,0,0,0,0.672105804376964,2,0.0
6232,3.8083849210807435e-06,1,1.713000148460013e-05,3,0,0,0,4.408470975227205,3,0.0
6233,3.8083849210807435e-06,1,7.613333993155613e-06,1,0,0,0,1.9735348868920333,2,0.0
6234,1.5233539684322974e-05,1,1.142000098973342e-05,3,0,0,0,0.7512943017007013,3,0.0
6235,3.8083849210807435e-06,1,3.8066669965778065e-06,1,0,0,0,0.9995604515579641,2,0.0
6236,9.520962302701859e-06,2,3.8066669965778065e-06,1,0,0,0,0.4060578218335493,2,0.0
6237,7.616769842161487e-06,1,5.710000494866709e-06,1,0,0,0,0.7529057641609425,2,0.0
6238,9.520962302701859e-06,2,0.0,0,0,0,0,0.01039397067088777,2,0.0
6239,7.616769842161487e-06,1,9.516667491444516e-06,2,0,0,0,1.2462037469230602,2,0.0
6240,9.520962302701859e-06,2,3.8066669965778065e-06,1,0,0,0,0.4060578218335493,2,0.0
6241,7.616769842161487e-06,2,0.0,0,0,0,0,0.012958790017766002,2,0.0
6242,7.616769842161487e-06,1,3.8066669965778065e-06,1,0,0,0,0.5062567727798837,2,0.0
6243,4.189223413188818e-05,7,3.426000296920026e-05,8,0,0,0,0.8182466039145049,14,0.0
6244,1.142515476324223e-05,2,0.0,0,0,0,0,0.00867667307331396,2,0.0
6245,1.3329347223782601e-05,2,1.9033334982889032e-05,2,0,0,0,1.4247405077891646,3,0.0
6246,2.6658694447565202e-05,4,1.9033334982889032e-05,5,0,0,0,0.7150324549795063,7,0.0
6247,1.142515476324223e-05,2,3.8066669965778065e-06,1,0,0,0,0.3389687233561098,3,0.0
6248,1.142515476324223e-05,2,0.0,0,0,0,0,0.00867667307331396,2,0.0
6249,3.8083849210807435e-06,1,7.613333993155613e-06,2,0,0,0,1.9735348868920333,3,0.0
6250,7.616769842161487e-06,2,7.613333993155613e-06,2,0,0,0,0.9995547555420015,3,0.0
6251,7.616769842161487e-06,1,3.8066669965778065e-06,1,0,0,0,0.5062567727798837,2,0.0
6252,3.8083849210807435e-06,1,7.613333993155613e-06,1,0,0,0,1.9735348868920333,2,0.0
6253,9.520962302701859e-06,2,3.8066669965778065e-06,1,0,0,0,0.4060578218335493,3,0.0
6254,7.616769842161487e-06,2,3.8066669965778065e-06,1,0,0,0,0.5062567727798837,3,0.0
6255,1.7137732144863347e-05,3,9.516667491444516e-06,2,0,0,0,0.5578847269830781,4,0.0
6256,1.3329347223782603e-05,2,0.0,0,0,0,0,0.007446378318590626,2,0.0
6257,7.616769842161487e-06,1,3.8066669965778065e-06,1,0,0,0,0.5062567727798837,2,0.0
6258,3.8083849210807435e-06,1,3.8066669965778065e-06,1,0,0,0,0.9995604515579641,2,0.0
6259,7.616769842161487e-06,2,0.0,0,0,0,0,0.012958790017766002,2,0.0
6260,1.142515476324223e-05,2,0.0,0,0,0,0,0.00867667307331396,2,0.0
6261,3.8083849210807435e-06,1,3.8066669965778065e-06,1,0,0,0,0.9995604515579641,2,0.0
6262,7.616769842161487e-06,2,3.8066669965778065e-06,1,0,0,0,0.5062567727798837,3,0.0
6263,0.0,0,7.613333993155613e-06,2,0,0,0,77.13333993155614,2,0.0
6264,1.142515476324223e-05,2,1.713000148460013e-05,2,0,0,0,1.494990899345895,2,0.0
6265,0.0,0,1.142000098973342e-05,2,0,0,0,115.20000989733421,2,0.0
6266,7.616769842161487e-06,1,9.516667491444516e-06,2,0,0,0,1.2462037469230602,2,0.0
6267,3.8083849210807435e-06,1,3.8066669965778065e-06,1,0,0,0,0.9995604515579641,2,0.0
6268,7.616769842161487e-06,1,3.8066669965778065e-06,1,0,0,0,0.5062567727798837,2,0.0
6269,7.616769842161487e-06,1,1.142000098973342e-05,2,0,0,0,1.4928527383041192,2,0.0
6270,3.8083849210807435e-06,1,3.8066669965778065e-06,1,0,0,0,0.9995604515579641,2,0.0
6271,7.616769842161487e-06,1,3.8066669965778065e-06,1,0,0,0,0.5062567727798837,2,0.0
6272,3.8083849210807435e-06,1,7.613333993155613e-06,1,0,0,0,1.9735348868920333,2,0.0
6273,7.616769842161487e-06,2,3.8066669965778065e-06,1,0,0,0,0.5062567727798837,3,0.0
6274,3.8083849210807435e-06,1,1.713000148460013e-05,2,0,0,0,4.408470975227205,2,0.0
6275,1.9041924605403718e-05,3,2.6646668976044643e-05,4,0,0,0,1.3972821190871332,7,0.0
6276,1.142515476324223e-05,2,0.0,0,0,0,0,0.00867667307331396,2,0.0
6277,1.5233539684322974e-05,3,3.235666947091135e-05,5,0,0,0,2.1167108273176534,8,0.0
6278,0.0,0,9.516667491444516e-06,2,0,0,0,96.16667491444517,2,0.0
6279,0.0,0,1.142000098973342e-05,2,0,0,0,115.20000989733421,2,0.0
6280,7.616769842161487e-06,1,3.8066669965778065e-06,1,0,0,0,0.5062567727798837,2,0.0
6281,3.8083849210807435e-06,1,1.5226667986311226e-05,3,0,0,0,3.9214837575601704,3,0.0
6282,1.142515476324223e-05,2,1.713000148460013e-05,1,0,0,0,1.494990899345895,2,0.0
6283,1.5233539684322974e-05,3,1.9033334982889032e-05,4,0,0,0,1.2478094019250474,5,0.0
6284,2.094611706594409e-05,3,1.142000098973342e-05,3,0,0,0,0.5473694246609787,6,0.0
6285,1.142515476324223e-05,2,1.142000098973342e-05,2,0,0,0,0.9995528239217015,3,0.0
6286,0.0,0,1.142000098973342e-05,2,0,0,0,115.20000989733421,2,0.0
6287,7.616769842161487e-06,2,0.0,0,0,0,0,0.012958790017766002,2,0.0
6288,7.616769842161487e-06,1,1.3323334488022323e-05,2,0,0,0,1.739501729685178,2,0.0
6289,7.616769842161487e-06,1,7.613333993155613e-06,1,0,0,0,0.9995547555420015,2,0.0
6290,7.616769842161487e-06,2,3.8066669965778065e-06,1,0,0,0,0.5062567727798837,3,0.0
6291,5.712577381621115e-06,1,3.8066669965778065e-06,1,0,0,0,0.672105804376964,2,0.0
6292,1.7137732144863347e-05,3,3.8066669965778065e-06,1,0,0,0,0.22663462709286558,4,0.0
6293,0.0,0,1.142000098973342e-05,2,0,0,0,115.20000989733421,2,0.0
6294,1.7137732144863347e-05,3,0.0,0,0,0,0,0.0058012271660572755,3,0.0
6295,7.616769842161487e-06,2,0.0,0,0,0,0,0.012958790017766002,2,0.0
6296,3.8083849210807435e-06,1,5.710000494866709e-06,1,0,0,0,1.4865476692249984,2,0.0
6297,7.616769842161487e-06,2,0.0,0,0,0,0,0.012958790017766002,2,0.0
6298,0.0,0,9.516667491444516e-06,2,0,0,0,96.16667491444517,2,0.0
6299,1.3329347223782601e-05,2,0.0,0,0,0,0,0.007446378318590627,2,0.0
6300,0.0,0,1.142000098973342e-05,2,0,0,0,115.20000989733421,2,0.0
6301,7.616769842161487e-06,1,9.516667491444516e-06,2,0,0,0,1.2462037469230602,3,0.0
6302,0.0,0,1.142000098973342e-05,2,0,0,0,115.20000989733421,2,0.0
6303,1.142515476324223e-05,2,0.0,0,0,0,0,0.00867667307331396,2,0.0
6304,3.8083849210807435e-06,1,3.8066669965778065e-06,1,0,0,0,0.9995604515579641,2,0.0
6305,7.616769842161487e-06,2,7.613333993155613e-06,1,0,0,0,0.9995547555420015,3,0.0
6306,7.616769842161487e-06,1,3.8066669965778065e-06,1,0,0,0,0.5062567727798837,2,0.0
6307,7.616769842161487e-06,1,3.8066669965778065e-06,1,0,0,0,0.5062567727798837,2,0.0
6308,1.3329347223782601e-05,3,3.8066669965778065e-06,1,0,0,0,0.29090520421270544,4,0.0
6309,1.9041924605403718e-05,4,1.713000148460013e-05,4,1,1,0,0.9001185533734755,8,0.0
6310,3.8083849210807435e-06,1,3.8066669965778065e-06,1,0,0,0,0.9995604515579641,2,0.0
6311,9.520962302701859e-06,2,0.0,0,0,0,0,0.01039397067088777,2,0.0
6312,7.616769842161487e-06,1,1.3323334488022323e-05,2,0,0,0,1.739501729685178,2,0.0
6313,3.8083849210807435e-06,1,3.8066669965778065e-06,1,0,0,0,0.9995604515579641,2,0.0
6314,1.142515476324223e-05,2,7.613333993155613e-06,1,0,0,0,0.6692607736389057,2,0.0
6315,7.616769842161487e-06,1,3.8066669965778065e-06,1,0,0,0,0.5062567727798837,2,0.0
6316,0.0,0,1.142000098973342e-05,2,0,0,0,115.20000989733421,2,0.0
6317,1.9041924605403718e-05,3,1.142000098973342e-05,2,0,0,0,0.6018204139452809,3,0.0
6318,7.616769842161487e-06,1,3.8066669965778065e-06,1,0,0,0,0.5062567727798837,2,0.0
6319,1.7137732144863347e-05,3,9.516667491444516e-06,2,0,0,0,0.5578847269830781,4,0.0
6320,7.616769842161487e-06,1,3.8066669965778065e-06,1,0,0,0,0.5062567727798837,2,0.0
6321,1.7137732144863347e-05,3,0.0,0,0,0,0,0.0058012271660572755,3,0.0
6322,1.5233539684322974e-05,2,0.0,0,0,0,0,0.006521651364181754,2,0.0
6323,7.616769842161487e-06,1,7.613333993155613e-06,1,0,0,0,0.9995547555420015,2,0.0
6324,1.3329347223782601e-05,2,3.8066669965778065e-06,1,1,1,0,0.29090520421270544,3,0.0
6325,3.8083849210807435e-06,1,3.8066669965778065e-06,1,0,0,0,0.9995604515579641,2,0.0
6326,1.7137732144863347e-05,3,1.9033334982889032e-05,3,1,0,1,1.1099682268000988,5,0.2
6327,0.0,0,1.142000098973342e-05,2,0,0,0,115.20000989733421,2,0.0
6328,0.0,0,1.142000098973342e-05,2,0,0,0,115.20000989733421,2,0.0
6329,1.5233539684322974e-05,2,2.6646668976044643e-05,1,0,0,0,1.7443245021493936,2,0.0
6330,1.142515476324223e-05,2,9.516667491444516e-06,2,1,0,1,0.8344067987803035,3,0.3333333333333333
6331,0.0,0,1.3323334488022323e-05,2,0,0,0,134.23334488022326,2,0.0
6332,2.094611706594409e-05,3,1.142000098973342e-05,2,0,0,0,0.5473694246609787,4,0.0
6333,1.142515476324223e-05,2,0.0,0,0,0,0,0.00867667307331396,2,0.0
6334,0.0,0,1.142000098973342e-05,2,0,0,0,115.20000989733421,2,0.0
6335,1.3329347223782601e-05,2,0.0,0,0,0,0,0.007446378318590627,2,0.0
6336,7.616769842161487e-06,1,3.8066669965778065e-06,1,0,0,0,0.5062567727798837,2,0.0
6337,1.7137732144863347e-05,3,0.0,0,0,0,0,0.0058012271660572755,3,0.0
6338,1.3329347223782601e-05,2,1.142000098973342e-05,3,0,0,0,0.8578228560009351,3,0.0
6339,1.5233539684322974e-05,3,5.710000494866709e-06,1,0,0,0,0.37890797653244146,3,0.0
6340,3.8083849210807435e-06,1,3.8066669965778065e-06,1,0,0,0,0.9995604515579641,2,0.0
6341,9.520962302701859e-06,2,3.8066669965778065e-06,1,0,0,0,0.4060578218335493,2,0.0
6342,7.616769842161487e-06,1,5.710000494866709e-06,1,0,0,0,0.7529057641609425,2,0.0
6343,1.142515476324223e-05,2,0.0,0,0,0,0,0.00867667307331396,2,0.0
6344,3.237127182918632e-05,6,9.516667491444516e-06,1,0,0,0,0.29615924938304133,6,0.0
6345,7.616769842161487e-06,2,0.0,0,0,0,0,0.012958790017766002,2,0.0
6346,3.6179656750267065e-05,5,1.5226667986311226e-05,4,0,0,0,0.42245901309963196,8,0.0
6347,1.5233539684322974e-05,3,2.2840001979466837e-05,2,0,0,0,1.4960669520372205,4,0.0
6348,3.8083849210807435e-06,1,5.710000494866709e-06,1,0,0,0,1.4865476692249984,2,0.0
6349,7.616769842161487e-06,1,5.710000494866709e-06,1,0,0,0,0.7529057641609425,2,0.0
6350,7.616769842161487e-06,1,5.710000494866709e-06,1,0,0,0,0.7529057641609425,2,0.0
6351,7.616769842161487e-06,1,5.710000494866709e-06,1,0,0,0,0.7529057641609425,2,0.0
6352,7.616769842161487e-06,1,3.8066669965778065e-06,1,0,0,0,0.5062567727798837,2,0.0
6353,2.8562886908105577e-05,6,2.474333547775574e-05,6,0,0,0,0.8667422635202281,12,0.0
6354,1.142515476324223e-05,2,1.1420000989733419e-05,1,0,0,0,0.9995528239217014,2,0.0
6355,1.142515476324223e-05,2,0.0,0,0,0,0,0.00867667307331396,2,0.0
6356,0.0,0,1.142000098973342e-05,2,0,0,0,115.20000989733421,2,0.0
6357,1.142515476324223e-05,2,0.0,0,0,0,0,0.00867667307331396,2,0.0
6358,1.142515476324223e-05,1,3.8066669965778065e-06,1,0,0,0,0.3389687233561098,2,0.0
6359,2.094611706594409e-05,4,7.613333993155613e-06,2,0,0,0,0.36649677320463997,6,0.0
6360,1.5233539684322974e-05,3,2.0936668481177935e-05,3,0,0,0,1.3719381769811339,4,0.0
6361,1.142515476324223e-05,2,0.0,0,0,0,0,0.00867667307331396,2,0.0
6362,2.285030952648446e-05,4,9.516667491444516e-06,2,0,0,0,0.41902125460865636,6,0.0
6363,7.616769842161487e-06,2,0.0,0,0,0,0,0.012958790017766002,2,0.0
6364,1.142515476324223e-05,2,0.0,0,0,0,0,0.00867667307331396,2,0.0
6365,0.0,0,7.613333993155613e-06,2,0,0,0,77.13333993155614,2,0.0
6366,7.616769842161487e-06,1,3.8066669965778065e-06,1,0,0,0,0.5062567727798837,2,0.0
6367,2.6658694447565202e-05,4,2.2840001979466837e-05,4,1,1,0,0.8572915253551979,5,0.0
6368,7.616769842161487e-06,1,3.8066669965778065e-06,1,0,0,0,0.5062567727798837,2,0.0
6369,1.142515476324223e-05,2,0.0,0,0,0,0,0.00867667307331396,2,0.0
6370,7.616769842161487e-06,1,5.710000494866709e-06,1,0,0,0,0.7529057641609425,2,0.0
6371,1.142515476324223e-05,2,3.8066669965778065e-06,1,0,0,0,0.3389687233561098,2,0.0
6372,7.616769842161487e-06,1,3.8066669965778065e-06,1,0,0,0,0.5062567727798837,2,0.0
6373,1.142515476324223e-05,2,0.0,0,0,0,0,0.00867667307331396,2,0.0
6374,0.0,0,1.3323334488022323e-05,2,0,0,0,134.23334488022326,2,0.0
6375,0.0,0,7.613333993155613e-06,2,0,0,0,77.13333993155614,2,0.0
6376,7.616769842161487e-06,1,1.5226667986311226e-05,2,0,0,0,1.9861507210662366,2,0.0
6377,1.142515476324223e-05,2,0.0,0,0,0,0,0.00867667307331396,2,0.0
6378,5.712577381621115e-06,1,3.8066669965778065e-06,1,0,0,0,0.672105804376964,2,0.0
6379,7.616769842161487e-06,1,3.8066669965778065e-06,1,0,0,0,0.5062567727798837,2,0.0
6380,1.142515476324223e-05,2,1.713000148460013e-05,4,0,0,0,1.494990899345895,5,0.0
6381,9.520962302701859e-06,2,1.9033334982889032e-05,4,0,0,0,1.9887132264841956,6,0.0
6382,1.142515476324223e-05,2,0.0,0,0,0,0,0.00867667307331396,2,0.0
6383,1.142515476324223e-05,3,7.613333993155613e-06,1,0,0,0,0.6692607736389057,4,0.0
6384,1.5233539684322974e-05,3,1.713000148460013e-05,4,0,0,0,1.1236806268689608,7,0.0
6385,1.3329347223782601e-05,2,7.613333993155613e-06,1,0,0,0,0.5743640301068202,3,0.0
6386,1.7137732144863347e-05,3,1.713000148460013e-05,4,0,0,0,0.9995515268366946,5,0.0
6387,1.3329347223782601e-05,2,1.142000098973342e-05,3,0,0,0,0.8578228560009351,5,0.0
6388,3.6179656750267065e-05,7,2.2840001979466837e-05,4,1,1,0,0.6323103368197652,9,0.0
6389,5.712577381621115e-06,1,7.613333993155613e-06,1,0,0,0,1.3270075367159038,2,0.0
6390,7.616769842161487e-06,2,3.8066669965778065e-06,1,0,0,0,0.5062567727798837,3,0.0
6391,1.142515476324223e-05,2,0.0,0,1,1,0,0.00867667307331396,2,0.0
6392,1.142515476324223e-05,2,1.9033334982889032e-05,3,1,1,1,1.6601369244872928,3,0.3333333333333333
6393,0.0,0,7.613333993155613e-06,2,0,0,0,77.13333993155614,2,0.0
6394,7.616769842161487e-06,1,2.284000197946684e-05,2,0,0,0,2.972746686590472,2,0.0
6395,3.8083849210807435e-06,1,3.8066669965778065e-06,1,0,0,0,0.9995604515579641,2,0.0
6396,1.142515476324223e-05,2,0.0,0,0,0,0,0.00867667307331396,2,0.0
6397,3.8083849210807435e-06,1,7.613333993155613e-06,1,0,0,0,1.9735348868920333,2,0.0
6398,3.8083849210807435e-06,1,5.710000494866709e-06,1,1,1,0,1.4865476692249984,2,0.0
6399,1.142515476324223e-05,2,3.8066669965778065e-06,1,2,2,0,0.3389687233561098,3,0.0
6400,9.520962302701859e-06,2,0.0,0,0,0,0,0.01039397067088777,2,0.0
6401,1.142515476324223e-05,2,0.0,0,0,0,0,0.00867667307331396,2,0.0
6402,5.712577381621115e-06,1,9.516667491444516e-06,2,0,0,0,1.6544584028853737,3,0.0
6403,1.3329347223782601e-05,2,1.713000148460013e-05,3,3,1,3,1.2830110948421072,4,0.75
6404,1.142515476324223e-05,3,3.8066669965778065e-06,1,0,0,0,0.3389687233561098,3,0.0
6405,1.142515476324223e-05,2,3.8066669965778065e-06,1,0,0,0,0.3389687233561098,2,0.0
6406,1.142515476324223e-05,2,1.5226667986311226e-05,4,1,0,1,1.329844874204497,5,0.2
6407,3.8083849210807436e-05,8,3.235666947091135e-05,6,1,0,1,0.8500104138721802,13,0.07692307692307693
6408,2.094611706594409e-05,2,1.142000098973342e-05,2,0,0,0,0.5473694246609787,2,0.0
6409,1.9041924605403718e-05,4,1.3323334488022323e-05,3,0,0,0,0.7012531270880124,6,0.0
6410,1.142515476324223e-05,2,0.0,0,0,0,0,0.00867667307331396,2,0.0
6411,1.142515476324223e-05,2,5.710000494866709e-06,1,0,0,0,0.5041147484975076,2,0.0
6412,5.712577381621115e-06,1,7.613333993155613e-06,1,0,0,0,1.3270075367159038,2,0.0
6413,1.3329347223782601e-05,2,0.0,0,0,0,0,0.007446378318590627,2,0.0
6414,0.0,0,7.613333993155613e-06,2,0,0,0,77.13333993155614,2,0.0
6415,5.712577381621115e-06,1,1.3323334488022323e-05,2,0,0,0,2.3093601352243134,3,0.0
6416,2.285030952648446e-05,6,1.142000098973342e-05,2,0,0,0,0.5019540575886107,7,0.0
6417,0.0,0,1.3323334488022323e-05,2,0,0,0,134.23334488022326,2,0.0
6418,0.0,0,1.3323334488022323e-05,2,0,0,0,134.23334488022326,2,0.0
6419,7.616769842161487e-06,1,7.613333993155613e-06,2,0,0,0,0.9995547555420015,3,0.0
6420,0.0,0,1.5226667986311226e-05,2,0,0,0,153.26667986311224,2,0.0
6421,0.0,0,1.5226667986311226e-05,4,0,0,0,153.26667986311224,4,0.0
6422,7.616769842161487e-06,1,1.142000098973342e-05,2,0,0,0,1.4928527383041192,2,0.0
6423,7.616769842161487e-06,1,7.613333993155613e-06,2,0,0,0,0.9995547555420015,2,0.0
6424,1.142515476324223e-05,2,7.613333993155613e-06,2,0,0,0,0.6692607736389057,4,0.0
6425,1.3329347223782601e-05,2,1.3323334488022322e-05,1,0,0,0,0.9995522689479924,2,0.0
6426,1.142515476324223e-05,2,0.0,0,0,0,0,0.00867667307331396,2,0.0
6427,1.142515476324223e-05,1,1.142000098973342e-05,3,0,0,0,0.9995528239217015,3,0.0
6428,7.616769842161487e-06,1,1.5226667986311226e-05,4,1,0,1,1.9861507210662366,5,0.2
6429,1.142515476324223e-05,2,1.142000098973342e-05,3,0,0,0,0.9995528239217015,3,0.0
6430,9.520962302701859e-06,2,3.8066669965778065e-06,1,0,0,0,0.4060578218335493,3,0.0
6431,1.142515476324223e-05,2,0.0,0,0,0,0,0.00867667307331396,2,0.0
6432,1.142515476324223e-05,2,0.0,0,1,1,0,0.00867667307331396,2,0.0
6433,5.712577381621115e-06,1,3.8066669965778065e-06,1,0,0,0,0.672105804376964,2,0.0
6434,0.0,0,7.613333993155613e-06,2,0,0,0,77.13333993155614,2,0.0
6435,1.5233539684322974e-05,3,0.0,0,0,0,0,0.006521651364181754,3,0.0
6436,3.8083849210807435e-06,1,7.613333993155613e-06,1,0,0,0,1.9735348868920333,2,0.0
6437,1.142515476324223e-05,2,0.0,0,0,0,0,0.00867667307331396,2,0.0
6438,3.8083849210807435e-06,1,7.613333993155613e-06,2,0,0,0,1.9735348868920333,3,0.0
6439,1.142515476324223e-05,2,0.0,0,0,0,0,0.00867667307331396,2,0.0
6440,1.142515476324223e-05,2,0.0,0,0,0,0,0.00867667307331396,2,0.0
6441,7.616769842161487e-06,1,5.710000494866709e-06,1,0,0,0,0.7529057641609425,2,0.0
6442,9.520962302701859e-06,2,7.613333993155613e-06,1,0,0,0,0.801721672996211,3,0.0
6443,0.0,0,7.613333993155613e-06,2,0,0,0,77.13333993155614,2,0.0
6444,1.5233539684322974e-05,2,0.0,0,0,0,0,0.006521651364181754,2,0.0
6445,1.3329347223782601e-05,2,0.0,0,0,0,0,0.007446378318590627,2,0.0
6446,0.0,0,9.516667491444516e-06,2,0,0,0,96.16667491444517,2,0.0
6447,3.8083849210807435e-06,1,3.8066669965778065e-06,1,0,0,0,0.9995604515579641,2,0.0
6448,5.712577381621115e-06,1,1.142000098973342e-05,2,0,0,0,1.9819092690548437,3,0.0
6449,5.712577381621115e-06,1,7.613333993155613e-06,1,0,0,0,1.3270075367159038,2,0.0
6450,0.0,0,9.516667491444516e-06,2,0,0,0,96.16667491444517,2,0.0
6451,5.712577381621115e-06,1,7.613333993155613e-06,2,0,0,0,1.3270075367159038,2,0.0
6452,1.9041924605403718e-05,4,0.0,0,0,0,0,0.005224135088891232,4,0.0
6453,7.616769842161487e-06,1,3.8066669965778065e-06,1,0,0,0,0.5062567727798837,2,0.0
6454,3.8083849210807435e-06,1,3.8066669965778065e-06,1,0,0,0,0.9995604515579641,2,0.0
6455,1.7137732144863347e-05,3,9.516667491444516e-06,2,0,0,0,0.5578847269830781,4,0.0
6456,1.142515476324223e-05,2,0.0,0,0,0,0,0.00867667307331396,2,0.0
6457,7.616769842161487e-06,1,3.8066669965778065e-06,1,0,0,0,0.5062567727798837,2,0.0
6458,1.142515476324223e-05,2,3.8066669965778065e-06,1,0,0,0,0.3389687233561098,3,0.0
6459,3.0467079368645948e-05,5,1.5226667986311226e-05,3,0,0,0,0.5014109395754862,5,0.0
6460,7.616769842161487e-06,1,5.710000494866709e-06,1,0,0,0,0.7529057641609425,2,0.0
6461,1.3329347223782601e-05,2,0.0,0,0,0,0,0.007446378318590627,2,0.0
6462,1.142515476324223e-05,2,7.613333993155613e-06,2,0,0,0,0.6692607736389057,4,0.0
6463,0.0,0,7.613333993155613e-06,2,0,0,0,77.13333993155614,2,0.0
6464,1.142515476324223e-05,2,7.613333993155613e-06,2,0,0,0,0.6692607736389057,3,0.0
6465,0.0,0,1.3323334488022323e-05,2,0,0,0,134.23334488022326,2,0.0
6466,1.3329347223782601e-05,2,0.0,0,0,0,0,0.007446378318590627,2,0.0
6467,0.0,0,1.142000098973342e-05,2,0,0,0,115.20000989733421,2,0.0
6468,2.8562886908105577e-05,5,2.6646668976044647e-05,6,0,0,0,0.9331463736292717,9,0.0
6469,7.616769842161487e-06,1,1.1420000989733419e-05,2,0,0,0,1.492852738304119,2,0.0
6470,7.616769842161487e-06,1,3.8066669965778065e-06,1,0,0,0,0.5062567727798837,2,0.0
6471,3.8083849210807435e-06,1,1.1420000989733419e-05,1,0,0,0,2.947509322226102,2,0.0
6472,7.616769842161487e-06,2,0.0,0,0,0,0,0.012958790017766002,2,0.0
6473,1.142515476324223e-05,2,0.0,0,0,0,0,0.00867667307331396,2,0.0
6474,2.285030952648446e-05,5,3.6163336467489164e-05,7,0,0,0,1.5800804963280164,10,0.0
6475,1.142515476324223e-05,2,7.613333993155613e-06,1,0,0,0,0.6692607736389057,3,0.0
6476,1.5233539684322974e-05,3,3.8066669965778065e-06,1,0,0,0,0.2547792014763549,4,0.0
6477,3.8083849210807435e-06,1,7.613333993155613e-06,1,0,0,0,1.9735348868920333,2,0.0
6478,7.616769842161487e-06,1,7.613333993155613e-06,2,0,0,0,0.9995547555420015,3,0.0
6479,5.712577381621115e-06,1,7.613333993155613e-06,1,0,0,0,1.3270075367159038,2,0.0
6480,1.142515476324223e-05,2,3.8066669965778065e-06,1,1,1,0,0.3389687233561098,3,0.0
6481,1.7137732144863347e-05,2,0.0,0,0,0,0,0.0058012271660572755,2,0.0
6482,2.475450198702483e-05,5,1.713000148460013e-05,3,3,1,2,0.6932346298306425,8,0.25
6483,3.2371271829186316e-05,6,3.0453335972622452e-05,6,2,1,1,0.94093437834363,10,0.1
6484,0.0,0,9.516667491444516e-06,2,0,0,0,96.16667491444517,2,0.0
6485,1.7137732144863347e-05,3,5.710000494866709e-06,1,0,0,0,0.3370513270562697,4,0.0
6486,7.616769842161487e-06,1,3.8066669965778065e-06,1,0,0,0,0.5062567727798837,2,0.0
6487,1.142515476324223e-05,2,2.2840001979466837e-05,5,0,0,0,1.9904289747700885,5,0.0
6488,1.3329347223782601e-05,2,3.8066669965778065e-06,1,0,0,0,0.29090520421270544,3,0.0
6489,2.094611706594409e-05,4,2.0936668481177935e-05,5,1,1,0,0.9995510533018253,9,0.0
6490,3.8083849210807435e-06,1,3.8066669965778065e-06,1,0,0,0,0.9995604515579641,2,0.0
6491,1.142515476324223e-05,2,0.0,0,0,0,0,0.00867667307331396,2,0.0
6492,1.3329347223782601e-05,2,9.516667491444516e-06,2,2,1,1,0.7160934430538777,4,0.25
6493,3.8083849210807435e-06,1,3.8066669965778065e-06,1,0,0,0,0.9995604515579641,2,0.0
6494,1.9041924605403718e-05,4,1.9033334982889032e-05,2,0,0,0,0.999551266516207,5,0.0
6495,1.3329347223782601e-05,3,2.284000197946684e-05,3,0,0,0,1.7081993336832795,6,0.0
6496,3.8083849210807435e-06,1,5.710000494866709e-06,1,0,0,0,1.4865476692249984,2,0.0
6497,7.616769842161487e-06,1,3.8066669965778065e-06,1,0,0,0,0.5062567727798837,2,0.0
6498,1.142515476324223e-05,2,0.0,0,0,0,0,0.00867667307331396,2,0.0
6499,7.616769842161487e-06,2,0.0,0,0,0,0,0.012958790017766002,2,0.0
6500,1.3329347223782601e-05,2,0.0,0,0,0,0,0.007446378318590627,2,0.0
6501,1.7137732144863347e-05,2,0.0,0,0,0,0,0.0058012271660572755,2,0.0
6502,7.616769842161487e-06,2,7.613333993155613e-06,1,0,0,0,0.9995547555420015,3,0.0
6503,7.616769842161487e-06,1,3.8066669965778065e-06,1,0,0,0,0.5062567727798837,2,0.0
6504,3.8083849210807435e-06,1,7.613333993155613e-06,1,0,0,0,1.9735348868920333,2,0.0
6505,2.475450198702483e-05,5,3.426000296920026e-05,5,0,0,0,1.3824458437001768,7,0.0
6506,0.0,0,1.3323334488022323e-05,2,0,0,0,134.23334488022326,2,0.0
6507,1.142515476324223e-05,3,7.613333993155613e-06,2,0,0,0,0.6692607736389057,3,0.0
6508,1.142515476324223e-05,2,5.710000494866709e-06,1,0,0,0,0.5041147484975076,3,0.0
6509,5.712577381621115e-06,1,7.613333993155613e-06,1,0,0,0,1.3270075367159038,2,0.0
6510,1.142515476324223e-05,2,0.0,0,0,0,0,0.00867667307331396,2,0.0
6511,1.142515476324223e-05,2,9.516667491444516e-06,1,0,0,0,0.8344067987803035,2,0.0
6512,1.142515476324223e-05,2,0.0,0,0,0,0,0.00867667307331396,2,0.0
6513,1.142515476324223e-05,2,0.0,0,0,0,0,0.00867667307331396,2,0.0
6514,2.475450198702483e-05,5,9.516667491444516e-06,2,0,0,0,0.38691853477751637,6,0.0
6515,1.5233539684322974e-05,3,0.0,0,0,0,0,0.006521651364181754,3,0.0
6516,0.0,0,1.3323334488022323e-05,2,0,0,0,134.23334488022326,2,0.0
6517,1.7137732144863347e-05,3,9.516667491444516e-06,1,0,0,0,0.5578847269830781,3,0.0
6518,1.7137732144863343e-05,2,9.516667491444516e-06,2,0,0,0,0.5578847269830782,2,0.0
6519,1.3329347223782601e-05,2,3.8066669965778065e-06,1,0,0,0,0.29090520421270544,2,0.0
6520,9.520962302701859e-06,2,0.0,0,0,0,0,0.01039397067088777,2,0.0
6521,1.3329347223782601e-05,2,0.0,0,0,0,0,0.007446378318590627,2,0.0
6522,0.0,0,1.3323334488022323e-05,2,0,0,0,134.23334488022326,2,0.0
6523,7.616769842161487e-06,1,5.710000494866709e-06,1,0,0,0,0.7529057641609425,2,0.0
6524,7.616769842161487e-06,1,7.613333993155613e-06,2,0,0,0,0.9995547555420015,2,0.0
6525,5.712577381621115e-06,1,1.3323334488022323e-05,2,0,0,0,2.3093601352243134,2,0.0
6526,7.616769842161487e-06,2,0.0,0,0,0,0,0.012958790017766002,2,0.0
6527,7.616769842161487e-06,1,3.8066669965778065e-06,1,0,0,0,0.5062567727798837,2,0.0
6528,5.712577381621115e-06,1,3.8066669965778065e-06,1,0,0,0,0.672105804376964,2,0.0
6529,1.3329347223782601e-05,2,3.8066669965778065e-06,1,0,0,0,0.29090520421270544,3,0.0
6530,7.616769842161487e-06,1,3.8066669965778065e-06,1,0,0,0,0.5062567727798837,2,0.0
6531,7.616769842161487e-06,1,3.8066669965778065e-06,1,0,0,0,0.5062567727798837,2,0.0
6532,7.616769842161487e-06,1,3.8066669965778065e-06,1,0,0,0,0.5062567727798837,2,0.0
6533,3.8083849210807435e-06,1,7.613333993155613e-06,1,0,0,0,1.9735348868920333,2,0.0
6534,9.520962302701859e-06,2,0.0,0,0,0,0,0.01039397067088777,2,0.0
6535,1.142515476324223e-05,2,7.613333993155613e-06,1,0,0,0,0.6692607736389057,2,0.0
6536,5.712577381621115e-06,1,7.613333993155613e-06,1,0,0,0,1.3270075367159038,2,0.0
6537,3.8083849210807435e-06,1,5.710000494866709e-06,1,0,0,0,1.4865476692249984,2,0.0
6538,7.616769842161487e-06,2,0.0,0,0,0,0,0.012958790017766002,2,0.0
6539,7.616769842161487e-06,1,7.613333993155613e-06,1,0,0,0,0.9995547555420015,2,0.0
6540,9.520962302701859e-06,2,0.0,0,0,0,0,0.01039397067088777,2,0.0
6541,9.520962302701859e-06,2,0.0,0,0,0,0,0.01039397067088777,2,0.0
6542,5.712577381621115e-06,1,7.613333993155613e-06,1,0,0,0,1.3270075367159038,2,0.0
6543,3.8083849210807435e-06,1,1.3323334488022323e-05,3,0,0,0,3.4344965398931366,4,0.0
6544,7.616769842161487e-06,2,0.0,0,0,0,0,0.012958790017766002,2,0.0
6545,1.142515476324223e-05,3,7.613333993155613e-06,2,0,0,0,0.6692607736389057,4,0.0
6546,3.8083849210807435e-06,1,3.8066669965778065e-06,1,0,0,0,0.9995604515579641,2,0.0
6547,3.8083849210807435e-06,1,1.142000098973342e-05,2,0,0,0,2.9475093222261024,2,0.0
6548,5.712577381621115e-06,1,7.613333993155613e-06,1,0,0,0,1.3270075367159038,2,0.0
6549,5.712577381621115e-06,1,7.613333993155613e-06,1,0,0,0,1.3270075367159038,2,0.0
6550,7.616769842161487e-06,1,3.8066669965778065e-06,1,0,0,0,0.5062567727798837,2,0.0
6551,7.616769842161487e-06,2,7.613333993155613e-06,1,0,0,0,0.9995547555420015,3,0.0
6552,3.8083849210807435e-06,1,7.613333993155613e-06,1,0,0,0,1.9735348868920333,2,0.0
6553,0.0,0,1.3323334488022323e-05,2,0,0,0,134.23334488022326,2,0.0
6554,7.616769842161487e-06,2,0.0,0,0,0,0,0.012958790017766002,2,0.0
6555,0.0,0,7.613333993155613e-06,2,0,0,0,77.13333993155614,2,0.0
6556,7.616769842161487e-06,2,0.0,0,0,0,0,0.012958790017766002,2,0.0
6557,7.616769842161487e-06,1,7.613333993155613e-06,2,1,1,0,0.9995547555420015,3,0.0
6558,7.616769842161487e-06,2,0.0,0,0,0,0,0.012958790017766002,2,0.0
6559,3.8083849210807435e-06,1,3.8066669965778065e-06,1,0,0,0,0.9995604515579641,2,0.0
6560,9.520962302701859e-06,2,7.613333993155613e-06,1,0,0,0,0.801721672996211,3,0.0
6561,7.616769842161487e-06,1,3.8066669965778065e-06,1,0,0,0,0.5062567727798837,2,0.0
6562,1.3329347223782601e-05,1,1.142000098973342e-05,3,0,0,0,0.8578228560009351,3,0.0
6563,7.616769842161487e-06,2,0.0,0,0,0,0,0.012958790017766002,2,0.0
6564,7.616769842161487e-06,1,2.2840001979466837e-05,3,0,0,0,2.9727466865904715,3,0.0
6565,1.142515476324223e-05,1,5.710000494866709e-06,1,0,0,0,0.5041147484975076,2,0.0
6566,0.0,0,9.516667491444516e-06,2,0,0,0,96.16667491444517,2,0.0
6567,7.616769842161487e-06,1,7.613333993155613e-06,1,0,0,0,0.9995547555420015,2,0.0
6568,7.616769842161487e-06,2,5.710000494866709e-06,1,0,0,0,0.7529057641609425,2,0.0
6569,7.616769842161487e-06,1,3.8066669965778065e-06,1,0,0,0,0.5062567727798837,2,0.0
6570,3.8083849210807435e-06,1,1.3323334488022323e-05,2,0,0,0,3.4344965398931366,3,0.0
6571,1.3329347223782601e-05,3,3.0453335972622452e-05,7,0,0,0,2.2751169854715094,10,0.0
6572,7.616769842161487e-06,1,3.8066669965778065e-06,1,0,0,0,0.5062567727798837,2,0.0
6573,0.0,0,1.142000098973342e-05,2,0,0,0,115.20000989733421,2,0.0
6574,1.7137732144863347e-05,2,1.1420000989733419e-05,2,1,1,1,0.6683014269464822,3,0.3333333333333333
6575,1.142515476324223e-05,3,0.0,0,0,0,0,0.00867667307331396,3,0.0
6576,7.616769842161487e-06,1,5.710000494866709e-06,1,0,0,0,0.7529057641609425,2,0.0
6577,7.616769842161487e-06,1,1.3323334488022323e-05,3,0,0,0,1.739501729685178,4,0.0
6578,0.0,0,1.142000098973342e-05,2,0,0,0,115.20000989733421,2,0.0
6579,1.3329347223782601e-05,2,0.0,0,0,0,0,0.007446378318590627,2,0.0
6580,9.520962302701859e-06,2,7.613333993155613e-06,1,0,0,0,0.801721672996211,3,0.0
6581,7.616769842161487e-06,1,5.710000494866709e-06,1,0,0,0,0.7529057641609425,2,0.0
6582,3.8083849210807435e-06,1,7.613333993155613e-06,1,0,0,0,1.9735348868920333,2,0.0
6583,0.0,0,1.142000098973342e-05,2,0,0,0,115.20000989733421,2,0.0
6584,3.8083849210807435e-06,1,3.8066669965778065e-06,1,0,0,0,0.9995604515579641,2,0.0
6585,9.520962302701859e-06,2,3.8066669965778065e-06,1,0,0,0,0.4060578218335493,3,0.0
6586,7.616769842161487e-06,1,7.613333993155613e-06,1,0,0,0,0.9995547555420015,2,0.0
6587,9.520962302701859e-06,2,0.0,0,0,0,0,0.01039397067088777,2,0.0
6588,0.0,0,1.142000098973342e-05,2,0,0,0,115.20000989733421,2,0.0
6589,5.712577381621115e-06,1,4.3776670460644776e-05,3,0,0,0,7.548573993935832,3,0.0
6590,7.616769842161487e-06,1,3.8066669965778065e-06,1,0,0,0,0.5062567727798837,2,0.0
6591,7.616769842161487e-06,2,0.0,0,0,0,0,0.012958790017766002,2,0.0
6592,0.0,0,1.142000098973342e-05,2,0,0,0,115.20000989733421,2,0.0
6593,9.520962302701859e-06,2,3.8066669965778065e-06,1,0,0,0,0.4060578218335493,2,0.0
6594,0.0,0,1.713000148460013e-05,2,0,0,0,172.3000148460013,2,0.0
6595,3.8083849210807435e-06,1,7.613333993155613e-06,1,0,0,0,1.9735348868920333,2,0.0
6596,1.3329347223782601e-05,2,0.0,0,0,0,0,0.007446378318590627,2,0.0
6597,5.712577381621115e-06,1,3.8066669965778065e-06,1,0,0,0,0.672105804376964,2,0.0
6598,3.8083849210807435e-06,1,3.8066669965778065e-06,1,0,0,0,0.9995604515579641,2,0.0
6599,5.712577381621115e-06,1,1.142000098973342e-05,2,0,0,0,1.9819092690548437,2,0.0
6600,7.616769842161487e-06,1,3.8066669965778065e-06,1,1,0,1,0.5062567727798837,2,0.5
6601,0.0,0,1.142000098973342e-05,2,0,0,0,115.20000989733421,2,0.0
6602,5.712577381621115e-06,1,1.142000098973342e-05,2,0,0,0,1.9819092690548437,2,0.0
6603,1.3329347223782601e-05,2,1.5226667986311226e-05,2,0,0,0,1.1412816818950497,2,0.0
6604,7.616769842161487e-06,1,7.613333993155613e-06,1,0,0,0,0.9995547555420015,2,0.0
6605,2.094611706594409e-05,4,1.142000098973342e-05,2,0,0,0,0.5473694246609787,6,0.0
6606,5.712577381621115e-06,1,1.713000148460013e-05,2,0,0,0,2.964261867563253,2,0.0
6607,7.616769842161487e-06,1,1.1420000989733419e-05,2,0,0,0,1.492852738304119,2,0.0
6608,0.0,0,1.142000098973342e-05,2,0,0,0,115.20000989733421,2,0.0
6609,3.8083849210807435e-06,1,3.8066669965778065e-06,1,0,0,0,0.9995604515579641,2,0.0
6610,0.0,0,2.2840001979466837e-05,4,0,0,0,229.40001979466837,4,0.0
6611,0.0,0,1.142000098973342e-05,2,0,0,0,115.20000989733421,2,0.0
6612,7.616769842161487e-06,1,7.613333993155613e-06,1,0,0,0,0.9995547555420015,2,0.0
6613,7.616769842161487e-06,1,3.8066669965778065e-06,1,0,0,0,0.5062567727798837,2,0.0
6614,3.8083849210807435e-06,1,7.613333993155613e-06,1,0,0,0,1.9735348868920333,2,0.0
6615,7.616769842161487e-06,1,7.613333993155613e-06,2,0,0,0,0.9995547555420015,3,0.0
6616,3.8083849210807435e-06,1,7.613333993155613e-06,2,0,0,0,1.9735348868920333,3,0.0
6617,1.3329347223782601e-05,2,0.0,0,0,0,0,0.007446378318590627,2,0.0
6618,0.0,0,1.142000098973342e-05,2,0,0,0,115.20000989733421,2,0.0
6619,3.8083849210807435e-06,1,7.613333993155613e-06,1,0,0,0,1.9735348868920333,2,0.0
6620,3.8083849210807435e-06,1,3.8066669965778065e-06,1,0,0,0,0.9995604515579641,2,0.0
6621,3.8083849210807435e-06,1,9.516667491444516e-06,2,0,0,0,2.4605221045590673,3,0.0
6622,1.3329347223782601e-05,2,7.613333993155613e-06,1,1,1,0,0.5743640301068202,2,0.0
6623,3.8083849210807435e-06,1,7.613333993155613e-06,1,0,0,0,1.9735348868920333,2,0.0
6624,1.3329347223782601e-05,2,0.0,0,0,0,0,0.007446378318590627,2,0.0
6625,0.0,0,1.142000098973342e-05,2,0,0,0,115.20000989733421,2,0.0
6626,7.616769842161487e-06,2,7.613333993155613e-06,1,0,0,0,0.9995547555420015,3,0.0
6627,7.616769842161487e-06,2,0.0,0,0,0,0,0.012958790017766002,2,0.0
6628,9.520962302701859e-06,2,0.0,0,0,0,0,0.01039397067088777,2,0.0
6629,0.0,0,7.613333993155613e-06,2,0,0,0,77.13333993155614,2,0.0
6630,1.3329347223782601e-05,3,2.0936668481177935e-05,4,0,0,0,1.5664699207362218,6,0.0
6631,7.616769842161487e-06,1,5.710000494866709e-06,1,0,0,0,0.7529057641609425,2,0.0
6632,7.616769842161487e-06,2,1.142000098973342e-05,3,0,0,0,1.4928527383041192,5,0.0
6633,3.8083849210807435e-06,1,9.516667491444516e-06,2,0,0,0,2.4605221045590673,3,0.0
6634,0.0,0,7.613333993155613e-06,2,0,0,0,77.13333993155614,2,0.0
6635,2.285030952648446e-05,2,1.9033334982889035e-05,3,1,1,0,0.8336852695084278,4,0.0
6636,7.616769842161487e-06,2,3.8066669965778065e-06,1,0,0,0,0.5062567727798837,3,0.0
6637,7.616769842161487e-06,2,3.8066669965778065e-06,1,0,0,0,0.5062567727798837,3,0.0
6638,3.8083849210807435e-06,1,7.613333993155613e-06,1,0,0,0,1.9735348868920333,2,0.0
6639,3.8083849210807435e-06,1,7.613333993155613e-06,1,0,0,0,1.9735348868920333,2,0.0
6640,0.0,0,1.3323334488022323e-05,2,1,0,1,134.23334488022326,2,0.5
6641,0.0,0,1.3323334488022323e-05,2,0,0,0,134.23334488022326,2,0.0
6642,3.8083849210807435e-06,1,3.8066669965778065e-06,1,0,0,0,0.9995604515579641,2,0.0
6643,9.520962302701859e-06,2,3.8066669965778065e-06,1,0,0,0,0.4060578218335493,3,0.0
6644,7.616769842161487e-06,1,9.516667491444516e-06,2,2,1,1,1.2462037469230602,3,0.3333333333333333
6645,0.0,0,1.142000098973342e-05,2,0,0,0,115.20000989733421,2,0.0
6646,0.0,0,7.613333993155613e-06,2,0,0,0,77.13333993155614,2,0.0
6647,1.3329347223782601e-05,2,9.516667491444516e-06,2,0,0,0,0.7160934430538777,4,0.0
6648,3.237127182918632e-05,8,4.5680003958933675e-05,8,0,0,0,1.4098617448604214,13,0.0
6649,9.520962302701859e-06,2,7.613333993155613e-06,2,0,0,0,0.801721672996211,4,0.0
6650,0.0,0,1.142000098973342e-05,2,0,0,0,115.20000989733421,2,0.0
6651,7.616769842161487e-06,2,1.5226667986311226e-05,3,0,0,0,1.9861507210662366,5,0.0
6652,0.0,0,1.142000098973342e-05,2,0,0,0,115.20000989733421,2,0.0
6653,5.712577381621115e-06,1,3.8066669965778065e-06,1,0,0,0,0.672105804376964,2,0.0
6654,3.8083849210807435e-06,1,3.8066669965778065e-06,1,0,0,0,0.9995604515579641,2,0.0
6655,0.0,0,9.516667491444516e-06,2,0,0,0,96.16667491444517,2,0.0
6656,5.712577381621115e-06,1,2.855000247433355e-05,5,0,0,0,4.928967064580072,5,0.0
6657,7.616769842161487e-06,1,3.8066669965778065e-06,1,0,0,0,0.5062567727798837,2,0.0
6658,3.8083849210807435e-06,1,7.613333993155613e-06,1,0,0,0,1.9735348868920333,2,0.0
6659,7.616769842161487e-06,2,7.613333993155613e-06,2,0,0,0,0.9995547555420015,4,0.0
6660,9.520962302701859e-06,1,9.516667491444516e-06,2,0,0,0,0.9995535985775418,2,0.0
6661,7.616769842161487e-06,2,3.8066669965778065e-06,1,0,0,0,0.5062567727798837,3,0.0
6662,3.8083849210807435e-06,1,2.474333547775574e-05,5,0,0,0,6.356419845895342,6,0.0
6663,5.712577381621115e-06,1,3.8066669965778065e-06,1,0,0,0,0.672105804376964,2,0.0
6664,1.5233539684322974e-05,2,4.187333696235587e-05,3,0,0,0,2.737354702598086,3,0.0
6665,7.616769842161487e-06,1,3.8066669965778065e-06,1,0,0,0,0.5062567727798837,2,0.0
6666,2.094611706594409e-05,3,2.474333547775574e-05,4,1,1,1,1.1804237047581638,5,0.2
6667,9.520962302701859e-06,2,3.8066669965778065e-06,1,0,0,0,0.4060578218335493,3,0.0
6668,0.0,0,1.142000098973342e-05,2,0,0,0,115.20000989733421,2,0.0
6669,3.8083849210807435e-06,1,7.613333993155613e-06,1,0,0,0,1.9735348868920333,2,0.0
6670,0.0,0,1.3323334488022323e-05,2,0,0,0,134.23334488022326,2,0.0
6671,3.8083849210807435e-06,1,1.713000148460013e-05,2,0,0,0,4.408470975227205,2,0.0
6672,0.0,0,1.142000098973342e-05,2,0,0,0,115.20000989733421,2,0.0
6673,3.8083849210807435e-06,1,3.8066669965778065e-06,1,0,0,0,0.9995604515579641,2,0.0
6674,7.616769842161487e-06,2,5.710000494866709e-06,1,0,0,0,0.7529057641609425,3,0.0
6675,0.0,0,9.516667491444516e-06,2,0,0,0,96.16667491444517,2,0.0
6676,7.616769842161487e-06,1,7.613333993155613e-06,2,0,0,0,0.9995547555420015,3,0.0
6677,1.5233539684322974e-05,2,1.1420000989733419e-05,2,0,0,0,0.7512943017007012,3,0.0
6678,0.0,0,1.142000098973342e-05,2,0,0,0,115.20000989733421,2,0.0
6679,3.8083849210807435e-06,1,7.613333993155613e-06,1,0,0,0,1.9735348868920333,2,0.0
6680,9.520962302701859e-06,2,0.0,0,0,0,0,0.01039397067088777,2,0.0
6681,5.712577381621115e-06,1,3.8066669965778065e-06,1,0,0,0,0.672105804376964,2,0.0
6682,7.616769842161487e-06,2,3.8066669965778065e-06,1,0,0,0,0.5062567727798837,2,0.0
6683,3.8083849210807435e-06,1,3.8066669965778065e-06,1,0,0,0,0.9995604515579641,2,0.0
6684,2.094611706594409e-05,4,7.613333993155613e-06,2,0,0,0,0.36649677320463997,5,0.0
6685,1.7137732144863347e-05,3,3.8066669965778065e-06,1,0,0,0,0.22663462709286558,4,0.0
6686,9.520962302701859e-06,2,3.8066669965778065e-06,1,0,0,0,0.4060578218335493,3,0.0
6687,0.0,0,1.142000098973342e-05,2,1,0,1,115.20000989733421,2,0.5
6688,0.0,0,1.142000098973342e-05,2,0,0,0,115.20000989733421,2,0.0
6689,3.8083849210807435e-06,1,3.8066669965778065e-06,1,0,0,0,0.9995604515579641,2,0.0
6690,7.616769842161487e-06,1,9.516667491444516e-06,2,0,0,0,1.2462037469230602,3,0.0
6691,1.3329347223782601e-05,2,1.142000098973342e-05,2,0,0,0,0.8578228560009351,3,0.0
6692,1.3329347223782601e-05,2,0.0,0,0,0,0,0.007446378318590627,2,0.0
6693,0.0,0,1.142000098973342e-05,2,0,0,0,115.20000989733421,2,0.0
6694,7.616769842161487e-06,1,1.713000148460013e-05,2,0,0,0,2.2327997124472954,2,0.0
6695,0.0,0,1.142000098973342e-05,2,0,0,0,115.20000989733421,2,0.0
6696,3.8083849210807435e-06,1,3.8066669965778065e-06,1,0,0,0,0.9995604515579641,2,0.0
6697,5.712577381621115e-06,1,7.613333993155613e-06,1,0,0,0,1.3270075367159038,2,0.0
6698,1.142515476324223e-05,2,1.713000148460013e-05,2,0,0,0,1.494990899345895,3,0.0
6699,5.712577381621115e-06,1,3.8066669965778065e-06,1,0,0,0,0.672105804376964,2,0.0
6700,7.616769842161487e-06,1,3.8066669965778065e-06,1,0,0,0,0.5062567727798837,2,0.0
6701,3.8083849210807435e-06,1,9.516667491444516e-06,2,0,0,0,2.4605221045590673,3,0.0
6702,7.616769842161487e-06,1,3.8066669965778065e-06,1,0,0,0,0.5062567727798837,2,0.0
6703,3.8083849210807435e-06,1,3.8066669965778065e-06,1,0,0,0,0.9995604515579641,2,0.0
6704,3.8083849210807435e-06,1,1.5226667986311226e-05,2,0,0,0,3.9214837575601704,2,0.0
6705,9.520962302701859e-06,2,0.0,0,0,0,0,0.01039397067088777,2,0.0
6706,5.712577381621115e-06,1,1.9033334982889032e-05,4,0,0,0,3.2917127337327226,5,0.0
6707,7.616769842161487e-06,2,0.0,0,0,0,0,0.012958790017766002,2,0.0
6708,0.0,0,1.142000098973342e-05,2,0,0,0,115.20000989733421,2,0.0
6709,7.616769842161487e-06,2,1.713000148460013e-05,2,0,0,0,2.2327997124472954,3,0.0
6710,7.616769842161487e-06,1,3.8066669965778065e-06,1,0,0,0,0.5062567727798837,2,0.0
6711,1.5233539684322974e-05,4,1.142000098973342e-05,2,0,0,0,0.7512943017007013,6,0.0
6712,3.8083849210807435e-06,1,3.8066669965778065e-06,1,0,0,0,0.9995604515579641,2,0.0
6713,3.8083849210807435e-06,1,3.8066669965778065e-06,1,0,0,0,0.9995604515579641,2,0.0
6714,3.8083849210807435e-06,1,3.8066669965778065e-06,1,0,0,0,0.9995604515579641,2,0.0
6715,2.475450198702483e-05,6,2.855000247433355e-05,6,0,0,0,1.152708772410332,11,0.0
6716,3.8083849210807435e-06,1,1.142000098973342e-05,2,0,0,0,2.9475093222261024,2,0.0
6717,0.0,0,1.142000098973342e-05,2,0,0,0,115.20000989733421,2,0.0
6718,3.8083849210807435e-06,1,7.613333993155613e-06,1,0,0,0,1.9735348868920333,2,0.0
6719,7.616769842161487e-06,1,3.8066669965778065e-06,1,0,0,0,0.5062567727798837,2,0.0
6720,0.0,0,7.613333993155613e-06,2,0,0,0,77.13333993155614,2,0.0
6721,0.0,0,1.142000098973342e-05,2,0,0,0,115.20000989733421,2,0.0
6722,3.8083849210807435e-06,1,7.613333993155613e-06,1,0,0,0,1.9735348868920333,2,0.0
6723,0.0,0,7.613333993155613e-06,2,0,0,0,77.13333993155614,2,0.0
6724,5.712577381621115e-06,1,7.613333993155613e-06,1,2,1,1,1.3270075367159038,2,0.5
6725,7.616769842161487e-06,1,1.3323334488022323e-05,3,0,0,0,1.739501729685178,3,0.0
6726,7.616769842161487e-06,1,3.8066669965778065e-06,1,0,0,0,0.5062567727798837,2,0.0
6727,0.0,0,2.0936668481177935e-05,3,0,0,0,210.36668481177935,3,0.0
6728,9.520962302701859e-06,2,1.142000098973342e-05,2,0,0,0,1.1973855241588727,4,0.0
6729,3.8083849210807435e-06,1,9.516667491444516e-06,2,0,0,0,2.4605221045590673,2,0.0
6730,3.8083849210807435e-06,1,1.142000098973342e-05,2,2,0,2,2.9475093222261024,3,0.6666666666666666
6731,7.616769842161487e-06,2,0.0,0,0,0,0,0.012958790017766002,2,0.0
6732,7.616769842161487e-06,1,5.710000494866709e-06,1,0,0,0,0.7529057641609425,2,0.0
6733,0.0,0,1.3323334488022323e-05,2,1,0,1,134.23334488022326,2,0.5
6734,3.8083849210807435e-06,1,3.8066669965778065e-06,1,0,0,0,0.9995604515579641,2,0.0
6735,5.712577381621115e-06,1,7.613333993155613e-06,1,0,0,0,1.3270075367159038,2,0.0
6736,1.3329347223782601e-05,2,0.0,0,0,0,0,0.007446378318590627,2,0.0
6737,7.616769842161487e-06,2,1.142000098973342e-05,2,0,0,0,1.4928527383041192,4,0.0
6738,7.616769842161487e-06,2,7.613333993155613e-06,1,0,0,0,0.9995547555420015,3,0.0
6739,0.0,0,1.142000098973342e-05,2,0,0,0,115.20000989733421,2,0.0
6740,5.712577381621115e-06,1,1.5226667986311226e-05,3,0,0,0,2.636811001393783,4,0.0
6741,3.8083849210807435e-06,1,7.613333993155613e-06,1,0,0,0,1.9735348868920333,2,0.0
6742,1.142515476324223e-05,3,1.3323334488022323e-05,2,0,0,0,1.1646988490630994,5,0.0
6743,7.616769842161487e-06,2,0.0,0,0,0,0,0.012958790017766002,2,0.0
6744,5.712577381621115e-06,1,7.613333993155613e-06,1,2,1,1,1.3270075367159038,2,0.5
6745,0.0,0,1.142000098973342e-05,2,0,0,0,115.20000989733421,2,0.0
6746,3.8083849210807435e-06,1,7.613333993155613e-06,1,0,0,0,1.9735348868920333,2,0.0
6747,7.616769842161487e-06,2,0.0,0,0,0,0,0.012958790017766002,2,0.0
6748,2.285030952648446e-05,3,3.8066669965778065e-06,1,0,0,0,0.17022284566879356,3,0.0
6749,7.616769842161487e-06,2,0.0,0,0,0,0,0.012958790017766002,2,0.0
6750,0.0,0,1.3323334488022323e-05,2,0,0,0,134.23334488022326,2,0.0
6751,5.712577381621115e-06,1,7.613333993155613e-06,1,0,0,0,1.3270075367159038,2,0.0
6752,9.520962302701859e-06,2,5.710000494866709e-06,1,0,0,0,0.6038897474148801,3,0.0
6753,0.0,0,1.5226667986311226e-05,2,0,0,0,153.26667986311224,2,0.0
6754,1.3329347223782601e-05,2,1.9033334982889032e-05,3,0,0,0,1.4247405077891646,4,0.0
6755,0.0,0,1.142000098973342e-05,2,0,0,0,115.20000989733421,2,0.0
6756,1.7137732144863347e-05,2,3.8066669965778064e-05,2,0,0,0,2.2141352264341405,3,0.0
6757,3.8083849210807435e-06,1,3.8066669965778065e-06,1,0,0,0,0.9995604515579641,2,0.0
6758,0.0,0,1.142000098973342e-05,2,0,0,0,115.20000989733421,2,0.0
6759,7.616769842161487e-06,1,3.8066669965778065e-06,1,0,0,0,0.5062567727798837,2,0.0
6760,3.8083849210807435e-06,1,1.9033334982889032e-05,4,0,0,0,4.895458192894239,5,0.0
6761,0.0,0,1.142000098973342e-05,2,0,0,0,115.20000989733421,2,0.0
6762,0.0,0,1.142000098973342e-05,2,0,0,0,115.20000989733421,2,0.0
6763,3.8083849210807435e-06,1,7.613333993155613e-06,1,0,0,0,1.9735348868920333,2,0.0
6764,7.616769842161487e-06,1,3.8066669965778065e-06,1,0,0,0,0.5062567727798837,2,0.0
6765,9.520962302701859e-06,2,0.0,0,0,0,0,0.01039397067088777,2,0.0
6766,1.142515476324223e-05,1,7.613333993155613e-06,2,0,0,0,0.6692607736389057,2,0.0
6767,0.0,0,1.3323334488022323e-05,2,0,0,0,134.23334488022326,2,0.0
6768,2.094611706594409e-05,3,2.284000197946684e-05,4,1,1,0,1.0899873790299948,7,0.0
6769,3.8083849210807435e-06,1,5.710000494866709e-06,1,0,0,0,1.4865476692249984,2,0.0
6770,3.8083849210807435e-06,1,7.613333993155613e-06,1,0,0,0,1.9735348868920333,2,0.0
6771,2.094611706594409e-05,5,2.284000197946684e-05,5,0,0,0,1.0899873790299948,9,0.0
6772,1.3329347223782601e-05,2,5.710000494866709e-06,1,0,0,0,0.4326346171597628,2,0.0
6773,7.616769842161487e-06,1,7.613333993155613e-06,1,0,0,0,0.9995547555420015,2,0.0
6774,1.3329347223782601e-05,2,0.0,0,0,0,0,0.007446378318590627,2,0.0
6775,7.616769842161487e-06,2,1.142000098973342e-05,2,0,0,0,1.4928527383041192,4,0.0
6776,7.616769842161487e-06,1,3.8066669965778065e-06,1,0,0,0,0.5062567727798837,2,0.0
6777,0.0,0,1.142000098973342e-05,2,0,0,0,115.20000989733421,2,0.0
6778,7.616769842161487e-06,1,7.613333993155613e-06,1,0,0,0,0.9995547555420015,2,0.0
6779,0.0,0,1.142000098973342e-05,2,0,0,0,115.20000989733421,2,0.0
6780,7.616769842161487e-06,2,0.0,0,0,0,0,0.012958790017766002,2,0.0
6781,1.142515476324223e-05,1,9.516667491444516e-06,2,2,1,1,0.8344067987803035,3,0.3333333333333333
6782,1.5233539684322974e-05,2,1.713000148460013e-05,3,0,0,0,1.1236806268689608,4,0.0
6783,3.8083849210807435e-06,1,7.613333993155613e-06,2,0,0,0,1.9735348868920333,3,0.0
6784,0.0,0,7.613333993155613e-06,2,0,0,0,77.13333993155614,2,0.0
6785,7.616769842161487e-06,2,1.5226667986311226e-05,3,0,0,0,1.9861507210662366,4,0.0
6786,3.8083849210807435e-06,1,5.710000494866709e-06,1,0,0,0,1.4865476692249984,2,0.0
6787,3.8083849210807435e-06,1,1.142000098973342e-05,2,0,0,0,2.9475093222261024,3,0.0
6788,7.616769842161487e-06,1,7.613333993155613e-06,1,0,0,0,0.9995547555420015,2,0.0
6789,1.9041924605403718e-05,3,3.8066669965778065e-06,1,0,0,0,0.20408956137435438,4,0.0
6790,0.0,0,1.142000098973342e-05,2,0,0,0,115.20000989733421,2,0.0
6791,1.5233539684322974e-05,4,2.284000197946684e-05,4,0,0,0,1.4960669520372207,7,0.0
6792,3.8083849210807435e-06,1,7.613333993155613e-06,1,0,0,0,1.9735348868920333,2,0.0
6793,9.520962302701859e-06,2,5.710000494866709e-06,1,0,0,0,0.6038897474148801,2,0.0
6794,0.0,0,1.3323334488022323e-05,2,0,0,0,134.23334488022326,2,0.0
6795,7.616769842161487e-06,2,1.142000098973342e-05,2,0,0,0,1.4928527383041192,3,0.0
6796,0.0,0,7.613333993155613e-06,2,0,0,0,77.13333993155614,2,0.0
6797,1.5233539684322974e-05,1,2.2840001979466837e-05,2,0,0,0,1.4960669520372205,2,0.0
6798,1.5233539684322974e-05,2,0.0,0,0,0,0,0.006521651364181754,2,0.0
6799,3.8083849210807435e-06,1,7.613333993155613e-06,1,0,0,0,1.9735348868920333,2,0.0
6800,7.616769842161487e-06,1,7.613333993155613e-06,2,0,0,0,0.9995547555420015,3,0.0
6801,3.8083849210807435e-06,1,7.613333993155613e-06,1,0,0,0,1.9735348868920333,2,0.0
6802,1.5233539684322974e-05,2,1.9033334982889032e-05,2,0,0,0,1.2478094019250474,2,0.0
6803,0.0,0,1.142000098973342e-05,2,0,0,0,115.20000989733421,2,0.0
6804,1.3329347223782601e-05,2,9.516667491444516e-06,2,0,0,0,0.7160934430538777,4,0.0
6805,0.0,0,1.142000098973342e-05,2,0,0,0,115.20000989733421,2,0.0
6806,1.5233539684322974e-05,1,9.516667491444516e-06,2,0,0,0,0.6271655266446147,2,0.0
6807,7.616769842161487e-06,1,5.710000494866709e-06,1,0,0,0,0.7529057641609425,2,0.0
6808,3.8083849210807435e-06,1,1.3323334488022323e-05,2,0,0,0,3.4344965398931366,3,0.0
6809,0.0,0,1.713000148460013e-05,3,0,0,0,172.3000148460013,3,0.0
6810,3.8083849210807435e-06,1,7.613333993155613e-06,1,0,0,0,1.9735348868920333,2,0.0
6811,1.7137732144863347e-05,4,3.8066669965778065e-06,1,0,0,0,0.22663462709286558,5,0.0
6812,5.712577381621115e-06,1,3.8066669965778065e-06,1,0,0,0,0.672105804376964,2,0.0
6813,9.520962302701859e-06,2,1.142000098973342e-05,2,0,0,0,1.1973855241588727,4,0.0
6814,3.8083849210807435e-06,1,3.8066669965778065e-06,1,0,0,0,0.9995604515579641,2,0.0
6815,0.0,0,9.516667491444516e-06,2,0,0,0,96.16667491444517,2,0.0
6816,5.712577381621115e-06,1,3.8066669965778065e-06,1,0,0,0,0.672105804376964,2,0.0
6817,3.8083849210807435e-06,1,3.8066669965778065e-06,1,0,0,0,0.9995604515579641,2,0.0
6818,3.8083849210807435e-06,1,5.710000494866709e-06,1,0,0,0,1.4865476692249984,2,0.0
6819,7.616769842161487e-06,1,3.8066669965778065e-06,1,0,0,0,0.5062567727798837,2,0.0
6820,1.3329347223782601e-05,2,0.0,0,0,0,0,0.007446378318590627,2,0.0
6821,3.8083849210807435e-06,1,3.8066669965778065e-06,1,0,0,0,0.9995604515579641,2,0.0
6822,0.0,0,1.142000098973342e-05,2,0,0,0,115.20000989733421,2,0.0
6823,2.094611706594409e-05,5,2.474333547775574e-05,6,0,0,0,1.1804237047581638,11,0.0
6824,0.0,0,1.142000098973342e-05,2,0,0,0,115.20000989733421,2,0.0
6825,7.616769842161487e-06,2,1.142000098973342e-05,2,0,0,0,1.4928527383041192,4,0.0
6826,3.8083849210807435e-06,1,7.613333993155613e-06,1,0,0,0,1.9735348868920333,2,0.0
6827,7.616769842161487e-06,1,9.516667491444516e-06,2,0,0,0,1.2462037469230602,2,0.0
6828,1.5233539684322974e-05,4,2.0936668481177935e-05,3,0,0,0,1.3719381769811339,7,0.0
6829,0.0,0,9.516667491444516e-06,2,0,0,0,96.16667491444517,2,0.0
6830,7.616769842161487e-06,2,1.713000148460013e-05,3,0,0,0,2.2327997124472954,5,0.0
6831,3.8083849210807435e-06,1,7.613333993155613e-06,1,0,0,0,1.9735348868920333,2,0.0
6832,0.0,0,1.5226667986311226e-05,4,0,0,0,153.26667986311224,4,0.0
6833,7.616769842161487e-06,1,3.8066669965778065e-06,1,0,0,0,0.5062567727798837,2,0.0
6834,0.0,0,9.516667491444516e-06,2,0,0,0,96.16667491444517,2,0.0
6835,0.0,0,7.613333993155613e-06,2,0,0,0,77.13333993155614,2,0.0
6836,0.0,0,1.5226667986311226e-05,2,0,0,0,153.26667986311224,2,0.0
6837,0.0,0,1.142000098973342e-05,2,0,0,0,115.20000989733421,2,0.0
6838,9.520962302701859e-06,2,0.0,0,0,0,0,0.01039397067088777,2,0.0
6839,3.8083849210807435e-06,1,2.284000197946684e-05,4,0,0,0,5.869432628228308,5,0.0
6840,3.8083849210807435e-06,1,3.8066669965778065e-06,1,0,0,0,0.9995604515579641,2,0.0
6841,0.0,0,1.3323334488022323e-05,2,0,0,0,134.23334488022326,2,0.0
6842,0.0,0,1.142000098973342e-05,2,0,0,0,115.20000989733421,2,0.0
6843,1.142515476324223e-05,3,2.284000197946684e-05,4,0,0,0,1.990428974770089,6,0.0
6844,5.712577381621115e-06,1,1.142000098973342e-05,2,0,0,0,1.9819092690548437,3,0.0
6845,7.616769842161487e-06,2,0.0,0,0,0,0,0.012958790017766002,2,0.0
6846,0.0,0,7.613333993155613e-06,2,0,0,0,77.13333993155614,2,0.0
6847,0.0,0,1.142000098973342e-05,3,0,0,0,115.20000989733421,3,0.0
6848,3.8083849210807435e-06,1,3.235666947091135e-05,6,0,0,0,8.30436871656348,6,0.0
6849,9.520962302701859e-06,2,0.0,0,0,0,0,0.01039397067088777,2,0.0
6850,3.8083849210807435e-06,1,7.613333993155613e-06,2,0,0,0,1.9735348868920333,2,0.0
6851,3.8083849210807435e-06,1,3.8066669965778065e-06,1,0,0,0,0.9995604515579641,2,0.0
6852,0.0,0,1.142000098973342e-05,2,0,0,0,115.20000989733421,2,0.0
6853,7.616769842161487e-06,2,3.8066669965778065e-06,1,0,0,0,0.5062567727798837,3,0.0
6854,3.8083849210807435e-06,1,7.613333993155613e-06,1,0,0,0,1.9735348868920333,2,0.0
6855,3.8083849210807435e-06,1,1.142000098973342e-05,2,0,0,0,2.9475093222261024,3,0.0
6856,3.8083849210807435e-06,1,3.8066669965778065e-06,1,0,0,0,0.9995604515579641,2,0.0
6857,0.0,0,1.5226667986311226e-05,3,0,0,0,153.26667986311224,3,0.0
6858,3.8083849210807435e-06,1,9.516667491444516e-06,2,0,0,0,2.4605221045590673,2,0.0
6859,0.0,0,1.5226667986311226e-05,4,0,0,0,153.26667986311224,4,0.0
6860,0.0,0,7.613333993155613e-06,2,0,0,0,77.13333993155614,2,0.0
6861,3.8083849210807435e-06,1,3.8066669965778065e-06,1,0,0,0,0.9995604515579641,2,0.0
6862,3.8083849210807435e-06,1,3.8066669965778065e-06,1,0,0,0,0.9995604515579641,2,0.0
6863,1.9041924605403718e-05,4,1.9033334982889032e-05,2,0,0,0,0.999551266516207,6,0.0
6864,1.142515476324223e-05,3,1.9033334982889032e-05,3,1,1,0,1.6601369244872928,5,0.0
6865,3.8083849210807435e-06,1,1.142000098973342e-05,2,0,0,0,2.9475093222261024,3,0.0
6866,0.0,0,7.613333993155613e-06,2,0,0,0,77.13333993155614,2,0.0
6867,3.237127182918632e-05,7,7.613333993155613e-06,2,0,0,0,0.23754332856844237,9,0.0
6868,5.712577381621115e-06,1,2.0936668481177935e-05,3,0,0,0,3.6191635999021923,3,0.0
6869,0.0,0,1.142000098973342e-05,2,0,0,0,115.20000989733421,2,0.0
6870,5.712577381621115e-06,1,7.613333993155613e-06,2,0,0,0,1.3270075367159038,2,0.0
6871,3.8083849210807435e-06,1,7.613333993155613e-06,1,0,0,0,1.9735348868920333,2,0.0
6872,3.8083849210807435e-06,1,3.8066669965778065e-06,1,0,0,0,0.9995604515579641,2,0.0
6873,0.0,0,1.142000098973342e-05,2,0,0,0,115.20000989733421,2,0.0
6874,7.616769842161487e-06,2,3.8066669965778065e-06,1,0,0,0,0.5062567727798837,3,0.0
6875,0.0,0,1.142000098973342e-05,2,0,0,0,115.20000989733421,2,0.0
6876,1.142515476324223e-05,2,3.8066669965778065e-06,1,0,0,0,0.3389687233561098,3,0.0
6877,7.616769842161487e-06,2,1.142000098973342e-05,2,0,0,0,1.4928527383041192,3,0.0
6878,3.8083849210807435e-06,1,2.0936668481177935e-05,3,0,0,0,5.382445410561274,4,0.0
6879,3.8083849210807435e-06,1,1.713000148460013e-05,3,0,0,0,4.408470975227205,4,0.0
6880,3.8083849210807435e-06,1,7.613333993155613e-06,1,0,0,0,1.9735348868920333,2,0.0
6881,3.8083849210807435e-06,1,7.613333993155613e-06,1,0,0,0,1.9735348868920333,2,0.0
6882,9.520962302701859e-06,2,7.613333993155613e-06,1,1,1,0,0.801721672996211,3,0.0
6883,9.520962302701859e-06,2,0.0,0,0,0,0,0.01039397067088777,2,0.0
6884,5.712577381621115e-06,1,2.284000197946684e-05,2,0,0,0,3.946614466071663,2,0.0
6885,0.0,0,1.142000098973342e-05,2,0,0,0,115.20000989733421,2,0.0
6886,3.8083849210807435e-06,1,7.613333993155613e-06,1,0,0,0,1.9735348868920333,2,0.0
6887,5.712577381621115e-06,1,7.613333993155613e-06,1,1,1,0,1.3270075367159038,2,0.0
6888,3.8083849210807435e-06,1,1.713000148460013e-05,3,0,0,0,4.408470975227205,4,0.0
6889,0.0,0,1.142000098973342e-05,2,0,0,0,115.20000989733421,2,0.0
6890,9.520962302701859e-06,2,0.0,0,0,0,0,0.01039397067088777,2,0.0
6891,0.0,0,1.713000148460013e-05,3,0,0,0,172.3000148460013,3,0.0
6892,3.8083849210807435e-06,1,7.613333993155613e-06,1,0,0,0,1.9735348868920333,2,0.0
6893,0.0,0,1.142000098973342e-05,2,0,0,0,115.20000989733421,2,0.0
6894,3.8083849210807435e-06,1,1.142000098973342e-05,2,0,0,0,2.9475093222261024,3,0.0
6895,0.0,0,3.235666947091135e-05,6,0,0,0,324.56669470911356,6,0.0
6896,0.0,0,1.3323334488022323e-05,2,0,0,0,134.23334488022326,2,0.0
6897,0.0,0,1.142000098973342e-05,2,0,0,0,115.20000989733421,2,0.0
6898,0.0,0,1.3323334488022323e-05,2,0,0,0,134.23334488022326,2,0.0
6899,0.0,0,1.142000098973342e-05,2,0,0,0,115.20000989733421,2,0.0
6900,0.0,0,1.142000098973342e-05,2,2,0,2,115.20000989733421,2,1.0
6901,0.0,0,7.613333993155613e-06,2,0,0,0,77.13333993155614,2,0.0
6902,5.712577381621115e-06,1,7.613333993155613e-06,1,0,0,0,1.3270075367159038,2,0.0
6903,0.0,0,1.5226667986311226e-05,3,1,0,1,153.26667986311224,3,0.3333333333333333
6904,7.616769842161487e-06,2,7.613333993155613e-06,1,0,0,0,0.9995547555420015,3,0.0
6905,3.8083849210807435e-06,1,7.613333993155613e-06,1,0,0,0,1.9735348868920333,2,0.0
6906,0.0,0,1.142000098973342e-05,2,0,0,0,115.20000989733421,2,0.0
6907,1.142515476324223e-05,3,7.613333993155613e-06,1,1,0,1,0.6692607736389057,4,0.25
6908,7.616769842161487e-06,2,0.0,0,0,0,0,0.012958790017766002,2,0.0
6909,3.8083849210807435e-06,1,7.613333993155613e-06,1,0,0,0,1.9735348868920333,2,0.0
6910,5.712577381621115e-06,1,3.8066669965778065e-06,1,0,0,0,0.672105804376964,2,0.0
6911,0.0,0,1.142000098973342e-05,2,0,0,0,115.20000989733421,2,0.0
6912,3.8083849210807435e-06,1,7.613333993155613e-06,1,0,0,0,1.9735348868920333,2,0.0
6913,3.8083849210807435e-06,1,5.710000494866709e-06,1,0,0,0,1.4865476692249984,2,0.0
6914,1.3329347223782603e-05,3,7.613333993155613e-06,1,0,0,0,0.5743640301068202,4,0.0
6915,7.616769842161487e-06,2,2.0936668481177935e-05,4,0,0,0,2.726097695209413,5,0.0
6916,3.8083849210807435e-06,1,1.142000098973342e-05,2,0,0,0,2.9475093222261024,2,0.0
6917,7.616769842161487e-06,2,2.0936668481177935e-05,4,0,0,0,2.726097695209413,6,0.0
6918,0.0,0,1.142000098973342e-05,3,0,0,0,115.20000989733421,3,0.0
6919,7.616769842161487e-06,2,7.613333993155613e-06,1,2,2,0,0.9995547555420015,3,0.0
6920,1.142515476324223e-05,3,4.187333696235587e-05,7,0,0,0,3.641889226184068,9,0.0
6921,3.8083849210807435e-06,1,7.613333993155613e-06,1,0,0,0,1.9735348868920333,2,0.0
6922,0.0,0,1.5226667986311226e-05,3,1,0,1,153.26667986311224,3,0.3333333333333333
6923,3.237127182918632e-05,6,1.9033334982889032e-05,4,1,1,0,0.589238853456036,10,0.0
6924,0.0,0,1.142000098973342e-05,2,0,0,0,115.20000989733421,2,0.0
6925,0.0,0,1.142000098973342e-05,2,0,0,0,115.20000989733421,2,0.0
6926,3.8083849210807435e-06,1,3.8066669965778065e-06,1,2,1,1,0.9995604515579641,2,0.5
6927,3.8083849210807435e-06,1,7.613333993155613e-06,1,0,0,0,1.9735348868920333,2,0.0
6928,0.0,0,7.613333993155613e-06,2,0,0,0,77.13333993155614,2,0.0
6929,3.8083849210807435e-06,1,2.8550002474333546e-05,3,1,0,1,7.3303942812294105,3,0.3333333333333333
6930,3.8083849210807435e-06,1,7.613333993155613e-06,1,0,0,0,1.9735348868920333,2,0.0
6931,3.8083849210807435e-06,1,1.9033334982889032e-05,3,1,1,0,4.895458192894239,4,0.0
6932,3.8083849210807435e-06,1,1.5226667986311226e-05,2,0,0,0,3.9214837575601704,3,0.0
6933,0.0,0,1.9033334982889032e-05,4,0,0,0,191.3333498288903,4,0.0
6934,3.8083849210807435e-06,1,1.142000098973342e-05,2,3,1,2,2.9475093222261024,3,0.6666666666666666
6935,9.520962302701859e-06,2,9.516667491444516e-06,1,0,0,0,0.9995535985775418,2,0.0
6936,0.0,0,7.613333993155613e-06,2,0,0,0,77.13333993155614,2,0.0
6937,7.616769842161487e-06,2,3.8066669965778065e-06,1,0,0,0,0.5062567727798837,3,0.0
6938,0.0,0,1.142000098973342e-05,2,0,0,0,115.20000989733421,2,0.0
6939,3.8083849210807435e-06,1,3.0453335972622452e-05,2,0,0,0,7.817381498896446,2,0.0
6940,7.616769842161487e-06,2,0.0,0,0,0,0,0.012958790017766002,2,0.0
6941,7.616769842161487e-06,2,1.142000098973342e-05,2,0,0,0,1.4928527383041192,4,0.0
6942,9.520962302701859e-06,2,1.9033334982889035e-05,3,0,0,0,1.9887132264841958,5,0.0
6943,0.0,0,7.613333993155613e-06,2,0,0,0,77.13333993155614,2,0.0
6944,0.0,0,1.713000148460013e-05,3,0,0,0,172.3000148460013,3,0.0
6945,3.8083849210807435e-06,1,1.142000098973342e-05,2,0,0,0,2.9475093222261024,3,0.0
6946,3.8083849210807435e-06,1,7.613333993155613e-06,1,0,0,0,1.9735348868920333,2,0.0
6947,0.0,0,1.142000098973342e-05,2,0,0,0,115.20000989733421,2,0.0
6948,0.0,0,7.613333993155613e-06,2,0,0,0,77.13333993155614,2,0.0
6949,3.8083849210807435e-06,1,7.613333993155613e-06,1,0,0,0,1.9735348868920333,2,0.0
6950,5.712577381621115e-06,1,7.613333993155613e-06,1,0,0,0,1.3270075367159038,2,0.0
6951,0.0,0,7.613333993155613e-06,2,0,0,0,77.13333993155614,2,0.0
6952,0.0,0,7.613333993155613e-06,2,0,0,0,77.13333993155614,2,0.0
6953,3.8083849210807435e-06,1,5.710000494866709e-06,1,0,0,0,1.4865476692249984,2,0.0
6954,3.8083849210807435e-06,1,3.8066669965778065e-06,1,0,0,0,0.9995604515579641,2,0.0
6955,3.8083849210807435e-06,1,3.8066669965778065e-06,1,0,0,0,0.9995604515579641,2,0.0
6956,1.5233539684322974e-05,3,7.613333993155613e-06,1,0,0,0,0.5030367515885281,4,0.0
6957,9.520962302701859e-06,2,0.0,0,0,0,0,0.01039397067088777,2,0.0
6958,0.0,0,1.713000148460013e-05,3,0,0,0,172.3000148460013,3,0.0
6959,5.712577381621115e-06,1,3.8066669965778065e-06,1,0,0,0,0.672105804376964,2,0.0
6960,9.520962302701859e-06,2,7.613333993155613e-06,1,0,0,0,0.801721672996211,3,0.0
6961,0.0,0,2.284000197946684e-05,3,0,0,0,229.4000197946684,3,0.0
6962,3.8083849210807435e-06,1,1.142000098973342e-05,2,0,0,0,2.9475093222261024,3,0.0
6963,1.3329347223782601e-05,3,1.142000098973342e-05,2,2,0,2,0.8578228560009351,5,0.4
6964,3.8083849210807435e-06,1,7.613333993155613e-06,1,0,0,0,1.9735348868920333,2,0.0
6965,7.616769842161487e-06,2,1.142000098973342e-05,2,0,0,0,1.4928527383041192,4,0.0
6966,0.0,0,1.5226667986311226e-05,3,1,0,1,153.26667986311224,3,0.3333333333333333
6967,0.0,0,1.9033334982889032e-05,4,1,0,1,191.3333498288903,4,0.25
6968,3.8083849210807435e-06,1,3.8066669965778065e-06,1,0,0,0,0.9995604515579641,2,0.0
6969,1.142515476324223e-05,3,4.187333696235587e-05,7,0,0,0,3.641889226184068,8,0.0
6970,3.8083849210807435e-06,1,1.142000098973342e-05,2,0,0,0,2.9475093222261024,3,0.0
6971,0.0,0,1.142000098973342e-05,2,0,0,0,115.20000989733421,2,0.0
6972,9.520962302701859e-06,2,0.0,0,0,0,0,0.01039397067088777,2,0.0
6973,7.616769842161487e-06,2,0.0,0,0,0,0,0.012958790017766002,2,0.0
6974,3.8083849210807435e-06,1,7.613333993155613e-06,1,0,0,0,1.9735348868920333,2,0.0
6975,5.712577381621115e-06,1,1.142000098973342e-05,2,0,0,0,1.9819092690548437,3,0.0
6976,0.0,0,7.613333993155613e-06,2,0,0,0,77.13333993155614,2,0.0
6977,1.142515476324223e-05,3,1.5226667986311226e-05,3,0,0,0,1.329844874204497,6,0.0
6978,1.7137732144863347e-05,4,1.713000148460013e-05,3,0,0,0,0.9995515268366946,7,0.0
6979,3.8083849210807435e-06,1,7.613333993155613e-06,1,0,0,0,1.9735348868920333,2,0.0
6980,3.8083849210807435e-06,1,1.5226667986311226e-05,2,0,0,0,3.9214837575601704,2,0.0
6981,3.8083849210807435e-06,1,1.142000098973342e-05,1,0,0,0,2.9475093222261024,2,0.0
6982,5.712577381621115e-06,1,1.713000148460013e-05,3,0,0,0,2.964261867563253,3,0.0
6983,0.0,0,7.613333993155613e-06,2,0,0,0,77.13333993155614,2,0.0
6984,3.8083849210807435e-06,1,2.8550002474333546e-05,3,0,0,0,7.3303942812294105,4,0.0
6985,3.8083849210807435e-06,1,1.142000098973342e-05,2,0,0,0,2.9475093222261024,3,0.0
6986,3.8083849210807435e-06,1,1.5226667986311226e-05,3,0,0,0,3.9214837575601704,4,0.0
6987,0.0,0,1.142000098973342e-05,2,0,0,0,115.20000989733421,2,0.0
6988,3.8083849210807435e-06,1,2.284000197946684e-05,5,0,0,0,5.869432628228308,6,0.0
6989,0.0,0,1.142000098973342e-05,2,0,0,0,115.20000989733421,2,0.0
6990,1.142515476324223e-05,2,5.710000494866709e-06,1,0,0,0,0.5041147484975076,2,0.0
6991,0.0,0,1.713000148460013e-05,2,0,0,0,172.3000148460013,2,0.0
6992,3.8083849210807435e-06,1,7.613333993155613e-06,1,0,0,0,1.9735348868920333,2,0.0
6993,0.0,0,7.613333993155613e-06,2,0,0,0,77.13333993155614,2,0.0
6994,0.0,0,7.613333993155613e-06,2,0,0,0,77.13333993155614,2,0.0
6995,0.0,0,1.142000098973342e-05,2,0,0,0,115.20000989733421,2,0.0
6996,0.0,0,2.474333547775574e-05,6,0,0,0,248.4333547775574,6,0.0
6997,5.712577381621115e-06,1,7.613333993155613e-06,1,0,0,0,1.3270075367159038,2,0.0
6998,0.0,0,1.713000148460013e-05,2,0,0,0,172.3000148460013,2,0.0
6999,3.8083849210807435e-06,1,5.710000494866709e-06,1,0,0,0,1.4865476692249984,2,0.0
7000,3.8083849210807435e-06,1,7.613333993155613e-06,1,2,1,1,1.9735348868920333,2,0.5
7001,5.712577381621115e-06,1,1.3323334488022323e-05,1,0,0,0,2.3093601352243134,2,0.0
7002,7.616769842161487e-06,2,2.6646668976044647e-05,7,0,0,0,3.4660446693525895,9,0.0
7003,5.712577381621115e-06,1,7.613333993155613e-06,1,0,0,0,1.3270075367159038,2,0.0
7004,0.0,0,1.3323334488022323e-05,2,0,0,0,134.23334488022326,2,0.0
7005,0.0,0,7.613333993155613e-06,2,0,0,0,77.13333993155614,2,0.0
7006,7.616769842161487e-06,2,1.9033334982889032e-05,5,0,0,0,2.479448703828354,7,0.0
7007,7.616769842161487e-06,2,7.613333993155613e-06,2,0,0,0,0.9995547555420015,4,0.0
7008,0.0,0,1.142000098973342e-05,2,0,0,0,115.20000989733421,2,0.0
7009,0.0,0,1.9033334982889032e-05,3,0,0,0,191.3333498288903,3,0.0
7010,7.616769842161487e-06,2,0.0,0,0,0,0,0.012958790017766002,2,0.0
7011,0.0,0,1.142000098973342e-05,2,0,0,0,115.20000989733421,2,0.0
7012,7.616769842161487e-06,2,3.8066669965778065e-06,1,0,0,0,0.5062567727798837,3,0.0
7013,0.0,0,7.613333993155613e-06,2,0,0,0,77.13333993155614,2,0.0
7014,1.142515476324223e-05,2,1.5226667986311226e-05,3,0,0,0,1.329844874204497,4,0.0
7015,0.0,0,9.516667491444516e-06,2,0,0,0,96.16667491444517,2,0.0
7016,0.0,0,9.516667491444516e-06,2,0,0,0,96.16667491444517,2,0.0
7017,3.8083849210807435e-06,1,3.8066669965778065e-06,1,0,0,0,0.9995604515579641,2,0.0
7018,1.3329347223782603e-05,3,1.5226667986311226e-05,4,1,1,0,1.1412816818950495,7,0.0
7019,0.0,0,7.613333993155613e-06,2,0,0,0,77.13333993155614,2,0.0
7020,3.8083849210807435e-06,1,3.8066669965778065e-06,1,0,0,0,0.9995604515579641,2,0.0
7021,9.520962302701859e-06,2,3.8066669965778065e-06,1,0,0,0,0.4060578218335493,3,0.0
7022,0.0,0,1.142000098973342e-05,3,0,0,0,115.20000989733421,3,0.0
7023,5.712577381621115e-06,1,3.8066669965778065e-06,1,0,0,0,0.672105804376964,2,0.0
7024,0.0,0,1.142000098973342e-05,2,0,0,0,115.20000989733421,2,0.0
7025,0.0,0,1.142000098973342e-05,2,0,0,0,115.20000989733421,2,0.0
7026,5.712577381621115e-06,1,7.613333993155613e-06,1,0,0,0,1.3270075367159038,2,0.0
7027,5.712577381621115e-06,1,3.8066669965778065e-06,1,0,0,0,0.672105804376964,2,0.0
7028,0.0,0,9.516667491444516e-06,2,0,0,0,96.16667491444517,2,0.0
7029,0.0,0,7.613333993155613e-06,2,0,0,0,77.13333993155614,2,0.0
7030,0.0,0,7.613333993155613e-06,2,0,0,0,77.13333993155614,2,0.0
7031,7.616769842161487e-06,2,1.142000098973342e-05,3,0,0,0,1.4928527383041192,5,0.0
7032,3.8083849210807435e-06,1,7.613333993155613e-06,2,0,0,0,1.9735348868920333,2,0.0
7033,0.0,0,1.713000148460013e-05,3,0,0,0,172.3000148460013,3,0.0
7034,0.0,0,1.142000098973342e-05,2,0,0,0,115.20000989733421,2,0.0
7035,5.712577381621115e-06,1,3.8066669965778065e-06,1,0,0,0,0.672105804376964,2,0.0
7036,0.0,0,1.142000098973342e-05,2,0,0,0,115.20000989733421,2,0.0
7037,3.8083849210807435e-06,1,1.5226667986311226e-05,4,0,0,0,3.9214837575601704,5,0.0
7038,0.0,0,1.142000098973342e-05,2,2,0,2,115.20000989733421,2,1.0
7039,7.616769842161487e-06,2,0.0,0,0,0,0,0.012958790017766002,2,0.0
7040,3.8083849210807435e-06,1,3.8066669965778065e-06,1,0,0,0,0.9995604515579641,2,0.0
7041,0.0,0,1.3323334488022323e-05,2,0,0,0,134.23334488022326,2,0.0
7042,5.712577381621115e-06,1,7.613333993155613e-06,2,0,0,0,1.3270075367159038,3,0.0
7043,5.712577381621115e-06,1,1.713000148460013e-05,3,0,0,0,2.964261867563253,4,0.0
7044,0.0,0,1.142000098973342e-05,2,0,0,0,115.20000989733421,2,0.0
7045,3.8083849210807435e-06,1,3.8066669965778065e-06,1,1,1,0,0.9995604515579641,2,0.0
7046,0.0,0,1.5226667986311226e-05,2,0,0,0,153.26667986311224,2,0.0
7047,0.0,0,1.142000098973342e-05,2,0,0,0,115.20000989733421,2,0.0
7048,3.8083849210807435e-06,1,9.516667491444516e-06,2,0,0,0,2.4605221045590673,3,0.0
7049,3.8083849210807435e-06,1,3.8066669965778065e-06,1,0,0,0,0.9995604515579641,2,0.0
7050,3.8083849210807435e-06,1,5.710000494866709e-06,1,0,0,0,1.4865476692249984,2,0.0
7051,3.8083849210807435e-06,1,7.613333993155613e-06,2,0,0,0,1.9735348868920333,2,0.0
7052,0.0,0,9.516667491444516e-06,2,0,0,0,96.16667491444517,2,0.0
7053,0.0,0,1.3323334488022323e-05,2,0,0,0,134.23334488022326,2,0.0
7054,5.712577381621115e-06,1,2.474333547775574e-05,4,0,0,0,4.274065332241132,5,0.0
7055,5.712577381621115e-06,1,7.613333993155613e-06,1,0,0,0,1.3270075367159038,2,0.0
7056,0.0,0,7.613333993155613e-06,2,0,0,0,77.13333993155614,2,0.0
7057,1.142515476324223e-05,3,3.8066669965778065e-06,1,0,0,0,0.3389687233561098,4,0.0
7058,9.520962302701859e-06,2,0.0,0,0,0,0,0.01039397067088777,2,0.0
7059,9.520962302701859e-06,2,0.0,0,0,0,0,0.01039397067088777,2,0.0
7060,5.712577381621115e-06,1,1.5226667986311226e-05,1,0,0,0,2.636811001393783,2,0.0
7061,3.8083849210807435e-06,1,3.8066669965778065e-06,1,0,0,0,0.9995604515579641,2,0.0
7062,2.094611706594409e-05,3,1.9033334982889035e-05,3,3,1,2,0.9091147275736561,6,0.3333333333333333
7063,1.3329347223782601e-05,3,2.2840001979466837e-05,1,0,0,0,1.7081993336832793,3,0.0
7064,5.712577381621115e-06,1,7.613333993155613e-06,2,0,0,0,1.3270075367159038,2,0.0
7065,3.8083849210807435e-06,1,3.8066669965778065e-06,1,0,0,0,0.9995604515579641,2,0.0
7066,0.0,0,1.5226667986311226e-05,2,0,0,0,153.26667986311224,2,0.0
7067,0.0,0,2.284000197946684e-05,4,0,0,0,229.4000197946684,4,0.0
7068,0.0,0,1.142000098973342e-05,2,2,0,2,115.20000989733421,2,1.0
7069,3.8083849210807435e-06,1,3.8066669965778065e-06,1,0,0,0,0.9995604515579641,2,0.0
7070,5.712577381621115e-06,1,7.613333993155613e-06,1,0,0,0,1.3270075367159038,2,0.0
7071,0.0,0,1.142000098973342e-05,2,0,0,0,115.20000989733421,2,0.0
7072,9.520962302701859e-06,2,3.8066669965778065e-06,1,0,0,0,0.4060578218335493,2,0.0
7073,3.8083849210807435e-06,1,3.8066669965778065e-06,1,0,0,0,0.9995604515579641,2,0.0
7074,0.0,0,1.142000098973342e-05,2,0,0,0,115.20000989733421,2,0.0
7075,0.0,0,1.142000098973342e-05,2,0,0,0,115.20000989733421,2,0.0
7076,1.3329347223782601e-05,3,5.710000494866709e-06,1,0,0,0,0.4326346171597628,4,0.0
7077,0.0,0,1.142000098973342e-05,2,0,0,0,115.20000989733421,2,0.0
7078,1.142515476324223e-05,2,3.8066669965778065e-06,1,0,0,0,0.3389687233561098,2,0.0
7079,0.0,0,9.516667491444516e-06,2,0,0,0,96.16667491444517,2,0.0
7080,0.0,0,1.142000098973342e-05,2,0,0,0,115.20000989733421,2,0.0
7081,0.0,0,2.6646668976044647e-05,5,0,0,0,267.46668976044646,5,0.0
7082,5.712577381621115e-06,1,7.613333993155613e-06,1,0,0,0,1.3270075367159038,2,0.0
7083,9.520962302701859e-06,2,0.0,0,0,0,0,0.01039397067088777,2,0.0
7084,0.0,0,1.142000098973342e-05,2,0,0,0,115.20000989733421,2,0.0
7085,0.0,0,1.142000098973342e-05,2,0,0,0,115.20000989733421,2,0.0
7086,3.8083849210807435e-06,1,7.613333993155613e-06,1,0,0,0,1.9735348868920333,2,0.0
7087,0.0,0,2.284000197946684e-05,2,0,0,0,229.4000197946684,2,0.0
7088,0.0,0,1.142000098973342e-05,2,0,0,0,115.20000989733421,2,0.0
7089,5.712577381621115e-06,1,2.6646668976044647e-05,2,0,0,0,4.601516198410602,2,0.0
7090,0.0,0,1.713000148460013e-05,4,0,0,0,172.3000148460013,4,0.0
7091,0.0,0,1.142000098973342e-05,2,1,0,1,115.20000989733421,2,0.5
7092,0.0,0,9.516667491444516e-06,2,0,0,0,96.16667491444517,2,0.0
7093,0.0,0,1.3323334488022323e-05,2,0,0,0,134.23334488022326,2,0.0
7094,0.0,0,1.142000098973342e-05,2,0,0,0,115.20000989733421,2,0.0
7095,5.712577381621115e-06,1,7.613333993155613e-06,1,0,0,0,1.3270075367159038,2,0.0
7096,3.8083849210807435e-06,1,3.8066669965778065e-06,1,0,0,0,0.9995604515579641,2,0.0
7097,0.0,0,1.142000098973342e-05,3,0,0,0,115.20000989733421,3,0.0
7098,0.0,0,1.713000148460013e-05,3,0,0,0,172.3000148460013,3,0.0
7099,1.142515476324223e-05,2,0.0,0,0,0,0,0.00867667307331396,2,0.0
7100,0.0,0,1.142000098973342e-05,2,0,0,0,115.20000989733421,2,0.0
7101,0.0,0,7.613333993155613e-06,2,0,0,0,77.13333993155614,2,0.0
7102,3.8083849210807435e-06,1,3.8066669965778065e-06,1,0,0,0,0.9995604515579641,2,0.0
7103,0.0,0,1.142000098973342e-05,2,0,0,0,115.20000989733421,2,0.0
7104,0.0,0,1.142000098973342e-05,2,0,0,0,115.20000989733421,2,0.0
7105,0.0,0,1.142000098973342e-05,2,0,0,0,115.20000989733421,2,0.0
7106,3.8083849210807435e-06,1,3.8066669965778065e-06,1,0,0,0,0.9995604515579641,2,0.0
7107,5.712577381621115e-06,1,3.8066669965778065e-06,1,0,0,0,0.672105804376964,2,0.0
7108,5.712577381621115e-06,1,3.8066669965778065e-06,1,0,0,0,0.672105804376964,2,0.0
7109,7.616769842161487e-06,2,0.0,0,0,0,0,0.012958790017766002,2,0.0
7110,5.712577381621115e-06,1,3.8066669965778065e-06,1,0,0,0,0.672105804376964,2,0.0
7111,0.0,0,7.613333993155613e-06,2,0,0,0,77.13333993155614,2,0.0
7112,5.712577381621115e-06,1,3.8066669965778065e-06,1,0,0,0,0.672105804376964,2,0.0
7113,5.712577381621115e-06,1,3.8066669965778065e-06,1,0,0,0,0.672105804376964,2,0.0
7114,0.0,0,7.613333993155613e-06,2,0,0,0,77.13333993155614,2,0.0
7115,3.8083849210807435e-06,1,5.710000494866709e-06,1,0,0,0,1.4865476692249984,2,0.0
7116,0.0,0,7.613333993155613e-06,2,0,0,0,77.13333993155614,2,0.0
7117,0.0,0,7.613333993155613e-06,2,0,0,0,77.13333993155614,2,0.0
7118,7.616769842161487e-06,2,9.516667491444516e-06,2,0,0,0,1.2462037469230602,4,0.0
7119,9.520962302701859e-06,2,0.0,0,0,0,0,0.01039397067088777,2,0.0
7120,5.712577381621115e-06,1,1.3323334488022323e-05,3,0,0,0,2.3093601352243134,4,0.0
7121,1.7137732144863347e-05,4,2.474333547775574e-05,6,0,0,0,1.4412183266903111,9,0.0
7122,0.0,0,9.516667491444516e-06,2,0,0,0,96.16667491444517,2,0.0
7123,3.8083849210807435e-06,1,3.8066669965778065e-06,1,0,0,0,0.9995604515579641,2,0.0
7124,5.712577381621115e-06,1,3.8066669965778065e-06,1,0,0,0,0.672105804376964,2,0.0
7125,9.520962302701859e-06,2,0.0,0,0,0,0,0.01039397067088777,2,0.0
7126,9.520962302701859e-06,2,0.0,0,0,0,0,0.01039397067088777,2,0.0
7127,0.0,0,9.516667491444516e-06,2,0,0,0,96.16667491444517,2,0.0
7128,5.712577381621115e-06,1,3.8066669965778065e-06,1,0,0,0,0.672105804376964,2,0.0
7129,3.8083849210807435e-06,1,5.710000494866709e-06,1,0,0,0,1.4865476692249984,2,0.0
7130,3.8083849210807435e-06,1,3.8066669965778065e-06,1,0,0,0,0.9995604515579641,2,0.0
7131,3.8083849210807435e-06,1,3.8066669965778065e-06,1,0,0,0,0.9995604515579641,2,0.0
7132,5.712577381621115e-06,1,3.8066669965778065e-06,1,0,0,0,0.672105804376964,2,0.0
7133,7.616769842161487e-06,2,1.3323334488022323e-05,3,0,0,0,1.739501729685178,5,0.0
7134,0.0,0,1.142000098973342e-05,3,0,0,0,115.20000989733421,3,0.0
7135,1.3329347223782601e-05,2,9.516667491444516e-06,1,0,0,0,0.7160934430538777,2,0.0
7136,9.520962302701859e-06,2,9.516667491444516e-06,1,0,0,0,0.9995535985775418,2,0.0
7137,3.8083849210807435e-06,1,3.8066669965778065e-06,1,0,0,0,0.9995604515579641,2,0.0
7138,0.0,0,7.613333993155613e-06,2,0,0,0,77.13333993155614,2,0.0
7139,5.712577381621115e-06,1,7.613333993155613e-06,2,0,0,0,1.3270075367159038,3,0.0
7140,3.8083849210807435e-06,1,5.710000494866709e-06,1,0,0,0,1.4865476692249984,2,0.0
7141,1.3329347223782601e-05,3,0.0,0,0,0,0,0.007446378318590627,3,0.0
7142,7.616769842161487e-06,2,0.0,0,0,0,0,0.012958790017766002,2,0.0
7143,0.0,0,7.613333993155613e-06,2,0,0,0,77.13333993155614,2,0.0
7144,9.520962302701859e-06,2,0.0,0,0,0,0,0.01039397067088777,2,0.0
7145,7.616769842161487e-06,2,0.0,0,0,0,0,0.012958790017766002,2,0.0
7146,9.520962302701859e-06,2,0.0,0,0,0,0,0.01039397067088777,2,0.0
7147,7.616769842161487e-06,2,0.0,0,0,0,0,0.012958790017766002,2,0.0
7148,3.8083849210807435e-06,1,5.710000494866709e-06,1,0,0,0,1.4865476692249984,2,0.0
7149,1.3329347223782601e-05,3,1.142000098973342e-05,3,0,0,0,0.8578228560009351,6,0.0
7150,0.0,0,9.516667491444516e-06,2,0,0,0,96.16667491444517,2,0.0
7151,3.8083849210807435e-06,1,3.8066669965778065e-06,1,0,0,0,0.9995604515579641,2,0.0
7152,7.616769842161487e-06,2,3.8066669965778065e-06,1,1,0,1,0.5062567727798837,3,0.3333333333333333
7153,0.0,0,7.613333993155613e-06,2,0,0,0,77.13333993155614,2,0.0
7154,7.616769842161487e-06,2,0.0,0,0,0,0,0.012958790017766002,2,0.0
7155,0.0,0,7.613333993155613e-06,2,0,0,0,77.13333993155614,2,0.0
7156,5.712577381621115e-06,1,3.8066669965778065e-06,1,0,0,0,0.672105804376964,2,0.0
7157,9.520962302701859e-06,2,0.0,0,0,0,0,0.01039397067088777,2,0.0
7158,3.8083849210807435e-06,1,3.8066669965778065e-06,1,0,0,0,0.9995604515579641,2,0.0
7159,9.520962302701859e-06,2,0.0,0,0,0,0,0.01039397067088777,2,0.0
7160,3.8083849210807435e-06,1,3.8066669965778065e-06,1,0,0,0,0.9995604515579641,2,0.0
7161,3.8083849210807435e-06,1,3.8066669965778065e-06,1,0,0,0,0.9995604515579641,2,0.0
7162,5.712577381621115e-06,1,3.8066669965778065e-06,1,0,0,0,0.672105804376964,2,0.0
7163,3.8083849210807435e-06,1,3.8066669965778065e-06,1,0,0,0,0.9995604515579641,2,0.0
7164,9.520962302701859e-06,2,0.0,0,0,0,0,0.01039397067088777,2,0.0
7165,0.0,0,7.613333993155613e-06,2,0,0,0,77.13333993155614,2,0.0
7166,3.8083849210807435e-06,1,9.516667491444516e-06,2,1,0,1,2.4605221045590673,3,0.3333333333333333
7167,7.616769842161487e-06,2,0.0,0,0,0,0,0.012958790017766002,2,0.0
7168,9.520962302701859e-06,2,3.8066669965778065e-06,1,0,0,0,0.4060578218335493,3,0.0
7169,5.712577381621115e-06,1,3.8066669965778065e-06,1,0,0,0,0.672105804376964,2,0.0
7170,2.094611706594409e-05,5,3.426000296920026e-05,8,0,0,0,1.632605333399011,13,0.0
7171,3.4275464289726694e-05,8,2.0936668481177935e-05,5,0,0,0,0.6119675447544388,13,0.0
7172,5.712577381621115e-06,1,5.710000494866709e-06,1,0,0,0,0.9995566705464337,2,0.0
7173,3.8083849210807435e-06,1,7.613333993155613e-06,2,0,0,0,1.9735348868920333,3,0.0
7174,0.0,0,7.613333993155613e-06,2,0,0,0,77.13333993155614,2,0.0
7175,3.8083849210807435e-06,1,3.8066669965778065e-06,1,0,0,0,0.9995604515579641,2,0.0
7176,1.3329347223782601e-05,3,0.0,0,0,0,0,0.007446378318590627,3,0.0
7177,7.616769842161487e-06,2,0.0,0,0,0,0,0.012958790017766002,2,0.0
7178,5.712577381621115e-06,1,3.8066669965778065e-06,1,0,0,0,0.672105804376964,2,0.0
7179,9.520962302701859e-06,2,3.8066669965778065e-06,1,0,0,0,0.4060578218335493,3,0.0
7180,7.616769842161487e-06,2,0.0,0,0,0,0,0.012958790017766002,2,0.0
7181,0.0,0,9.516667491444516e-06,2,0,0,0,96.16667491444517,2,0.0
7182,5.712577381621115e-06,1,3.8066669965778065e-06,1,0,0,0,0.672105804376964,2,0.0
7183,7.616769842161487e-06,2,0.0,0,0,0,0,0.012958790017766002,2,0.0
7184,5.712577381621115e-06,1,3.8066669965778065e-06,1,0,0,0,0.672105804376964,2,0.0
7185,3.8083849210807435e-06,1,5.710000494866709e-06,1,0,0,0,1.4865476692249984,2,0.0
7186,0.0,0,9.516667491444516e-06,2,0,0,0,96.16667491444517,2,0.0
7187,7.616769842161487e-06,2,3.8066669965778065e-06,1,0,0,0,0.5062567727798837,2,0.0
7188,3.8083849210807435e-06,1,3.8066669965778065e-06,1,0,0,0,0.9995604515579641,2,0.0
7189,0.0,0,7.613333993155613e-06,2,0,0,0,77.13333993155614,2,0.0
7190,3.8083849210807435e-06,1,1.9033334982889032e-05,4,0,0,0,4.895458192894239,5,0.0
7191,1.3329347223782603e-05,3,1.713000148460013e-05,2,0,0,0,1.283011094842107,4,0.0
7192,1.3329347223782601e-05,3,0.0,0,0,0,0,0.007446378318590627,3,0.0
7193,3.8083849210807435e-06,1,7.613333993155613e-06,2,0,0,0,1.9735348868920333,3,0.0
7194,5.712577381621115e-06,1,3.8066669965778065e-06,1,0,0,0,0.672105804376964,2,0.0
7195,0.0,0,7.613333993155613e-06,2,0,0,0,77.13333993155614,2,0.0
7196,3.8083849210807435e-06,1,3.8066669965778065e-06,1,0,0,0,0.9995604515579641,2,0.0
7197,1.142515476324223e-05,3,0.0,0,0,0,0,0.00867667307331396,3,0.0
7198,7.616769842161487e-06,2,5.710000494866709e-06,1,0,0,0,0.7529057641609425,3,0.0
7199,5.712577381621115e-06,1,1.142000098973342e-05,3,0,0,0,1.9819092690548437,4,0.0
7200,0.0,0,7.613333993155613e-06,2,0,0,0,77.13333993155614,2,0.0
7201,1.3329347223782601e-05,3,3.8066669965778065e-06,1,1,1,0,0.29090520421270544,4,0.0
7202,1.142515476324223e-05,2,0.0,0,0,0,0,0.00867667307331396,2,0.0
7203,3.8083849210807435e-06,1,1.5226667986311226e-05,2,0,0,0,3.9214837575601704,2,0.0
7204,7.616769842161487e-06,2,0.0,0,0,0,0,0.012958790017766002,2,0.0
7205,9.520962302701859e-06,2,0.0,0,0,0,0,0.01039397067088777,2,0.0
7206,9.520962302701859e-06,2,1.713000148460013e-05,4,0,0,0,1.7908813009028648,6,0.0
7207,0.0,0,7.613333993155613e-06,2,0,0,0,77.13333993155614,2,0.0
7208,5.712577381621115e-06,1,9.516667491444516e-06,2,0,0,0,1.6544584028853737,2,0.0
7209,3.8083849210807435e-06,1,5.710000494866709e-06,1,0,0,0,1.4865476692249984,2,0.0
7210,7.616769842161487e-06,2,0.0,0,0,0,0,0.012958790017766002,2,0.0
7211,3.8083849210807435e-06,1,3.8066669965778065e-06,1,0,0,0,0.9995604515579641,2,0.0
7212,7.616769842161487e-06,2,0.0,0,0,0,0,0.012958790017766002,2,0.0
7213,3.8083849210807435e-06,1,3.8066669965778065e-06,1,0,0,0,0.9995604515579641,2,0.0
7214,0.0,0,9.516667491444516e-06,2,0,0,0,96.16667491444517,2,0.0
7215,0.0,0,1.1420000989733419e-05,2,0,0,0,115.2000098973342,2,0.0
7216,5.712577381621115e-06,1,3.8066669965778065e-06,1,0,0,0,0.672105804376964,2,0.0
7217,3.8083849210807435e-06,1,1.713000148460013e-05,4,0,0,0,4.408470975227205,5,0.0
7218,7.616769842161487e-06,2,0.0,0,0,0,0,0.012958790017766002,2,0.0
7219,0.0,0,1.3323334488022323e-05,3,0,0,0,134.23334488022326,3,0.0
7220,3.8083849210807435e-06,1,3.8066669965778065e-06,1,0,0,0,0.9995604515579641,2,0.0
7221,9.520962302701859e-06,2,0.0,0,0,0,0,0.01039397067088777,2,0.0
7222,0.0,0,7.613333993155613e-06,2,0,0,0,77.13333993155614,2,0.0
7223,1.7137732144863347e-05,4,5.710000494866709e-06,1,0,0,0,0.3370513270562697,5,0.0
7224,3.8083849210807435e-06,1,5.710000494866709e-06,1,0,0,0,1.4865476692249984,2,0.0
7225,3.8083849210807435e-06,1,3.8066669965778065e-06,1,0,0,0,0.9995604515579641,2,0.0
7226,3.8083849210807435e-06,1,3.8066669965778065e-06,1,0,0,0,0.9995604515579641,2,0.0
7227,3.8083849210807435e-06,1,1.142000098973342e-05,2,0,0,0,2.9475093222261024,3,0.0
7228,3.8083849210807435e-06,1,3.8066669965778065e-06,1,0,0,0,0.9995604515579641,2,0.0
7229,0.0,0,9.516667491444516e-06,2,0,0,0,96.16667491444517,2,0.0
7230,3.8083849210807435e-06,1,3.8066669965778065e-06,1,0,0,0,0.9995604515579641,2,0.0
7231,3.8083849210807435e-06,1,3.8066669965778065e-06,1,0,0,0,0.9995604515579641,2,0.0
7232,1.9041924605403718e-05,4,1.5226667986311226e-05,3,0,0,0,0.8006858402307439,7,0.0
7233,3.8083849210807435e-06,1,3.8066669965778065e-06,1,0,0,0,0.9995604515579641,2,0.0
7234,7.616769842161487e-06,2,0.0,0,0,0,0,0.012958790017766002,2,0.0
7235,0.0,0,7.613333993155613e-06,2,0,0,0,77.13333993155614,2,0.0
7236,7.616769842161487e-06,2,0.0,0,0,0,0,0.012958790017766002,2,0.0
7237,3.8083849210807435e-06,1,9.516667491444516e-06,2,0,0,0,2.4605221045590673,2,0.0
7238,9.520962302701859e-06,2,3.8066669965778065e-06,1,0,0,0,0.4060578218335493,2,0.0
7239,3.8083849210807435e-06,1,5.710000494866709e-06,1,0,0,0,1.4865476692249984,2,0.0
7240,3.8083849210807435e-06,1,1.142000098973342e-05,3,2,1,1,2.9475093222261024,4,0.25
7241,7.616769842161487e-06,2,0.0,0,0,0,0,0.012958790017766002,2,0.0
7242,1.142515476324223e-05,3,3.8066669965778065e-06,1,0,0,0,0.3389687233561098,3,0.0
7243,7.616769842161487e-06,2,0.0,0,0,0,0,0.012958790017766002,2,0.0
7244,2.6658694447565202e-05,4,1.3323334488022323e-05,2,0,0,0,0.5016438494159691,5,0.0
7245,3.8083849210807435e-06,1,3.8066669965778065e-06,1,0,0,0,0.9995604515579641,2,0.0
7246,7.616769842161487e-06,2,0.0,0,0,0,0,0.012958790017766002,2,0.0
7247,3.8083849210807435e-06,1,1.142000098973342e-05,2,0,0,0,2.9475093222261024,3,0.0
7248,3.8083849210807435e-06,1,7.613333993155613e-06,2,1,0,1,1.9735348868920333,3,0.3333333333333333
7249,3.8083849210807435e-06,1,5.710000494866709e-06,1,0,0,0,1.4865476692249984,2,0.0
7250,0.0,0,1.142000098973342e-05,2,0,0,0,115.20000989733421,2,0.0
7251,3.8083849210807435e-06,1,3.8066669965778065e-06,1,0,0,0,0.9995604515579641,2,0.0
7252,7.616769842161487e-06,2,3.8066669965778065e-06,1,0,0,0,0.5062567727798837,3,0.0
7253,1.5233539684322974e-05,4,1.142000098973342e-05,3,0,0,0,0.7512943017007013,5,0.0
7254,9.520962302701859e-06,2,0.0,0,0,0,0,0.01039397067088777,2,0.0
7255,1.5233539684322974e-05,2,0.0,0,0,0,0,0.006521651364181754,2,0.0
7256,7.616769842161487e-06,2,2.474333547775574e-05,5,0,0,0,3.2193956779715305,6,0.0
7257,9.520962302701859e-06,2,1.1420000989733419e-05,1,0,0,0,1.1973855241588724,2,0.0
7258,9.520962302701859e-06,2,5.710000494866709e-06,1,0,0,0,0.6038897474148801,3,0.0
7259,9.520962302701859e-06,2,0.0,0,0,0,0,0.01039397067088777,2,0.0
7260,0.0,0,7.613333993155613e-06,2,0,0,0,77.13333993155614,2,0.0
7261,9.520962302701859e-06,2,3.8066669965778065e-06,1,0,0,0,0.4060578218335493,3,0.0
7262,0.0,0,7.613333993155613e-06,2,0,0,0,77.13333993155614,2,0.0
7263,0.0,0,1.142000098973342e-05,3,0,0,0,115.20000989733421,3,0.0
7264,3.8083849210807435e-06,1,3.8066669965778065e-06,1,0,0,0,0.9995604515579641,2,0.0
7265,7.616769842161487e-06,2,3.8066669965778065e-06,1,0,0,0,0.5062567727798837,3,0.0
7266,9.520962302701859e-06,2,3.8066669965778065e-06,1,0,0,0,0.4060578218335493,3,0.0
7267,3.8083849210807435e-06,1,1.5226667986311226e-05,4,0,0,0,3.9214837575601704,4,0.0
7268,5.712577381621115e-06,1,3.8066669965778065e-06,1,0,0,0,0.672105804376964,2,0.0
7269,0.0,0,7.613333993155613e-06,2,0,0,0,77.13333993155614,2,0.0
7270,0.0,0,9.516667491444516e-06,2,0,0,0,96.16667491444517,2,0.0
7271,3.8083849210807435e-06,1,9.516667491444516e-06,2,0,0,0,2.4605221045590673,2,0.0
7272,2.475450198702483e-05,5,2.0936668481177935e-05,5,0,0,0,0.8463926773572057,10,0.0
7273,7.616769842161487e-06,2,0.0,0,0,0,0,0.012958790017766002,2,0.0
7274,0.0,0,9.516667491444516e-06,2,0,0,0,96.16667491444517,2,0.0
7275,2.6658694447565206e-05,6,5.710000494866709e-06,1,0,0,0,0.2171257086645857,7,0.0
7276,9.520962302701859e-06,2,0.0,0,0,0,0,0.01039397067088777,2,0.0
7277,9.520962302701859e-06,2,0.0,0,0,0,0,0.01039397067088777,2,0.0
7278,2.094611706594409e-05,5,4.187333696235587e-05,9,0,0,0,1.994350636311688,12,0.0
7279,3.8083849210807435e-06,1,3.8066669965778065e-06,1,0,0,0,0.9995604515579641,2,0.0
7280,0.0,0,7.613333993155613e-06,2,2,0,2,77.13333993155614,2,1.0
7281,9.520962302701859e-06,2,0.0,0,0,0,0,0.01039397067088777,2,0.0
7282,0.0,0,9.516667491444516e-06,2,0,0,0,96.16667491444517,2,0.0
7283,5.712577381621115e-06,1,3.8066669965778065e-06,1,0,0,0,0.672105804376964,2,0.0
7284,7.616769842161487e-06,2,5.710000494866709e-06,1,0,0,0,0.7529057641609425,2,0.0
7285,0.0,0,7.613333993155613e-06,2,0,0,0,77.13333993155614,2,0.0
7286,3.8083849210807435e-06,1,9.516667491444516e-06,2,0,0,0,2.4605221045590673,3,0.0
7287,5.712577381621115e-06,1,3.8066669965778065e-06,1,0,0,0,0.672105804376964,2,0.0
7288,7.616769842161487e-06,2,3.8066669965778065e-06,1,0,0,0,0.5062567727798837,3,0.0
7289,9.520962302701859e-06,2,0.0,0,0,0,0,0.01039397067088777,2,0.0
7290,3.8083849210807435e-06,1,3.8066669965778065e-06,1,0,0,0,0.9995604515579641,2,0.0
7291,3.8083849210807435e-06,1,7.613333993155613e-06,2,0,0,0,1.9735348868920333,3,0.0
7292,0.0,0,9.516667491444516e-06,2,0,0,0,96.16667491444517,2,0.0
7293,3.8083849210807435e-06,1,7.613333993155613e-06,2,0,0,0,1.9735348868920333,3,0.0
7294,5.712577381621115e-06,1,5.710000494866709e-06,1,0,0,0,0.9995566705464337,2,0.0
7295,5.712577381621115e-06,1,3.8066669965778065e-06,1,0,0,0,0.672105804376964,2,0.0
7296,9.520962302701859e-06,2,0.0,0,0,0,0,0.01039397067088777,2,0.0
7297,9.520962302701859e-06,2,0.0,0,0,0,0,0.01039397067088777,2,0.0
7298,3.8083849210807435e-06,1,3.8066669965778065e-06,1,0,0,0,0.9995604515579641,2,0.0
7299,3.8083849210807435e-06,1,5.710000494866709e-06,1,0,0,0,1.4865476692249984,2,0.0
7300,1.7137732144863347e-05,4,0.0,0,0,0,0,0.0058012271660572755,4,0.0
7301,0.0,0,9.516667491444516e-06,2,0,0,0,96.16667491444517,2,0.0
7302,3.8083849210807435e-06,1,7.613333993155613e-06,1,0,0,0,1.9735348868920333,2,0.0
7303,7.616769842161487e-06,2,0.0,0,0,0,0,0.012958790017766002,2,0.0
7304,1.142515476324223e-05,2,0.0,0,0,0,0,0.00867667307331396,2,0.0
7305,5.712577381621115e-06,1,3.8066669965778065e-06,1,0,0,0,0.672105804376964,2,0.0
7306,5.712577381621115e-06,1,3.8066669965778065e-06,1,0,0,0,0.672105804376964,2,0.0
7307,7.616769842161487e-06,2,0.0,0,0,0,0,0.012958790017766002,2,0.0
7308,5.712577381621115e-06,1,3.8066669965778065e-06,1,0,0,0,0.672105804376964,2,0.0
7309,5.712577381621115e-06,1,1.5226667986311226e-05,4,0,0,0,2.636811001393783,5,0.0
7310,5.712577381621115e-06,1,3.8066669965778065e-06,1,0,0,0,0.672105804376964,2,0.0
7311,3.8083849210807435e-06,1,3.8066669965778065e-06,1,0,0,0,0.9995604515579641,2,0.0
7312,1.142515476324223e-05,3,5.710000494866709e-06,1,0,0,0,0.5041147484975076,4,0.0
7313,5.712577381621115e-06,1,9.516667491444516e-06,2,0,0,0,1.6544584028853737,3,0.0
7314,5.712577381621115e-06,1,3.8066669965778065e-06,1,0,0,0,0.672105804376964,2,0.0
7315,3.8083849210807435e-06,1,5.710000494866709e-06,1,0,0,0,1.4865476692249984,2,0.0
7316,3.8083849210807435e-06,1,5.710000494866709e-06,1,0,0,0,1.4865476692249984,2,0.0
7317,3.8083849210807435e-06,1,1.142000098973342e-05,3,0,0,0,2.9475093222261024,4,0.0
7318,3.8083849210807435e-06,1,3.8066669965778065e-06,1,0,0,0,0.9995604515579641,2,0.0
7319,3.8083849210807435e-06,1,3.8066669965778065e-06,1,0,0,0,0.9995604515579641,2,0.0
7320,7.616769842161487e-06,2,0.0,0,0,0,0,0.012958790017766002,2,0.0
7321,0.0,0,9.516667491444516e-06,2,0,0,0,96.16667491444517,2,0.0
7322,7.616769842161487e-06,2,0.0,0,0,0,0,0.012958790017766002,2,0.0
7323,0.0,0,9.516667491444516e-06,2,0,0,0,96.16667491444517,2,0.0
7324,1.5233539684322974e-05,3,1.142000098973342e-05,3,1,1,0,0.7512943017007013,6,0.0
7325,5.712577381621115e-06,1,9.516667491444516e-06,2,0,0,0,1.6544584028853737,3,0.0
7326,3.8083849210807435e-06,1,7.613333993155613e-06,2,0,0,0,1.9735348868920333,3,0.0
7327,3.8083849210807435e-06,1,3.8066669965778065e-06,1,0,0,0,0.9995604515579641,2,0.0
7328,3.8083849210807435e-06,1,7.613333993155613e-06,2,1,0,1,1.9735348868920333,3,0.3333333333333333
7329,0.0,0,9.516667491444516e-06,2,0,0,0,96.16667491444517,2,0.0
7330,9.520962302701859e-06,2,0.0,0,0,0,0,0.01039397067088777,2,0.0
7331,9.520962302701859e-06,2,1.5226667986311226e-05,2,0,0,0,1.593049375321534,3,0.0
7332,3.8083849210807435e-06,1,1.1420000989733419e-05,2,0,0,0,2.947509322226102,3,0.0
7333,3.8083849210807435e-06,1,3.8066669965778065e-06,1,0,0,0,0.9995604515579641,2,0.0
7334,7.616769842161487e-06,2,3.8066669965778065e-06,1,0,0,0,0.5062567727798837,3,0.0
7335,7.616769842161487e-06,2,3.8066669965778065e-06,1,0,0,0,0.5062567727798837,3,0.0
7336,3.8083849210807435e-06,1,5.710000494866709e-06,1,0,0,0,1.4865476692249984,2,0.0
7337,2.285030952648446e-05,5,3.8066669965778065e-06,1,0,0,0,0.17022284566879356,6,0.0
7338,5.712577381621115e-06,1,3.8066669965778065e-06,1,0,0,0,0.672105804376964,2,0.0
7339,3.8083849210807435e-06,1,3.8066669965778065e-06,1,0,0,0,0.9995604515579641,2,0.0
7340,3.8083849210807435e-06,1,9.516667491444516e-06,2,0,0,0,2.4605221045590673,3,0.0
7341,9.520962302701859e-06,2,3.8066669965778065e-06,1,0,0,0,0.4060578218335493,2,0.0
7342,3.8083849210807435e-06,1,5.710000494866709e-06,1,0,0,0,1.4865476692249984,2,0.0
7343,3.8083849210807435e-06,1,5.710000494866709e-06,1,0,0,0,1.4865476692249984,2,0.0
7344,0.0,0,1.1420000989733419e-05,2,0,0,0,115.2000098973342,2,0.0
7345,9.520962302701859e-06,2,0.0,0,0,0,0,0.01039397067088777,2,0.0
7346,9.520962302701859e-06,2,9.516667491444516e-06,1,0,0,0,0.9995535985775418,2,0.0
7347,7.616769842161487e-06,2,9.516667491444516e-06,2,0,0,0,1.2462037469230602,4,0.0
7348,0.0,0,1.3323334488022323e-05,3,0,0,0,134.23334488022326,3,0.0
7349,3.8083849210807435e-06,1,5.710000494866709e-06,1,0,0,0,1.4865476692249984,2,0.0
7350,3.8083849210807435e-06,1,3.8066669965778065e-06,1,0,0,0,0.9995604515579641,2,0.0
7351,0.0,0,9.516667491444516e-06,2,0,0,0,96.16667491444517,2,0.0
7352,9.520962302701859e-06,2,0.0,0,0,0,0,0.01039397067088777,2,0.0
7353,0.0,0,7.613333993155613e-06,2,0,0,0,77.13333993155614,2,0.0
7354,5.712577381621115e-06,1,3.8066669965778065e-06,1,0,0,0,0.672105804376964,2,0.0
7355,5.712577381621115e-06,1,3.8066669965778065e-06,1,0,0,0,0.672105804376964,2,0.0
7356,3.8083849210807435e-06,1,5.710000494866709e-06,1,0,0,0,1.4865476692249984,2,0.0
7357,0.0,0,7.613333993155613e-06,2,0,0,0,77.13333993155614,2,0.0
7358,3.8083849210807435e-06,1,1.3323334488022323e-05,3,0,0,0,3.4344965398931366,3,0.0
7359,3.8083849210807435e-06,1,1.3323334488022323e-05,3,0,0,0,3.4344965398931366,4,0.0
7360,3.8083849210807435e-06,1,3.8066669965778065e-06,1,0,0,0,0.9995604515579641,2,0.0
7361,5.712577381621115e-06,1,3.8066669965778065e-06,1,0,0,0,0.672105804376964,2,0.0
7362,7.616769842161487e-06,2,3.8066669965778065e-06,1,0,0,0,0.5062567727798837,2,0.0
7363,9.520962302701859e-06,2,0.0,0,0,0,0,0.01039397067088777,2,0.0
7364,5.712577381621115e-06,1,5.710000494866709e-06,1,0,0,0,0.9995566705464337,2,0.0
7365,9.520962302701859e-06,2,0.0,0,0,0,0,0.01039397067088777,2,0.0
7366,3.8083849210807435e-06,1,3.8066669965778065e-06,1,0,0,0,0.9995604515579641,2,0.0
7367,0.0,0,1.3323334488022323e-05,2,0,0,0,134.23334488022326,2,0.0
7368,9.520962302701859e-06,2,1.142000098973342e-05,3,0,0,0,1.1973855241588727,4,0.0
7369,3.8083849210807435e-06,1,5.710000494866709e-06,1,0,0,0,1.4865476692249984,2,0.0
7370,3.8083849210807435e-06,1,9.516667491444516e-06,2,0,0,0,2.4605221045590673,2,0.0
7371,3.8083849210807435e-06,1,7.613333993155613e-06,2,0,0,0,1.9735348868920333,2,0.0
7372,1.9041924605403718e-05,4,3.8066669965778065e-06,1,0,0,0,0.20408956137435438,5,0.0
7373,3.8083849210807435e-06,1,7.613333993155613e-06,2,0,0,0,1.9735348868920333,3,0.0
7374,3.8083849210807435e-06,1,1.3323334488022323e-05,3,0,0,0,3.4344965398931366,4,0.0
7375,3.8083849210807435e-06,1,9.516667491444516e-06,2,0,0,0,2.4605221045590673,3,0.0
7376,0.0,0,9.516667491444516e-06,2,0,0,0,96.16667491444517,2,0.0
7377,7.616769842161487e-06,2,0.0,0,0,0,0,0.012958790017766002,2,0.0
7378,7.616769842161487e-06,2,0.0,0,0,0,0,0.012958790017766002,2,0.0
7379,3.8083849210807435e-06,1,3.8066669965778065e-06,1,0,0,0,0.9995604515579641,2,0.0
7380,0.0,0,7.613333993155613e-06,2,0,0,0,77.13333993155614,2,0.0
7381,5.712577381621115e-06,1,3.8066669965778065e-06,1,0,0,0,0.672105804376964,2,0.0
7382,0.0,0,7.613333993155613e-06,2,0,0,0,77.13333993155614,2,0.0
7383,5.712577381621115e-06,1,7.613333993155613e-06,2,0,0,0,1.3270075367159038,3,0.0
7384,0.0,0,9.516667491444516e-06,2,0,0,0,96.16667491444517,2,0.0
7385,7.616769842161487e-06,2,0.0,0,0,0,0,0.012958790017766002,2,0.0
7386,0.0,0,9.516667491444516e-06,2,0,0,0,96.16667491444517,2,0.0
7387,3.8083849210807435e-06,1,3.8066669965778065e-06,1,0,0,0,0.9995604515579641,2,0.0
7388,3.8083849210807435e-06,1,5.710000494866709e-06,1,0,0,0,1.4865476692249984,2,0.0
7389,0.0,0,9.516667491444516e-06,2,0,0,0,96.16667491444517,2,0.0
7390,3.8083849210807435e-06,1,7.613333993155613e-06,1,0,0,0,1.9735348868920333,2,0.0
7391,9.520962302701859e-06,2,3.8066669965778065e-06,1,0,0,0,0.4060578218335493,3,0.0
7392,5.712577381621115e-06,1,3.8066669965778065e-06,1,0,0,0,0.672105804376964,2,0.0
7393,1.142515476324223e-05,3,3.8066669965778065e-06,1,0,0,0,0.3389687233561098,4,0.0
7394,7.616769842161487e-06,2,5.710000494866709e-06,1,0,0,0,0.7529057641609425,3,0.0
7395,7.616769842161487e-06,2,0.0,0,0,0,0,0.012958790017766002,2,0.0
7396,3.8083849210807435e-06,1,3.8066669965778065e-06,1,0,0,0,0.9995604515579641,2,0.0
7397,9.520962302701859e-06,2,0.0,0,0,0,0,0.01039397067088777,2,0.0
7398,5.712577381621115e-06,1,5.710000494866709e-06,1,0,0,0,0.9995566705464337,2,0.0
7399,3.8083849210807435e-06,1,3.8066669965778065e-06,1,0,0,0,0.9995604515579641,2,0.0
7400,5.712577381621115e-06,1,3.8066669965778065e-06,1,0,0,0,0.672105804376964,2,0.0
7401,3.8083849210807435e-06,1,5.710000494866709e-06,1,0,0,0,1.4865476692249984,2,0.0
7402,5.712577381621115e-06,1,3.8066669965778065e-06,1,0,0,0,0.672105804376964,2,0.0
7403,3.8083849210807435e-06,1,9.516667491444516e-06,2,0,0,0,2.4605221045590673,3,0.0
7404,3.8083849210807435e-06,1,5.710000494866709e-06,1,0,0,0,1.4865476692249984,2,0.0
7405,0.0,0,9.516667491444516e-06,2,0,0,0,96.16667491444517,2,0.0
7406,7.616769842161487e-06,2,3.8066669965778065e-06,1,0,0,0,0.5062567727798837,3,0.0
7407,7.616769842161487e-06,2,3.8066669965778065e-06,1,0,0,0,0.5062567727798837,3,0.0
7408,3.8083849210807435e-06,1,5.710000494866709e-06,1,0,0,0,1.4865476692249984,2,0.0
7409,3.8083849210807435e-06,1,1.1420000989733419e-05,2,0,0,0,2.947509322226102,2,0.0
7410,3.8083849210807435e-06,1,5.710000494866709e-06,1,0,0,0,1.4865476692249984,2,0.0
7411,3.8083849210807435e-06,1,5.710000494866709e-06,1,0,0,0,1.4865476692249984,2,0.0
7412,9.520962302701859e-06,2,0.0,0,0,0,0,0.01039397067088777,2,0.0
7413,0.0,0,7.613333993155613e-06,2,0,0,0,77.13333993155614,2,0.0
7414,5.712577381621115e-06,1,3.8066669965778065e-06,1,0,0,0,0.672105804376964,2,0.0
7415,3.8083849210807435e-06,1,3.8066669965778065e-06,1,0,0,0,0.9995604515579641,2,0.0
7416,3.8083849210807435e-06,1,7.613333993155613e-06,2,0,0,0,1.9735348868920333,3,0.0
7417,3.8083849210807435e-06,1,3.8066669965778065e-06,1,0,0,0,0.9995604515579641,2,0.0
7418,0.0,0,7.613333993155613e-06,2,0,0,0,77.13333993155614,2,0.0
7419,7.616769842161487e-06,2,9.516667491444516e-06,2,0,0,0,1.2462037469230602,3,0.0
7420,0.0,0,1.1420000989733419e-05,2,0,0,0,115.2000098973342,2,0.0
7421,7.616769842161487e-06,2,5.710000494866709e-06,1,0,0,0,0.7529057641609425,3,0.0
7422,3.8083849210807435e-06,1,3.8066669965778065e-06,1,0,0,0,0.9995604515579641,2,0.0
7423,5.712577381621115e-06,1,3.8066669965778065e-06,1,0,0,0,0.672105804376964,2,0.0
7424,3.8083849210807435e-06,1,3.8066669965778065e-06,1,0,0,0,0.9995604515579641,2,0.0
7425,0.0,0,7.613333993155613e-06,2,0,0,0,77.13333993155614,2,0.0
7426,0.0,0,7.613333993155613e-06,2,0,0,0,77.13333993155614,2,0.0
7427,3.8083849210807435e-06,1,5.710000494866709e-06,1,0,0,0,1.4865476692249984,2,0.0
7428,0.0,0,7.613333993155613e-06,2,0,0,0,77.13333993155614,2,0.0
7429,9.520962302701859e-06,2,3.8066669965778065e-06,1,0,0,0,0.4060578218335493,3,0.0
7430,3.8083849210807435e-06,1,1.142000098973342e-05,3,1,0,1,2.9475093222261024,4,0.25
7431,5.712577381621115e-06,1,7.613333993155613e-06,2,0,0,0,1.3270075367159038,2,0.0
7432,9.520962302701859e-06,2,0.0,0,0,0,0,0.01039397067088777,2,0.0
7433,0.0,0,7.613333993155613e-06,2,0,0,0,77.13333993155614,2,0.0
7434,3.8083849210807435e-06,1,5.710000494866709e-06,1,0,0,0,1.4865476692249984,2,0.0
7435,3.8083849210807435e-06,1,3.8066669965778065e-06,1,0,0,0,0.9995604515579641,2,0.0
7436,0.0,0,7.613333993155613e-06,2,0,0,0,77.13333993155614,2,0.0
7437,5.712577381621115e-06,1,3.8066669965778065e-06,1,0,0,0,0.672105804376964,2,0.0
7438,3.8083849210807435e-06,1,9.516667491444516e-06,2,0,0,0,2.4605221045590673,3,0.0
7439,0.0,0,1.5226667986311226e-05,4,4,0,4,153.26667986311224,4,1.0
7440,0.0,0,9.516667491444516e-06,2,0,0,0,96.16667491444517,2,0.0
7441,0.0,0,7.613333993155613e-06,2,0,0,0,77.13333993155614,2,0.0
7442,0.0,0,9.516667491444516e-06,2,0,0,0,96.16667491444517,2,0.0
7443,0.0,0,9.516667491444516e-06,2,0,0,0,96.16667491444517,2,0.0
7444,3.8083849210807435e-06,1,3.8066669965778065e-06,1,0,0,0,0.9995604515579641,2,0.0
7445,0.0,0,9.516667491444516e-06,2,0,0,0,96.16667491444517,2,0.0
7446,0.0,0,7.613333993155613e-06,2,0,0,0,77.13333993155614,2,0.0
7447,0.0,0,7.613333993155613e-06,2,0,0,0,77.13333993155614,2,0.0
7448,3.8083849210807435e-06,1,3.8066669965778065e-06,1,0,0,0,0.9995604515579641,2,0.0
7449,3.8083849210807435e-06,1,3.8066669965778065e-06,1,0,0,0,0.9995604515579641,2,0.0
7450,3.8083849210807435e-06,1,3.8066669965778065e-06,1,0,0,0,0.9995604515579641,2,0.0
7451,1.142515476324223e-05,3,0.0,0,0,0,0,0.00867667307331396,3,0.0
7452,3.8083849210807435e-06,1,5.710000494866709e-06,1,0,0,0,1.4865476692249984,2,0.0
7453,3.8083849210807435e-06,1,3.8066669965778065e-06,1,0,0,0,0.9995604515579641,2,0.0
7454,0.0,0,9.516667491444516e-06,2,0,0,0,96.16667491444517,2,0.0
7455,0.0,0,7.613333993155613e-06,2,0,0,0,77.13333993155614,2,0.0
7456,0.0,0,7.613333993155613e-06,2,0,0,0,77.13333993155614,2,0.0
7457,3.8083849210807435e-06,1,3.8066669965778065e-06,1,0,0,0,0.9995604515579641,2,0.0
7458,7.616769842161487e-06,2,3.8066669965778065e-06,1,0,0,0,0.5062567727798837,3,0.0
7459,3.8083849210807435e-06,1,3.8066669965778065e-06,1,0,0,0,0.9995604515579641,2,0.0
7460,1.142515476324223e-05,3,0.0,0,0,0,0,0.00867667307331396,3,0.0
7461,7.616769842161487e-06,2,5.710000494866709e-06,1,0,0,0,0.7529057641609425,3,0.0
7462,3.8083849210807435e-06,1,5.710000494866709e-06,1,0,0,0,1.4865476692249984,2,0.0
7463,0.0,0,7.613333993155613e-06,2,0,0,0,77.13333993155614,2,0.0
7464,0.0,0,1.9033334982889032e-05,4,0,0,0,191.3333498288903,4,0.0
7465,3.8083849210807435e-06,1,5.710000494866709e-06,1,0,0,0,1.4865476692249984,2,0.0
7466,3.8083849210807435e-06,1,9.516667491444516e-06,2,0,0,0,2.4605221045590673,2,0.0
7467,3.8083849210807435e-06,1,5.710000494866709e-06,1,0,0,0,1.4865476692249984,2,0.0
7468,7.616769842161487e-06,2,0.0,0,1,1,0,0.012958790017766002,2,0.0
7469,3.8083849210807435e-06,1,3.8066669965778065e-06,1,0,0,0,0.9995604515579641,2,0.0
7470,3.8083849210807435e-06,1,3.8066669965778065e-06,1,0,0,0,0.9995604515579641,2,0.0
7471,0.0,0,9.516667491444516e-06,2,0,0,0,96.16667491444517,2,0.0
7472,5.712577381621115e-06,1,3.8066669965778065e-06,1,0,0,0,0.672105804376964,2,0.0
7473,0.0,0,7.613333993155613e-06,2,0,0,0,77.13333993155614,2,0.0
7474,1.142515476324223e-05,2,0.0,0,0,0,0,0.00867667307331396,2,0.0
7475,1.142515476324223e-05,2,0.0,0,0,0,0,0.00867667307331396,2,0.0
7476,0.0,0,9.516667491444516e-06,2,0,0,0,96.16667491444517,2,0.0
7477,9.520962302701859e-06,2,0.0,0,1,1,0,0.01039397067088777,2,0.0
7478,3.8083849210807435e-06,1,7.613333993155613e-06,2,0,0,0,1.9735348868920333,2,0.0
7479,0.0,0,9.516667491444516e-06,2,0,0,0,96.16667491444517,2,0.0
7480,5.712577381621115e-06,1,3.8066669965778065e-06,1,0,0,0,0.672105804376964,2,0.0
7481,0.0,0,9.516667491444516e-06,2,0,0,0,96.16667491444517,2,0.0
7482,0.0,0,9.516667491444516e-06,2,0,0,0,96.16667491444517,2,0.0
7483,3.8083849210807435e-06,1,9.516667491444516e-06,2,0,0,0,2.4605221045590673,3,0.0
7484,0.0,0,7.613333993155613e-06,2,0,0,0,77.13333993155614,2,0.0
7485,0.0,0,9.516667491444516e-06,2,0,0,0,96.16667491444517,2,0.0
7486,9.520962302701859e-06,2,5.710000494866709e-06,1,0,0,0,0.6038897474148801,2,0.0
7487,3.8083849210807435e-06,1,5.710000494866709e-06,1,0,0,0,1.4865476692249984,2,0.0
7488,0.0,0,7.613333993155613e-06,2,0,0,0,77.13333993155614,2,0.0
7489,3.8083849210807435e-06,1,5.710000494866709e-06,1,0,0,0,1.4865476692249984,2,0.0
7490,5.712577381621115e-06,1,3.8066669965778065e-06,1,0,0,0,0.672105804376964,2,0.0
7491,9.520962302701859e-06,2,5.710000494866709e-06,1,0,0,0,0.6038897474148801,2,0.0
7492,3.8083849210807435e-06,1,5.710000494866709e-06,1,0,0,0,1.4865476692249984,2,0.0
7493,7.616769842161487e-06,2,0.0,0,0,0,0,0.012958790017766002,2,0.0
7494,0.0,0,9.516667491444516e-06,2,0,0,0,96.16667491444517,2,0.0
7495,1.142515476324223e-05,2,5.710000494866709e-06,1,0,0,0,0.5041147484975076,2,0.0
7496,0.0,0,1.3323334488022323e-05,2,0,0,0,134.23334488022326,2,0.0
7497,0.0,0,7.613333993155613e-06,2,0,0,0,77.13333993155614,2,0.0
7498,1.5233539684322974e-05,3,7.613333993155613e-06,2,0,0,0,0.5030367515885281,5,0.0
7499,5.712577381621115e-06,1,9.516667491444516e-06,2,0,0,0,1.6544584028853737,3,0.0
7500,1.3329347223782601e-05,3,7.613333993155613e-06,2,0,0,0,0.5743640301068202,4,0.0
7501,3.8083849210807435e-06,1,7.613333993155613e-06,2,0,0,0,1.9735348868920333,3,0.0
7502,5.712577381621115e-06,1,3.8066669965778065e-06,1,0,0,0,0.672105804376964,2,0.0
7503,9.520962302701859e-06,2,0.0,0,0,0,0,0.01039397067088777,2,0.0
7504,3.8083849210807435e-06,1,7.613333993155613e-06,2,0,0,0,1.9735348868920333,3,0.0
7505,5.712577381621115e-06,1,3.8066669965778065e-06,1,0,0,0,0.672105804376964,2,0.0
7506,0.0,0,9.516667491444516e-06,2,0,0,0,96.16667491444517,2,0.0
7507,3.8083849210807435e-06,1,7.613333993155613e-06,2,0,0,0,1.9735348868920333,3,0.0
7508,0.0,0,7.613333993155613e-06,2,0,0,0,77.13333993155614,2,0.0
7509,3.237127182918632e-05,8,1.9033334982889032e-05,5,0,0,0,0.589238853456036,13,0.0
7510,9.520962302701859e-06,2,0.0,0,0,0,0,0.01039397067088777,2,0.0
7511,1.5233539684322974e-05,3,7.613333993155613e-06,2,0,0,0,0.5030367515885281,5,0.0
7512,1.3329347223782601e-05,3,3.8066669965778065e-06,1,0,0,0,0.29090520421270544,4,0.0
7513,7.616769842161487e-06,1,1.713000148460013e-05,3,0,0,0,2.2327997124472954,3,0.0
7514,7.616769842161487e-06,2,3.8066669965778065e-06,1,0,0,0,0.5062567727798837,3,0.0
7515,3.8083849210807435e-06,1,7.613333993155613e-06,2,0,0,0,1.9735348868920333,2,0.0
7516,1.3329347223782601e-05,3,0.0,0,0,0,0,0.007446378318590627,3,0.0
7517,1.142515476324223e-05,2,0.0,0,0,0,0,0.00867667307331396,2,0.0
7518,1.3329347223782603e-05,2,3.8066669965778065e-06,1,0,0,0,0.2909052042127054,2,0.0
7519,0.0,0,7.613333993155613e-06,2,0,0,0,77.13333993155614,2,0.0
7520,9.520962302701859e-06,2,0.0,0,0,0,0,0.01039397067088777,2,0.0
7521,0.0,0,7.613333993155613e-06,2,0,0,0,77.13333993155614,2,0.0
7522,5.712577381621115e-06,1,3.8066669965778065e-06,1,0,0,0,0.672105804376964,2,0.0
7523,1.7137732144863347e-05,4,1.9033334982889032e-05,5,2,1,1,1.1099682268000988,9,0.1111111111111111
7524,3.8083849210807435e-06,1,7.613333993155613e-06,2,0,0,0,1.9735348868920333,3,0.0
7525,0.0,0,7.613333993155613e-06,2,0,0,0,77.13333993155614,2,0.0
7526,1.9041924605403718e-05,5,2.855000247433355e-05,6,0,0,0,1.496714832229865,11,0.0
7527,0.0,0,9.516667491444516e-06,2,0,0,0,96.16667491444517,2,0.0
7528,3.8083849210807435e-06,1,3.8066669965778065e-06,1,0,0,0,0.9995604515579641,2,0.0
7529,3.6179656750267065e-05,7,2.855000247433355e-05,7,0,0,0,0.7896988296098651,14,0.0
7530,0.0,0,7.613333993155613e-06,2,0,0,0,77.13333993155614,2,0.0
7531,3.8083849210807435e-06,1,1.5226667986311226e-05,2,0,0,0,3.9214837575601704,2,0.0
7532,9.520962302701859e-06,2,3.8066669965778065e-06,1,0,0,0,0.4060578218335493,3,0.0
7533,5.712577381621115e-06,1,3.8066669965778065e-06,1,0,0,0,0.672105804376964,2,0.0
7534,9.520962302701859e-06,2,0.0,0,0,0,0,0.01039397067088777,2,0.0
7535,0.0,0,9.516667491444516e-06,2,0,0,0,96.16667491444517,2,0.0
7536,5.712577381621115e-06,1,3.8066669965778065e-06,1,0,0,0,0.672105804376964,2,0.0
7537,3.8083849210807435e-06,1,9.516667491444516e-06,2,0,0,0,2.4605221045590673,3,0.0
7538,9.520962302701859e-06,2,0.0,0,0,0,0,0.01039397067088777,2,0.0
7539,7.616769842161487e-06,2,9.516667491444516e-06,2,0,0,0,1.2462037469230602,3,0.0
7540,5.712577381621115e-06,1,3.8066669965778065e-06,1,0,0,0,0.672105804376964,2,0.0
7541,1.142515476324223e-05,3,1.713000148460013e-05,4,0,0,0,1.494990899345895,6,0.0
7542,1.3329347223782601e-05,3,1.5226667986311226e-05,4,0,0,0,1.1412816818950497,7,0.0
7543,5.712577381621115e-06,1,3.8066669965778065e-06,1,0,0,0,0.672105804376964,2,0.0
7544,3.8083849210807435e-06,1,3.8066669965778065e-06,1,0,0,0,0.9995604515579641,2,0.0
7545,3.8083849210807435e-06,1,3.8066669965778065e-06,1,0,0,0,0.9995604515579641,2,0.0
7546,9.520962302701859e-06,2,5.710000494866709e-06,1,0,0,0,0.6038897474148801,3,0.0
7547,3.8083849210807435e-06,1,3.8066669965778065e-06,1,0,0,0,0.9995604515579641,2,0.0
7548,7.616769842161487e-06,2,0.0,0,0,0,0,0.012958790017766002,2,0.0
7549,5.712577381621115e-06,1,3.8066669965778065e-06,1,0,0,0,0.672105804376964,2,0.0
7550,9.520962302701859e-06,2,0.0,0,0,0,0,0.01039397067088777,2,0.0
7551,7.616769842161487e-06,2,0.0,0,0,0,0,0.012958790017766002,2,0.0
7552,0.0,0,7.613333993155613e-06,2,0,0,0,77.13333993155614,2,0.0
7553,7.616769842161487e-06,2,0.0,0,0,0,0,0.012958790017766002,2,0.0
7554,7.616769842161487e-06,2,0.0,0,0,0,0,0.012958790017766002,2,0.0
7555,7.616769842161487e-06,2,0.0,0,0,0,0,0.012958790017766002,2,0.0
7556,7.616769842161487e-06,2,0.0,0,0,0,0,0.012958790017766002,2,0.0
7557,0.0,0,9.516667491444516e-06,2,1,0,1,96.16667491444517,2,0.5
7558,7.616769842161487e-06,2,0.0,0,0,0,0,0.012958790017766002,2,0.0
7559,9.520962302701859e-06,2,0.0,0,0,0,0,0.01039397067088777,2,0.0
7560,5.712577381621115e-06,1,3.8066669965778065e-06,1,0,0,0,0.672105804376964,2,0.0
7561,9.520962302701859e-06,2,3.8066669965778065e-06,1,0,0,0,0.4060578218335493,3,0.0
7562,1.3329347223782601e-05,3,7.613333993155613e-06,2,0,0,0,0.5743640301068202,5,0.0
7563,9.520962302701859e-06,2,0.0,0,0,0,0,0.01039397067088777,2,0.0
7564,9.520962302701859e-06,2,3.8066669965778065e-06,1,0,0,0,0.4060578218335493,3,0.0
7565,0.0,0,1.142000098973342e-05,3,0,0,0,115.20000989733421,3,0.0
7566,0.0,0,7.613333993155613e-06,2,0,0,0,77.13333993155614,2,0.0
7567,3.8083849210807435e-06,1,5.710000494866709e-06,1,0,0,0,1.4865476692249984,2,0.0
7568,0.0,0,9.516667491444516e-06,2,0,0,0,96.16667491444517,2,0.0
7569,1.3329347223782603e-05,3,3.8066669965778065e-06,1,0,0,0,0.2909052042127054,4,0.0
7570,0.0,0,9.516667491444516e-06,2,0,0,0,96.16667491444517,2,0.0
7571,3.8083849210807435e-06,1,9.516667491444516e-06,2,0,0,0,2.4605221045590673,3,0.0
7572,1.142515476324223e-05,3,5.710000494866709e-06,1,0,0,0,0.5041147484975076,4,0.0
7573,9.520962302701859e-06,2,5.710000494866709e-06,1,0,0,0,0.6038897474148801,3,0.0
7574,7.616769842161487e-06,2,0.0,0,0,0,0,0.012958790017766002,2,0.0
7575,0.0,0,1.5226667986311226e-05,2,0,0,0,153.26667986311224,2,0.0
7576,9.520962302701859e-06,2,5.710000494866709e-06,1,0,0,0,0.6038897474148801,2,0.0
7577,9.520962302701859e-06,2,3.8066669965778065e-06,1,0,0,0,0.4060578218335493,3,0.0
7578,3.8083849210807435e-06,1,3.8066669965778065e-06,1,0,0,0,0.9995604515579641,2,0.0
7579,3.8083849210807435e-06,1,3.8066669965778065e-06,1,0,0,0,0.9995604515579641,2,0.0
7580,0.0,0,9.516667491444516e-06,2,0,0,0,96.16667491444517,2,0.0
7581,9.520962302701859e-06,2,1.9033334982889032e-05,2,0,0,0,1.9887132264841956,3,0.0
7582,9.520962302701859e-06,2,0.0,0,0,0,0,0.01039397067088777,2,0.0
7583,3.8083849210807435e-06,1,1.713000148460013e-05,4,0,0,0,4.408470975227205,5,0.0
7584,0.0,0,7.613333993155613e-06,2,0,0,0,77.13333993155614,2,0.0
7585,5.712577381621115e-06,1,3.8066669965778065e-06,1,0,0,0,0.672105804376964,2,0.0
7586,7.616769842161487e-06,2,0.0,0,0,0,0,0.012958790017766002,2,0.0
7587,3.8083849210807435e-06,1,3.8066669965778065e-06,1,0,0,0,0.9995604515579641,2,0.0
7588,7.616769842161487e-06,2,3.8066669965778065e-06,1,0,0,0,0.5062567727798837,3,0.0
7589,9.520962302701859e-06,2,0.0,0,0,0,0,0.01039397067088777,2,0.0
7590,0.0,0,7.613333993155613e-06,2,0,0,0,77.13333993155614,2,0.0
7591,1.3329347223782601e-05,3,3.8066669965778065e-06,1,0,0,0,0.29090520421270544,4,0.0
7592,7.616769842161487e-06,2,0.0,0,0,0,0,0.012958790017766002,2,0.0
7593,3.8083849210807435e-06,1,3.8066669965778065e-06,1,0,0,0,0.9995604515579641,2,0.0
7594,0.0,0,7.613333993155613e-06,2,0,0,0,77.13333993155614,2,0.0
7595,3.8083849210807435e-06,1,1.5226667986311226e-05,3,0,0,0,3.9214837575601704,3,0.0
7596,7.616769842161487e-06,2,0.0,0,0,0,0,0.012958790017766002,2,0.0
7597,9.520962302701859e-06,2,3.8066669965778065e-06,1,0,0,0,0.4060578218335493,3,0.0
7598,9.520962302701859e-06,2,0.0,0,0,0,0,0.01039397067088777,2,0.0
7599,7.616769842161487e-06,2,5.710000494866709e-06,1,0,0,0,0.7529057641609425,3,0.0
7600,5.712577381621115e-06,1,7.613333993155613e-06,2,0,0,0,1.3270075367159038,2,0.0
7601,3.8083849210807435e-06,1,3.8066669965778065e-06,1,0,0,0,0.9995604515579641,2,0.0
7602,0.0,0,9.516667491444516e-06,2,0,0,0,96.16667491444517,2,0.0
7603,3.8083849210807435e-06,1,3.8066669965778065e-06,1,0,0,0,0.9995604515579641,2,0.0
7604,3.8083849210807435e-06,1,5.710000494866709e-06,1,0,0,0,1.4865476692249984,2,0.0
7605,3.8083849210807435e-06,1,9.516667491444516e-06,2,0,0,0,2.4605221045590673,3,0.0
7606,9.520962302701859e-06,2,0.0,0,0,0,0,0.01039397067088777,2,0.0
7607,3.8083849210807435e-06,1,5.710000494866709e-06,1,0,0,0,1.4865476692249984,2,0.0
7608,3.8083849210807435e-06,1,3.8066669965778065e-06,1,0,0,0,0.9995604515579641,2,0.0
7609,3.8083849210807435e-06,1,5.710000494866709e-06,1,0,0,0,1.4865476692249984,2,0.0
7610,9.520962302701859e-06,2,5.710000494866709e-06,1,0,0,0,0.6038897474148801,2,0.0
7611,0.0,0,1.1420000989733419e-05,2,0,0,0,115.2000098973342,2,0.0
7612,0.0,0,1.142000098973342e-05,3,0,0,0,115.20000989733421,3,0.0
7613,3.8083849210807435e-06,1,3.8066669965778065e-06,1,0,0,0,0.9995604515579641,2,0.0
7614,1.142515476324223e-05,3,0.0,0,0,0,0,0.00867667307331396,3,0.0
7615,3.8083849210807435e-06,1,3.8066669965778065e-06,1,0,0,0,0.9995604515579641,2,0.0
7616,5.712577381621115e-06,1,3.8066669965778065e-06,1,0,0,0,0.672105804376964,2,0.0
7617,5.712577381621115e-06,1,3.8066669965778065e-06,1,0,0,0,0.672105804376964,2,0.0
7618,9.520962302701859e-06,2,3.8066669965778065e-06,1,0,0,0,0.4060578218335493,3,0.0
7619,0.0,0,9.516667491444516e-06,2,0,0,0,96.16667491444517,2,0.0
7620,1.142515476324223e-05,3,3.8066669965778065e-06,1,0,0,0,0.3389687233561098,4,0.0
7621,3.8083849210807435e-06,1,1.5226667986311226e-05,3,0,0,0,3.9214837575601704,4,0.0
7622,5.712577381621115e-06,1,3.8066669965778065e-06,1,0,0,0,0.672105804376964,2,0.0
7623,7.616769842161487e-06,2,0.0,0,0,0,0,0.012958790017766002,2,0.0
7624,9.520962302701859e-06,2,0.0,0,0,0,0,0.01039397067088777,2,0.0
7625,3.8083849210807435e-06,1,3.8066669965778065e-06,1,0,0,0,0.9995604515579641,2,0.0
7626,3.8083849210807435e-06,1,2.0936668481177935e-05,5,0,0,0,5.382445410561274,6,0.0
7627,0.0,0,9.516667491444516e-06,2,0,0,0,96.16667491444517,2,0.0
7628,3.8083849210807435e-06,1,3.8066669965778065e-06,1,0,0,0,0.9995604515579641,2,0.0
7629,0.0,0,9.516667491444516e-06,2,0,0,0,96.16667491444517,2,0.0
7630,0.0,0,7.613333993155613e-06,2,0,0,0,77.13333993155614,2,0.0
7631,7.616769842161487e-06,2,0.0,0,0,0,0,0.012958790017766002,2,0.0
7632,3.8083849210807435e-06,1,5.710000494866709e-06,1,0,0,0,1.4865476692249984,2,0.0
7633,5.712577381621115e-06,1,3.8066669965778065e-06,1,0,0,0,0.672105804376964,2,0.0
7634,5.712577381621115e-06,1,1.5226667986311226e-05,4,0,0,0,2.636811001393783,5,0.0
7635,5.712577381621115e-06,1,3.8066669965778065e-06,1,0,0,0,0.672105804376964,2,0.0
7636,0.0,0,9.516667491444516e-06,2,0,0,0,96.16667491444517,2,0.0
7637,3.8083849210807435e-06,1,5.710000494866709e-06,1,0,0,0,1.4865476692249984,2,0.0
7638,0.0,0,9.516667491444516e-06,2,0,0,0,96.16667491444517,2,0.0
7639,0.0,0,7.613333993155613e-06,2,0,0,0,77.13333993155614,2,0.0
7640,7.616769842161487e-06,2,0.0,0,0,0,0,0.012958790017766002,2,0.0
7641,3.8083849210807435e-06,1,3.8066669965778065e-06,1,0,0,0,0.9995604515579641,2,0.0
7642,0.0,0,9.516667491444516e-06,2,0,0,0,96.16667491444517,2,0.0
7643,7.616769842161487e-06,2,0.0,0,0,0,0,0.012958790017766002,2,0.0
7644,1.142515476324223e-05,2,0.0,0,0,0,0,0.00867667307331396,2,0.0
7645,3.8083849210807435e-06,1,5.710000494866709e-06,1,0,0,0,1.4865476692249984,2,0.0
7646,9.520962302701859e-06,2,0.0,0,0,0,0,0.01039397067088777,2,0.0
7647,3.8083849210807435e-06,1,3.8066669965778065e-06,1,1,0,1,0.9995604515579641,2,0.5
7648,5.712577381621115e-06,1,1.142000098973342e-05,2,0,0,0,1.9819092690548437,2,0.0
7649,0.0,0,7.613333993155613e-06,2,0,0,0,77.13333993155614,2,0.0
7650,3.8083849210807435e-06,1,3.8066669965778065e-06,1,1,1,0,0.9995604515579641,2,0.0
7651,5.712577381621115e-06,1,7.613333993155613e-06,2,0,0,0,1.3270075367159038,3,0.0
7652,7.616769842161487e-06,2,3.8066669965778065e-06,1,0,0,0,0.5062567727798837,3,0.0
7653,9.520962302701859e-06,2,0.0,0,0,0,0,0.01039397067088777,2,0.0
7654,7.616769842161487e-06,2,5.710000494866709e-06,1,0,0,0,0.7529057641609425,3,0.0
7655,3.8083849210807435e-06,1,1.142000098973342e-05,3,0,0,0,2.9475093222261024,3,0.0
7656,3.8083849210807435e-06,1,3.8066669965778065e-06,1,0,0,0,0.9995604515579641,2,0.0
7657,9.520962302701859e-06,2,0.0,0,0,0,0,0.01039397067088777,2,0.0
7658,9.520962302701859e-06,2,0.0,0,0,0,0,0.01039397067088777,2,0.0
7659,3.8083849210807435e-06,1,7.613333993155613e-06,2,0,0,0,1.9735348868920333,3,0.0
7660,0.0,0,9.516667491444516e-06,2,0,0,0,96.16667491444517,2,0.0
7661,3.8083849210807435e-06,1,3.8066669965778065e-06,1,0,0,0,0.9995604515579641,2,0.0
7662,0.0,0,7.613333993155613e-06,2,0,0,0,77.13333993155614,2,0.0
7663,1.142515476324223e-05,2,3.8066669965778065e-06,1,0,0,0,0.3389687233561098,3,0.0
7664,9.520962302701859e-06,2,0.0,0,0,0,0,0.01039397067088777,2,0.0
7665,9.520962302701859e-06,2,3.8066669965778065e-06,1,2,1,1,0.4060578218335493,3,0.3333333333333333
7666,3.8083849210807435e-06,1,3.8066669965778065e-06,1,0,0,0,0.9995604515579641,2,0.0
7667,0.0,0,7.613333993155613e-06,2,0,0,0,77.13333993155614,2,0.0
7668,3.8083849210807435e-06,1,3.8066669965778065e-06,1,0,0,0,0.9995604515579641,2,0.0
7669,3.8083849210807435e-06,1,9.516667491444516e-06,2,0,0,0,2.4605221045590673,3,0.0
7670,0.0,0,9.516667491444516e-06,2,0,0,0,96.16667491444517,2,0.0
7671,3.8083849210807435e-06,1,7.613333993155613e-06,2,0,0,0,1.9735348868920333,3,0.0
7672,5.712577381621115e-06,1,3.8066669965778065e-06,1,0,0,0,0.672105804376964,2,0.0
7673,5.712577381621115e-06,1,3.8066669965778065e-06,1,0,0,0,0.672105804376964,2,0.0
7674,1.3329347223782603e-05,3,7.613333993155613e-06,2,0,0,0,0.5743640301068202,5,0.0
7675,3.8083849210807435e-06,1,5.710000494866709e-06,1,0,0,0,1.4865476692249984,2,0.0
7676,3.8083849210807435e-06,1,3.8066669965778065e-06,1,0,0,0,0.9995604515579641,2,0.0
7677,5.712577381621115e-06,1,3.8066669965778065e-06,1,0,0,0,0.672105804376964,2,0.0
7678,3.8083849210807435e-06,1,3.8066669965778065e-06,1,0,0,0,0.9995604515579641,2,0.0
7679,3.8083849210807435e-06,1,3.8066669965778065e-06,1,0,0,0,0.9995604515579641,2,0.0
7680,3.8083849210807435e-06,1,3.8066669965778065e-06,1,0,0,0,0.9995604515579641,2,0.0
7681,3.8083849210807435e-06,1,5.710000494866709e-06,1,0,0,0,1.4865476692249984,2,0.0
7682,7.616769842161487e-06,2,3.8066669965778065e-06,1,0,0,0,0.5062567727798837,3,0.0
7683,1.5233539684322974e-05,3,0.0,0,0,0,0,0.006521651364181754,3,0.0
7684,0.0,0,9.516667491444516e-06,2,0,0,0,96.16667491444517,2,0.0
7685,0.0,0,1.5226667986311226e-05,4,0,0,0,153.26667986311224,4,0.0
7686,0.0,0,7.613333993155613e-06,2,0,0,0,77.13333993155614,2,0.0
7687,0.0,0,7.613333993155613e-06,2,0,0,0,77.13333993155614,2,0.0
7688,5.712577381621115e-06,1,3.8066669965778065e-06,1,0,0,0,0.672105804376964,2,0.0
7689,5.712577381621115e-06,1,7.613333993155613e-06,2,0,0,0,1.3270075367159038,2,0.0
7690,3.8083849210807435e-06,1,3.8066669965778065e-06,1,0,0,0,0.9995604515579641,2,0.0
7691,9.520962302701859e-06,2,3.8066669965778065e-06,1,0,0,0,0.4060578218335493,3,0.0
7692,5.712577381621115e-06,1,3.8066669965778065e-06,1,0,0,0,0.672105804376964,2,0.0
7693,1.3329347223782603e-05,3,0.0,0,0,0,0,0.007446378318590626,3,0.0
7694,9.520962302701859e-06,2,0.0,0,0,0,0,0.01039397067088777,2,0.0
7695,1.142515476324223e-05,2,7.613333993155613e-06,2,0,0,0,0.6692607736389057,3,0.0
7696,3.8083849210807435e-06,1,5.710000494866709e-06,1,0,0,0,1.4865476692249984,2,0.0
7697,5.712577381621115e-06,1,3.8066669965778065e-06,1,0,0,0,0.672105804376964,2,0.0
7698,3.8083849210807435e-06,1,3.8066669965778065e-06,1,0,0,0,0.9995604515579641,2,0.0
7699,9.520962302701859e-06,2,0.0,0,0,0,0,0.01039397067088777,2,0.0
7700,0.0,0,7.613333993155613e-06,2,0,0,0,77.13333993155614,2,0.0
7701,7.616769842161487e-06,2,3.8066669965778065e-06,1,0,0,0,0.5062567727798837,3,0.0
7702,0.0,0,1.1420000989733419e-05,2,0,0,0,115.2000098973342,2,0.0
7703,3.8083849210807435e-06,1,3.8066669965778065e-06,1,0,0,0,0.9995604515579641,2,0.0
7704,0.0,0,7.613333993155613e-06,2,0,0,0,77.13333993155614,2,0.0
7705,3.8083849210807435e-06,1,5.710000494866709e-06,1,0,0,0,1.4865476692249984,2,0.0
7706,9.520962302701859e-06,2,3.8066669965778065e-06,1,0,0,0,0.4060578218335493,3,0.0
7707,3.8083849210807435e-06,1,3.8066669965778065e-06,1,0,0,0,0.9995604515579641,2,0.0
7708,5.712577381621115e-06,1,7.613333993155613e-06,2,0,0,0,1.3270075367159038,3,0.0
7709,0.0,0,9.516667491444516e-06,2,0,0,0,96.16667491444517,2,0.0
7710,1.142515476324223e-05,2,9.516667491444516e-06,2,0,0,0,0.8344067987803035,4,0.0
7711,1.142515476324223e-05,2,5.710000494866709e-06,1,0,0,0,0.5041147484975076,2,0.0
7712,3.8083849210807435e-06,1,3.8066669965778065e-06,1,0,0,0,0.9995604515579641,2,0.0
7713,3.8083849210807435e-06,1,3.8066669965778065e-06,1,0,0,0,0.9995604515579641,2,0.0
7714,5.712577381621115e-06,1,5.710000494866709e-06,1,0,0,0,0.9995566705464337,2,0.0
7715,3.8083849210807435e-06,1,3.8066669965778065e-06,1,0,0,0,0.9995604515579641,2,0.0
7716,1.142515476324223e-05,2,3.8066669965778065e-06,1,0,0,0,0.3389687233561098,3,0.0
7717,3.8083849210807435e-06,1,3.8066669965778065e-06,1,0,0,0,0.9995604515579641,2,0.0
7718,5.712577381621115e-06,1,3.8066669965778065e-06,1,0,0,0,0.672105804376964,2,0.0
7719,5.712577381621115e-06,1,9.516667491444516e-06,2,0,0,0,1.6544584028853737,3,0.0
7720,0.0,0,1.1420000989733419e-05,2,0,0,0,115.2000098973342,2,0.0
7721,0.0,0,9.516667491444516e-06,2,0,0,0,96.16667491444517,2,0.0
7722,0.0,0,7.613333993155613e-06,2,0,0,0,77.13333993155614,2,0.0
7723,9.520962302701859e-06,2,9.516667491444516e-06,2,0,0,0,0.9995535985775418,2,0.0
7724,0.0,0,9.516667491444516e-06,2,0,0,0,96.16667491444517,2,0.0
7725,5.712577381621115e-06,1,1.9033334982889032e-05,2,0,0,0,3.2917127337327226,2,0.0
7726,0.0,0,9.516667491444516e-06,2,0,0,0,96.16667491444517,2,0.0
7727,3.8083849210807435e-06,1,3.8066669965778065e-06,1,0,0,0,0.9995604515579641,2,0.0
7728,9.520962302701859e-06,2,1.3323334488022323e-05,3,2,1,1,1.3952174497402035,5,0.2
7729,5.712577381621115e-06,1,3.8066669965778065e-06,1,0,0,0,0.672105804376964,2,0.0
7730,3.8083849210807435e-06,1,3.8066669965778065e-06,1,0,0,0,0.9995604515579641,2,0.0
7731,5.712577381621115e-06,1,3.8066669965778065e-06,1,0,0,0,0.672105804376964,2,0.0
7732,0.0,0,1.1420000989733419e-05,2,0,0,0,115.2000098973342,2,0.0
7733,3.8083849210807435e-06,1,3.8066669965778065e-06,1,0,0,0,0.9995604515579641,2,0.0
7734,5.712577381621115e-06,1,3.8066669965778065e-06,1,0,0,0,0.672105804376964,2,0.0
7735,3.8083849210807435e-06,1,3.8066669965778065e-06,1,0,0,0,0.9995604515579641,2,0.0
7736,0.0,0,7.613333993155613e-06,2,0,0,0,77.13333993155614,2,0.0
7737,0.0,0,1.1420000989733419e-05,2,0,0,0,115.2000098973342,2,0.0
7738,1.142515476324223e-05,2,0.0,0,0,0,0,0.00867667307331396,2,0.0
7739,1.142515476324223e-05,2,3.8066669965778065e-06,1,0,0,0,0.3389687233561098,2,0.0
7740,1.142515476324223e-05,3,0.0,0,0,0,0,0.00867667307331396,3,0.0
7741,5.712577381621115e-06,1,5.710000494866709e-06,1,0,0,0,0.9995566705464337,2,0.0
7742,5.712577381621115e-06,1,3.8066669965778065e-06,1,0,0,0,0.672105804376964,2,0.0
7743,0.0,0,9.516667491444516e-06,2,0,0,0,96.16667491444517,2,0.0
7744,3.8083849210807435e-06,1,3.8066669965778065e-06,1,0,0,0,0.9995604515579641,2,0.0
7745,3.8083849210807435e-06,1,7.613333993155613e-06,2,0,0,0,1.9735348868920333,3,0.0
7746,3.8083849210807435e-06,1,3.8066669965778065e-06,1,0,0,0,0.9995604515579641,2,0.0
7747,5.712577381621115e-06,1,5.710000494866709e-06,1,0,0,0,0.9995566705464337,2,0.0
7748,0.0,0,9.516667491444516e-06,2,0,0,0,96.16667491444517,2,0.0
7749,5.712577381621115e-06,1,1.142000098973342e-05,3,0,0,0,1.9819092690548437,4,0.0
7750,3.8083849210807435e-06,1,7.613333993155613e-06,2,3,1,2,1.9735348868920333,3,0.6666666666666666
7751,5.712577381621115e-06,1,3.8066669965778065e-06,1,0,0,0,0.672105804376964,2,0.0
7752,0.0,0,9.516667491444516e-06,2,0,0,0,96.16667491444517,2,0.0
7753,5.712577381621115e-06,1,3.8066669965778065e-06,1,0,0,0,0.672105804376964,2,0.0
7754,0.0,0,9.516667491444516e-06,2,0,0,0,96.16667491444517,2,0.0
7755,5.712577381621115e-06,1,3.8066669965778065e-06,1,0,0,0,0.672105804376964,2,0.0
7756,0.0,0,9.516667491444516e-06,2,1,0,1,96.16667491444517,2,0.5
7757,5.712577381621115e-06,1,9.516667491444516e-06,2,0,0,0,1.6544584028853737,2,0.0
7758,1.142515476324223e-05,2,0.0,0,0,0,0,0.00867667307331396,2,0.0
7759,0.0,0,9.516667491444516e-06,2,0,0,0,96.16667491444517,2,0.0
7760,5.712577381621115e-06,1,5.710000494866709e-06,1,0,0,0,0.9995566705464337,2,0.0
7761,1.142515476324223e-05,2,0.0,0,0,0,0,0.00867667307331396,2,0.0
7762,0.0,0,9.516667491444516e-06,2,0,0,0,96.16667491444517,2,0.0
7763,5.712577381621115e-06,1,5.710000494866709e-06,1,0,0,0,0.9995566705464337,2,0.0
7764,0.0,0,9.516667491444516e-06,2,0,0,0,96.16667491444517,2,0.0
7765,0.0,0,9.516667491444516e-06,2,0,0,0,96.16667491444517,2,0.0
7766,5.712577381621115e-06,1,3.8066669965778065e-06,1,0,0,0,0.672105804376964,2,0.0
7767,1.142515476324223e-05,2,3.8066669965778065e-06,1,0,0,0,0.3389687233561098,2,0.0
7768,5.712577381621115e-06,1,1.1420000989733419e-05,2,0,0,0,1.9819092690548434,2,0.0
7769,0.0,0,9.516667491444516e-06,2,0,0,0,96.16667491444517,2,0.0
7770,5.712577381621115e-06,1,9.516667491444516e-06,2,0,0,0,1.6544584028853737,3,0.0
7771,1.142515476324223e-05,2,0.0,0,0,0,0,0.00867667307331396,2,0.0
7772,5.712577381621115e-06,1,3.8066669965778065e-06,1,0,0,0,0.672105804376964,2,0.0
7773,5.712577381621115e-06,1,3.8066669965778065e-06,1,0,0,0,0.672105804376964,2,0.0
7774,0.0,0,9.516667491444516e-06,2,0,0,0,96.16667491444517,2,0.0
7775,0.0,0,9.516667491444516e-06,2,0,0,0,96.16667491444517,2,0.0
7776,5.712577381621115e-06,1,5.710000494866709e-06,1,0,0,0,0.9995566705464337,2,0.0
7777,0.0,0,1.1420000989733419e-05,2,0,0,0,115.2000098973342,2,0.0
7778,9.520962302701859e-06,1,3.8066669965778065e-06,1,0,0,0,0.4060578218335493,2,0.0
7779,1.142515476324223e-05,2,0.0,0,0,0,0,0.00867667307331396,2,0.0
7780,5.712577381621115e-06,1,3.8066669965778065e-06,1,0,0,0,0.672105804376964,2,0.0
7781,5.712577381621115e-06,1,9.516667491444516e-06,2,0,0,0,1.6544584028853737,2,0.0
7782,5.712577381621115e-06,1,5.710000494866709e-06,1,0,0,0,0.9995566705464337,2,0.0
7783,5.712577381621115e-06,1,9.516667491444516e-06,2,0,0,0,1.6544584028853737,2,0.0
7784,5.712577381621115e-06,1,3.8066669965778065e-06,1,0,0,0,0.672105804376964,2,0.0
7785,5.712577381621115e-06,1,3.8066669965778065e-06,1,0,0,0,0.672105804376964,2,0.0
7786,5.712577381621115e-06,1,9.516667491444516e-06,2,0,0,0,1.6544584028853737,2,0.0
7787,5.712577381621115e-06,1,3.8066669965778065e-06,1,0,0,0,0.672105804376964,2,0.0
7788,1.142515476324223e-05,2,5.710000494866709e-06,1,0,0,0,0.5041147484975076,3,0.0
7789,5.712577381621115e-06,1,3.8066669965778065e-06,1,0,0,0,0.672105804376964,2,0.0
7790,5.712577381621115e-06,1,3.8066669965778065e-06,1,0,0,0,0.672105804376964,2,0.0
7791,1.7137732144863347e-05,3,4.758333745722258e-05,4,0,0,0,2.7662187262511613,4,0.0
7792,5.712577381621115e-06,1,5.710000494866709e-06,1,0,0,0,0.9995566705464337,2,0.0
7793,1.142515476324223e-05,2,0.0,0,0,0,0,0.00867667307331396,2,0.0
7794,0.0,0,1.1420000989733419e-05,2,0,0,0,115.2000098973342,2,0.0
7795,5.712577381621115e-06,1,5.710000494866709e-06,1,0,0,0,0.9995566705464337,2,0.0
7796,5.712577381621115e-06,1,5.710000494866709e-06,1,0,0,0,0.9995566705464337,2,0.0
7797,5.712577381621115e-06,1,5.710000494866709e-06,1,0,0,0,0.9995566705464337,2,0.0
7798,1.142515476324223e-05,2,0.0,0,0,0,0,0.00867667307331396,2,0.0
7799,1.142515476324223e-05,2,0.0,0,0,0,0,0.00867667307331396,2,0.0
7800,5.712577381621115e-06,1,5.710000494866709e-06,1,0,0,0,0.9995566705464337,2,0.0
7801,1.142515476324223e-05,2,0.0,0,0,0,0,0.00867667307331396,2,0.0
7802,0.0,0,1.1420000989733419e-05,2,0,0,0,115.2000098973342,2,0.0
7803,5.712577381621115e-06,1,5.710000494866709e-06,1,0,0,0,0.9995566705464337,2,0.0
7804,0.0,0,9.516667491444516e-06,2,0,0,0,96.16667491444517,2,0.0
7805,1.142515476324223e-05,2,0.0,0,0,0,0,0.00867667307331396,2,0.0
7806,1.142515476324223e-05,2,1.1420000989733419e-05,2,0,0,0,0.9995528239217014,3,0.0
7807,1.142515476324223e-05,2,0.0,0,0,0,0,0.00867667307331396,2,0.0
7808,5.712577381621115e-06,1,5.710000494866709e-06,1,1,0,1,0.9995566705464337,2,0.5
7809,1.142515476324223e-05,2,7.613333993155613e-06,1,0,0,0,0.6692607736389057,2,0.0
7810,1.142515476324223e-05,2,0.0,0,0,0,0,0.00867667307331396,2,0.0
7811,1.142515476324223e-05,2,0.0,0,1,1,0,0.00867667307331396,2,0.0
7812,0.0,0,1.1420000989733419e-05,2,0,0,0,115.2000098973342,2,0.0
7813,0.0,0,1.1420000989733419e-05,2,0,0,0,115.2000098973342,2,0.0
7814,5.712577381621115e-06,1,1.5226667986311226e-05,3,0,0,0,2.636811001393783,3,0.0
7815,5.712577381621115e-06,1,1.1420000989733419e-05,2,0,0,0,1.9819092690548434,3,0.0
7816,0.0,0,1.1420000989733419e-05,2,0,0,0,115.2000098973342,2,0.0
7817,1.5233539684322974e-05,2,3.8066669965778065e-06,1,0,0,0,0.2547792014763549,2,0.0
7818,5.712577381621115e-06,1,5.710000494866709e-06,1,0,0,0,0.9995566705464337,2,0.0
7819,0.0,0,1.1420000989733419e-05,2,0,0,0,115.2000098973342,2,0.0
7820,5.712577381621115e-06,1,5.710000494866709e-06,1,0,0,0,0.9995566705464337,2,0.0
7821,5.712577381621115e-06,1,5.710000494866709e-06,1,0,0,0,0.9995566705464337,2,0.0
7822,5.712577381621115e-06,1,5.710000494866709e-06,1,0,0,0,0.9995566705464337,2,0.0
7823,5.712577381621115e-06,1,9.516667491444516e-06,2,0,0,0,1.6544584028853737,2,0.0
7824,5.712577381621115e-06,1,5.710000494866709e-06,1,0,0,0,0.9995566705464337,2,0.0
7825,5.712577381621115e-06,1,5.710000494866709e-06,1,0,0,0,0.9995566705464337,2,0.0
7826,1.142515476324223e-05,2,0.0,0,0,0,0,0.00867667307331396,2,0.0
7827,5.712577381621115e-06,1,5.710000494866709e-06,1,0,0,0,0.9995566705464337,2,0.0
7828,1.5233539684322974e-05,3,5.710000494866709e-06,1,0,0,0,0.37890797653244146,4,0.0
7829,3.8083849210807435e-06,1,5.710000494866709e-06,1,0,0,0,1.4865476692249984,2,0.0
7830,3.8083849210807435e-06,1,5.710000494866709e-06,1,0,0,0,1.4865476692249984,2,0.0
7831,3.8083849210807435e-06,1,5.710000494866709e-06,1,0,0,0,1.4865476692249984,2,0.0
7832,9.520962302701859e-06,2,5.710000494866709e-06,1,0,0,0,0.6038897474148801,3,0.0
7833,3.8083849210807435e-06,1,5.710000494866709e-06,1,0,0,0,1.4865476692249984,2,0.0
7834,3.8083849210807435e-06,1,5.710000494866709e-06,1,0,0,0,1.4865476692249984,2,0.0
7835,5.712577381621115e-06,1,5.710000494866709e-06,1,0,0,0,0.9995566705464337,2,0.0
7836,3.8083849210807435e-06,1,5.710000494866709e-06,1,0,0,0,1.4865476692249984,2,0.0
7837,3.8083849210807435e-06,1,5.710000494866709e-06,1,0,0,0,1.4865476692249984,2,0.0
7838,3.8083849210807435e-06,1,5.710000494866709e-06,1,0,0,0,1.4865476692249984,2,0.0
7839,0.0,0,1.1420000989733419e-05,2,0,0,0,115.2000098973342,2,0.0
7840,3.8083849210807435e-06,1,5.710000494866709e-06,1,0,0,0,1.4865476692249984,2,0.0
7841,5.712577381621115e-06,1,1.1420000989733419e-05,2,0,0,0,1.9819092690548434,2,0.0
7842,5.712577381621115e-06,1,5.710000494866709e-06,1,0,0,0,0.9995566705464337,2,0.0
7843,3.8083849210807435e-06,1,5.710000494866709e-06,1,0,0,0,1.4865476692249984,2,0.0
7844,3.8083849210807435e-06,1,5.710000494866709e-06,1,0,0,0,1.4865476692249984,2,0.0
7845,1.7137732144863347e-05,4,5.710000494866709e-06,1,0,0,0,0.3370513270562697,5,0.0
7846,5.712577381621115e-06,1,5.710000494866709e-06,1,0,0,0,0.9995566705464337,2,0.0
7847,3.8083849210807435e-06,1,5.710000494866709e-06,1,0,0,0,1.4865476692249984,2,0.0
7848,3.8083849210807435e-06,1,5.710000494866709e-06,1,0,0,0,1.4865476692249984,2,0.0
7849,3.8083849210807435e-06,1,5.710000494866709e-06,1,0,0,0,1.4865476692249984,2,0.0
7850,5.712577381621115e-06,1,5.710000494866709e-06,1,0,0,0,0.9995566705464337,2,0.0
7851,3.8083849210807435e-06,1,5.710000494866709e-06,1,0,0,0,1.4865476692249984,2,0.0
7852,0.0,0,1.1420000989733419e-05,2,0,0,0,115.2000098973342,2,0.0
7853,3.8083849210807435e-06,1,5.710000494866709e-06,1,0,0,0,1.4865476692249984,2,0.0
7854,3.8083849210807435e-06,1,5.710000494866709e-06,1,0,0,0,1.4865476692249984,2,0.0
7855,1.5233539684322974e-05,3,1.1420000989733419e-05,2,0,0,0,0.7512943017007012,5,0.0
7856,5.712577381621115e-06,1,9.516667491444516e-06,2,0,0,0,1.6544584028853737,2,0.0
7857,3.8083849210807435e-06,1,5.710000494866709e-06,1,0,0,0,1.4865476692249984,2,0.0
7858,3.8083849210807435e-06,1,9.516667491444516e-06,2,0,0,0,2.4605221045590673,2,0.0
7859,3.8083849210807435e-06,1,5.710000494866709e-06,1,0,0,0,1.4865476692249984,2,0.0
7860,1.142515476324223e-05,1,1.5226667986311226e-05,2,0,0,0,1.329844874204497,2,0.0
7861,3.8083849210807435e-06,1,5.710000494866709e-06,1,0,0,0,1.4865476692249984,2,0.0
7862,3.8083849210807435e-06,1,5.710000494866709e-06,1,0,0,0,1.4865476692249984,2,0.0
7863,9.520962302701859e-06,2,5.710000494866709e-06,1,0,0,0,0.6038897474148801,3,0.0
7864,3.8083849210807435e-06,1,5.710000494866709e-06,1,0,0,0,1.4865476692249984,2,0.0
7865,5.712577381621115e-06,1,5.710000494866709e-06,1,0,0,0,0.9995566705464337,2,0.0
7866,3.8083849210807435e-06,1,5.710000494866709e-06,1,0,0,0,1.4865476692249984,2,0.0
7867,1.142515476324223e-05,2,0.0,0,0,0,0,0.00867667307331396,2,0.0
7868,9.520962302701859e-06,2,0.0,0,0,0,0,0.01039397067088777,2,0.0
7869,1.142515476324223e-05,2,0.0,0,0,0,0,0.00867667307331396,2,0.0
7870,3.8083849210807435e-06,1,5.710000494866709e-06,1,0,0,0,1.4865476692249984,2,0.0
7871,5.712577381621115e-06,1,5.710000494866709e-06,1,0,0,0,0.9995566705464337,2,0.0
7872,3.8083849210807435e-06,1,5.710000494866709e-06,1,0,0,0,1.4865476692249984,2,0.0
7873,3.8083849210807435e-06,1,5.710000494866709e-06,1,0,0,0,1.4865476692249984,2,0.0
7874,0.0,0,1.1420000989733419e-05,2,0,0,0,115.2000098973342,2,0.0
7875,1.5233539684322974e-05,3,5.710000494866709e-06,1,0,0,0,0.37890797653244146,4,0.0
7876,5.712577381621115e-06,1,9.516667491444516e-06,2,0,0,0,1.6544584028853737,3,0.0
7877,1.142515476324223e-05,2,0.0,0,0,0,0,0.00867667307331396,2,0.0
7878,3.8083849210807435e-06,1,5.710000494866709e-06,1,0,0,0,1.4865476692249984,2,0.0
7879,3.8083849210807435e-06,1,5.710000494866709e-06,1,0,0,0,1.4865476692249984,2,0.0
7880,0.0,0,9.516667491444516e-06,2,0,0,0,96.16667491444517,2,0.0
7881,3.8083849210807435e-06,1,6.47133389418227e-05,2,0,0,0,16.583151416903064,2,0.0
7882,0.0,0,9.516667491444516e-06,2,0,0,0,96.16667491444517,2,0.0
7883,3.8083849210807435e-06,1,1.9033334982889032e-05,2,0,0,0,4.895458192894239,2,0.0
7884,3.8083849210807435e-06,1,5.710000494866709e-06,1,0,0,0,1.4865476692249984,2,0.0
7885,5.712577381621115e-06,1,5.710000494866709e-06,1,0,0,0,0.9995566705464337,2,0.0
7886,3.8083849210807435e-06,1,5.710000494866709e-06,1,0,0,0,1.4865476692249984,2,0.0
7887,0.0,0,1.1420000989733419e-05,2,0,0,0,115.2000098973342,2,0.0
7888,3.8083849210807435e-06,1,5.710000494866709e-06,1,0,0,0,1.4865476692249984,2,0.0
7889,3.8083849210807435e-06,1,9.516667491444516e-06,2,0,0,0,2.4605221045590673,3,0.0
7890,3.8083849210807435e-06,1,5.710000494866709e-06,1,0,0,0,1.4865476692249984,2,0.0
7891,3.8083849210807435e-06,1,5.710000494866709e-06,1,0,0,0,1.4865476692249984,2,0.0
7892,3.8083849210807435e-06,1,5.710000494866709e-06,1,2,1,1,1.4865476692249984,2,0.5
7893,9.520962302701859e-06,2,1.3323334488022323e-05,3,3,0,3,1.3952174497402035,5,0.6
7894,1.3329347223782601e-05,3,5.710000494866709e-06,1,0,0,0,0.4326346171597628,4,0.0
7895,7.616769842161487e-06,2,5.710000494866709e-06,1,0,0,0,0.7529057641609425,3,0.0
7896,1.3329347223782601e-05,3,5.710000494866709e-06,1,0,0,0,0.4326346171597628,4,0.0
7897,5.712577381621115e-06,1,1.3323334488022323e-05,2,0,0,0,2.3093601352243134,2,0.0
7898,9.520962302701859e-06,2,0.0,0,0,0,0,0.01039397067088777,2,0.0
7899,5.712577381621115e-06,1,5.710000494866709e-06,1,2,1,1,0.9995566705464337,2,0.5
7900,3.8083849210807435e-06,1,5.710000494866709e-06,1,0,0,0,1.4865476692249984,2,0.0
7901,3.8083849210807435e-06,1,5.710000494866709e-06,1,0,0,0,1.4865476692249984,2,0.0
7902,0.0,0,1.1420000989733419e-05,2,0,0,0,115.2000098973342,2,0.0
7903,1.142515476324223e-05,2,0.0,0,0,0,0,0.00867667307331396,2,0.0
7904,3.8083849210807435e-06,1,5.710000494866709e-06,1,0,0,0,1.4865476692249984,2,0.0
7905,0.0,0,1.1420000989733419e-05,2,1,0,1,115.2000098973342,2,0.5
7906,2.6658694447565202e-05,6,1.5226667986311226e-05,2,0,0,0,0.5727733846038148,8,0.0
7907,7.616769842161487e-06,2,5.710000494866709e-06,1,0,0,0,0.7529057641609425,3,0.0
7908,3.8083849210807435e-06,1,5.710000494866709e-06,1,0,0,0,1.4865476692249984,2,0.0
7909,9.520962302701859e-06,1,5.710000494866709e-06,1,0,0,0,0.6038897474148801,2,0.0
7910,3.8083849210807435e-06,1,5.710000494866709e-06,1,1,0,1,1.4865476692249984,2,0.5
7911,3.8083849210807435e-06,1,1.1420000989733419e-05,2,0,0,0,2.947509322226102,3,0.0
7912,9.520962302701859e-06,2,0.0,0,0,0,0,0.01039397067088777,2,0.0
7913,3.8083849210807435e-06,1,5.710000494866709e-06,1,0,0,0,1.4865476692249984,2,0.0
7914,0.0,0,9.516667491444516e-06,2,0,0,0,96.16667491444517,2,0.0
7915,5.712577381621115e-06,1,9.516667491444516e-06,2,0,0,0,1.6544584028853737,2,0.0
7916,3.8083849210807435e-06,1,1.3323334488022323e-05,3,0,0,0,3.4344965398931366,4,0.0
7917,1.142515476324223e-05,2,3.8066669965778065e-06,1,0,0,0,0.3389687233561098,2,0.0
7918,1.142515476324223e-05,2,0.0,0,0,0,0,0.00867667307331396,2,0.0
7919,3.8083849210807435e-06,1,5.710000494866709e-06,1,0,0,0,1.4865476692249984,2,0.0
7920,3.8083849210807435e-06,1,5.710000494866709e-06,1,0,0,0,1.4865476692249984,2,0.0
7921,3.8083849210807435e-06,1,5.710000494866709e-06,1,0,0,0,1.4865476692249984,2,0.0
7922,0.0,0,9.516667491444516e-06,2,0,0,0,96.16667491444517,2,0.0
7923,5.712577381621115e-06,1,5.710000494866709e-06,1,0,0,0,0.9995566705464337,2,0.0
7924,3.8083849210807435e-06,1,5.710000494866709e-06,1,0,0,0,1.4865476692249984,2,0.0
7925,3.8083849210807435e-06,1,9.516667491444516e-06,2,0,0,0,2.4605221045590673,3,0.0
7926,2.094611706594409e-05,5,5.710000494866709e-06,1,0,0,0,0.27606044747647057,6,0.0
7927,0.0,0,9.516667491444516e-06,2,0,0,0,96.16667491444517,2,0.0
7928,0.0,0,9.516667491444516e-06,2,1,0,1,96.16667491444517,2,0.5
7929,3.8083849210807435e-06,1,5.710000494866709e-06,1,0,0,0,1.4865476692249984,2,0.0
7930,1.3329347223782601e-05,3,1.9033334982889032e-05,4,0,0,0,1.4247405077891646,6,0.0
7931,1.142515476324223e-05,2,1.1420000989733419e-05,2,1,0,1,0.9995528239217014,4,0.25
7932,2.094611706594409e-05,5,1.3323334488022323e-05,3,0,0,0,0.6378057503891481,8,0.0
7933,3.8083849210807435e-06,1,9.516667491444516e-06,2,0,0,0,2.4605221045590673,2,0.0
7934,0.0,0,9.516667491444516e-06,2,1,0,1,96.16667491444517,2,0.5
7935,3.8083849210807435e-06,1,5.710000494866709e-06,1,0,0,0,1.4865476692249984,2,0.0
7936,1.142515476324223e-05,2,0.0,0,0,0,0,0.00867667307331396,2,0.0
7937,3.8083849210807435e-06,1,5.710000494866709e-06,1,0,0,0,1.4865476692249984,2,0.0
7938,0.0,0,1.3323334488022323e-05,3,0,0,0,134.23334488022326,3,0.0
7939,3.8083849210807435e-06,1,5.710000494866709e-06,1,1,0,1,1.4865476692249984,2,0.5
7940,0.0,0,9.516667491444516e-06,2,0,0,0,96.16667491444517,2,0.0
7941,5.712577381621115e-06,1,5.710000494866709e-06,1,0,0,0,0.9995566705464337,2,0.0
7942,3.8083849210807435e-06,1,9.516667491444516e-06,2,0,0,0,2.4605221045590673,3,0.0
7943,2.475450198702483e-05,5,9.516667491444516e-06,2,3,1,2,0.38691853477751637,7,0.2857142857142857
7944,0.0,0,9.516667491444516e-06,2,0,0,0,96.16667491444517,2,0.0
7945,9.520962302701859e-06,2,9.516667491444516e-06,2,0,0,0,0.9995535985775418,3,0.0
7946,3.6179656750267065e-05,8,2.2840001979466837e-05,5,1,1,0,0.6323103368197652,13,0.0
7947,3.8083849210807435e-06,1,5.710000494866709e-06,1,0,0,0,1.4865476692249984,2,0.0
7948,3.8083849210807435e-06,1,5.710000494866709e-06,1,0,0,0,1.4865476692249984,2,0.0
7949,0.0,0,9.516667491444516e-06,2,0,0,0,96.16667491444517,2,0.0
7950,0.0,0,1.3323334488022323e-05,3,0,0,0,134.23334488022326,3,0.0
7951,3.8083849210807435e-06,1,1.713000148460013e-05,3,0,0,0,4.408470975227205,4,0.0
7952,7.616769842161487e-06,2,5.710000494866709e-06,1,0,0,0,0.7529057641609425,3,0.0
7953,3.8083849210807435e-06,1,9.516667491444516e-06,2,0,0,0,2.4605221045590673,3,0.0
7954,3.8083849210807435e-06,1,5.710000494866709e-06,1,0,0,0,1.4865476692249984,2,0.0
7955,3.8083849210807435e-06,1,5.710000494866709e-06,1,0,0,0,1.4865476692249984,2,0.0
7956,2.285030952648446e-05,5,2.6646668976044643e-05,4,0,0,0,1.1654164814282446,7,0.0
7957,9.520962302701859e-06,2,0.0,0,0,0,0,0.01039397067088777,2,0.0
7958,1.3329347223782601e-05,3,9.516667491444516e-06,2,0,0,0,0.7160934430538777,5,0.0
7959,5.712577381621115e-06,1,5.710000494866709e-06,1,0,0,0,0.9995566705464337,2,0.0
7960,7.616769842161487e-06,2,1.3323334488022323e-05,3,0,0,0,1.739501729685178,5,0.0
7961,0.0,0,9.516667491444516e-06,2,0,0,0,96.16667491444517,2,0.0
7962,0.0,0,1.3323334488022323e-05,2,1,0,1,134.23334488022326,2,0.5
7963,1.142515476324223e-05,2,1.5226667986311226e-05,3,0,0,0,1.329844874204497,3,0.0
7964,3.8083849210807435e-06,1,5.710000494866709e-06,1,0,0,0,1.4865476692249984,2,0.0
7965,1.3329347223782601e-05,3,9.516667491444516e-06,2,0,0,0,0.7160934430538777,4,0.0
7966,0.0,0,9.516667491444516e-06,2,0,0,0,96.16667491444517,2,0.0
7967,0.0,0,1.1420000989733419e-05,2,0,0,0,115.2000098973342,2,0.0
7968,0.0,0,9.516667491444516e-06,2,0,0,0,96.16667491444517,2,0.0
7969,3.8083849210807435e-06,1,1.3323334488022323e-05,2,0,0,0,3.4344965398931366,3,0.0
7970,0.0,0,1.1420000989733419e-05,2,0,0,0,115.2000098973342,2,0.0
7971,7.616769842161487e-06,1,1.3323334488022323e-05,3,0,0,0,1.739501729685178,3,0.0
7972,3.8083849210807435e-06,1,5.710000494866709e-06,1,0,0,0,1.4865476692249984,2,0.0
7973,3.8083849210807435e-06,1,5.710000494866709e-06,1,0,0,0,1.4865476692249984,2,0.0
7974,3.8083849210807435e-06,1,1.5226667986311226e-05,2,0,0,0,3.9214837575601704,2,0.0
7975,5.712577381621115e-06,1,5.710000494866709e-06,1,0,0,0,0.9995566705464337,2,0.0
7976,0.0,0,9.516667491444516e-06,2,0,0,0,96.16667491444517,2,0.0
7977,3.8083849210807435e-06,1,5.710000494866709e-06,1,0,0,0,1.4865476692249984,2,0.0
7978,3.8083849210807435e-06,1,9.516667491444516e-06,1,0,0,0,2.4605221045590673,2,0.0
7979,5.712577381621115e-06,1,5.710000494866709e-06,1,0,0,0,0.9995566705464337,2,0.0
7980,0.0,0,1.1420000989733419e-05,2,1,0,1,115.2000098973342,2,0.5
7981,3.8083849210807435e-06,1,5.710000494866709e-06,1,0,0,0,1.4865476692249984,2,0.0
7982,5.712577381621115e-06,1,9.516667491444516e-06,2,0,0,0,1.6544584028853737,3,0.0
7983,1.142515476324223e-05,2,5.710000494866709e-06,1,0,0,0,0.5041147484975076,3,0.0
7984,3.8083849210807435e-06,1,5.710000494866709e-06,1,0,0,0,1.4865476692249984,2,0.0
7985,5.712577381621115e-06,1,5.710000494866709e-06,1,0,0,0,0.9995566705464337,2,0.0
7986,0.0,0,9.516667491444516e-06,2,0,0,0,96.16667491444517,2,0.0
7987,0.0,0,1.9033334982889032e-05,4,0,0,0,191.3333498288903,4,0.0
7988,1.142515476324223e-05,3,9.516667491444516e-06,2,0,0,0,0.8344067987803035,4,0.0
7989,0.0,0,9.516667491444516e-06,2,0,0,0,96.16667491444517,2,0.0
7990,0.0,0,9.516667491444516e-06,2,0,0,0,96.16667491444517,2,0.0
7991,9.520962302701859e-06,2,5.710000494866709e-06,1,0,0,0,0.6038897474148801,3,0.0
7992,3.8083849210807435e-06,1,5.710000494866709e-06,1,0,0,0,1.4865476692249984,2,0.0
7993,3.8083849210807435e-06,1,5.710000494866709e-06,1,0,0,0,1.4865476692249984,2,0.0
7994,1.5233539684322974e-05,4,5.710000494866709e-06,1,0,0,0,0.37890797653244146,5,0.0
7995,9.520962302701859e-06,2,0.0,0,0,0,0,0.01039397067088777,2,0.0
7996,3.8083849210807435e-06,1,5.710000494866709e-06,1,0,0,0,1.4865476692249984,2,0.0
7997,7.616769842161487e-06,2,5.710000494866709e-06,1,0,0,0,0.7529057641609425,3,0.0
7998,5.712577381621115e-06,1,5.710000494866709e-06,1,0,0,0,0.9995566705464337,2,0.0
7999,0.0,0,1.3323334488022323e-05,3,0,0,0,134.23334488022326,3,0.0
8000,9.520962302701859e-06,2,5.710000494866709e-06,1,0,0,0,0.6038897474148801,3,0.0
8001,9.520962302701859e-06,2,0.0,0,0,0,0,0.01039397067088777,2,0.0
8002,9.520962302701859e-06,2,0.0,0,0,0,0,0.01039397067088777,2,0.0
8003,3.8083849210807435e-06,1,9.516667491444516e-06,2,0,0,0,2.4605221045590673,2,0.0
8004,3.8083849210807435e-06,1,1.713000148460013e-05,3,0,0,0,4.408470975227205,4,0.0
8005,0.0,0,9.516667491444516e-06,2,0,0,0,96.16667491444517,2,0.0
8006,0.0,0,9.516667491444516e-06,2,0,0,0,96.16667491444517,2,0.0
8007,5.712577381621115e-06,1,9.516667491444516e-06,1,1,0,1,1.6544584028853737,2,0.5
8008,9.520962302701859e-06,2,0.0,0,0,0,0,0.01039397067088777,2,0.0
8009,1.3329347223782603e-05,3,9.516667491444516e-06,2,0,0,0,0.7160934430538776,5,0.0
8010,5.712577381621115e-06,1,5.710000494866709e-06,1,0,0,0,0.9995566705464337,2,0.0
8011,9.520962302701859e-06,2,0.0,0,0,0,0,0.01039397067088777,2,0.0
8012,3.8083849210807435e-06,1,9.516667491444516e-06,2,0,0,0,2.4605221045590673,3,0.0
8013,3.8083849210807435e-06,1,5.710000494866709e-06,1,0,0,0,1.4865476692249984,2,0.0
8014,4.379642659242855e-05,11,2.474333547775574e-05,6,0,0,0,0.5659534820094178,15,0.0
8015,5.712577381621115e-06,1,1.5226667986311226e-05,2,0,0,0,2.636811001393783,2,0.0
8016,5.712577381621115e-06,1,1.1420000989733419e-05,2,0,0,0,1.9819092690548434,3,0.0
8017,1.7137732144863347e-05,4,0.0,0,0,0,0,0.0058012271660572755,4,0.0
8018,9.520962302701859e-06,2,0.0,0,0,0,0,0.01039397067088777,2,0.0
8019,0.0,0,9.516667491444516e-06,2,0,0,0,96.16667491444517,2,0.0
8020,7.616769842161487e-06,2,5.710000494866709e-06,1,0,0,0,0.7529057641609425,3,0.0
8021,3.8083849210807435e-06,1,5.710000494866709e-06,1,0,0,0,1.4865476692249984,2,0.0
8022,9.520962302701859e-06,2,0.0,0,0,0,0,0.01039397067088777,2,0.0
8023,9.520962302701859e-06,2,0.0,0,0,0,0,0.01039397067088777,2,0.0
8024,1.3329347223782601e-05,3,0.0,0,0,0,0,0.007446378318590627,3,0.0
8025,9.520962302701859e-06,2,0.0,0,0,0,0,0.01039397067088777,2,0.0
8026,3.8083849210807435e-06,1,1.713000148460013e-05,4,0,0,0,4.408470975227205,5,0.0
8027,7.616769842161487e-06,2,1.713000148460013e-05,4,0,0,0,2.2327997124472954,6,0.0
8028,3.8083849210807435e-06,1,9.516667491444516e-06,2,0,0,0,2.4605221045590673,3,0.0
8029,5.712577381621115e-06,1,5.710000494866709e-06,1,0,0,0,0.9995566705464337,2,0.0
8030,0.0,0,1.3323334488022323e-05,3,0,0,0,134.23334488022326,3,0.0
8031,3.8083849210807435e-06,1,5.710000494866709e-06,1,0,0,0,1.4865476692249984,2,0.0
8032,3.8083849210807435e-06,1,5.710000494866709e-06,1,0,0,0,1.4865476692249984,2,0.0
8033,9.520962302701859e-06,2,5.710000494866709e-06,1,0,0,0,0.6038897474148801,2,0.0
8034,3.8083849210807435e-06,1,9.516667491444516e-06,2,0,0,0,2.4605221045590673,2,0.0
8035,7.616769842161487e-06,2,5.710000494866709e-06,1,0,0,0,0.7529057641609425,3,0.0
8036,3.8083849210807435e-06,1,1.1420000989733419e-05,2,0,0,0,2.947509322226102,3,0.0
8037,9.520962302701859e-06,2,1.3323334488022323e-05,3,0,0,0,1.3952174497402035,5,0.0
8038,0.0,0,9.516667491444516e-06,2,0,0,0,96.16667491444517,2,0.0
8039,3.8083849210807435e-06,1,9.516667491444516e-06,2,0,0,0,2.4605221045590673,3,0.0
8040,9.520962302701859e-06,2,0.0,0,0,0,0,0.01039397067088777,2,0.0
8041,1.142515476324223e-05,2,0.0,0,0,0,0,0.00867667307331396,2,0.0
8042,0.0,0,9.516667491444516e-06,2,0,0,0,96.16667491444517,2,0.0
8043,3.8083849210807435e-06,1,5.710000494866709e-06,1,0,0,0,1.4865476692249984,2,0.0
8044,3.8083849210807435e-06,1,5.710000494866709e-06,1,0,0,0,1.4865476692249984,2,0.0
8045,9.520962302701859e-06,2,0.0,0,0,0,0,0.01039397067088777,2,0.0
8046,0.0,0,1.1420000989733419e-05,2,0,0,0,115.2000098973342,2,0.0
8047,9.520962302701859e-06,2,0.0,0,0,0,0,0.01039397067088777,2,0.0
8048,9.520962302701859e-06,2,0.0,0,0,0,0,0.01039397067088777,2,0.0
8049,0.0,0,9.516667491444516e-06,2,0,0,0,96.16667491444517,2,0.0
8050,5.712577381621115e-06,1,5.710000494866709e-06,1,0,0,0,0.9995566705464337,2,0.0
8051,3.8083849210807435e-06,1,5.710000494866709e-06,1,0,0,0,1.4865476692249984,2,0.0
8052,9.520962302701859e-06,2,0.0,0,0,0,0,0.01039397067088777,2,0.0
8053,5.712577381621115e-06,1,5.710000494866709e-06,1,0,0,0,0.9995566705464337,2,0.0
8054,3.8083849210807435e-06,1,5.710000494866709e-06,1,0,0,0,1.4865476692249984,2,0.0
8055,0.0,0,9.516667491444516e-06,2,0,0,0,96.16667491444517,2,0.0
8056,3.8083849210807435e-06,1,5.710000494866709e-06,1,0,0,0,1.4865476692249984,2,0.0
8057,3.8083849210807435e-06,1,5.710000494866709e-06,1,0,0,0,1.4865476692249984,2,0.0
8058,9.520962302701859e-06,2,0.0,0,0,0,0,0.01039397067088777,2,0.0
8059,9.520962302701859e-06,2,0.0,0,0,0,0,0.01039397067088777,2,0.0
8060,5.712577381621115e-06,1,9.516667491444516e-06,2,0,0,0,1.6544584028853737,3,0.0
8061,9.520962302701859e-06,2,0.0,0,0,0,0,0.01039397067088777,2,0.0
8062,3.8083849210807435e-06,1,5.710000494866709e-06,1,0,0,0,1.4865476692249984,2,0.0
8063,9.520962302701859e-06,2,1.5226667986311226e-05,2,0,0,0,1.593049375321534,2,0.0
8064,9.520962302701859e-06,2,0.0,0,0,0,0,0.01039397067088777,2,0.0
8065,7.616769842161487e-06,2,3.235666947091135e-05,6,0,0,0,4.205991643495766,7,0.0
8066,0.0,0,9.516667491444516e-06,2,0,0,0,96.16667491444517,2,0.0
8067,0.0,0,9.516667491444516e-06,2,0,0,0,96.16667491444517,2,0.0
8068,9.520962302701859e-06,2,0.0,0,0,0,0,0.01039397067088777,2,0.0
8069,0.0,0,9.516667491444516e-06,2,0,0,0,96.16667491444517,2,0.0
8070,5.712577381621115e-06,1,5.710000494866709e-06,1,0,0,0,0.9995566705464337,2,0.0
8071,7.616769842161487e-06,2,5.710000494866709e-06,1,1,1,0,0.7529057641609425,3,0.0
8072,3.8083849210807435e-06,1,1.3323334488022323e-05,3,0,0,0,3.4344965398931366,4,0.0
8073,0.0,0,1.3323334488022323e-05,3,0,0,0,134.23334488022326,3,0.0
8074,9.520962302701859e-06,2,0.0,0,0,0,0,0.01039397067088777,2,0.0
8075,0.0,0,9.516667491444516e-06,2,0,0,0,96.16667491444517,2,0.0
8076,5.712577381621115e-06,1,9.516667491444516e-06,2,0,0,0,1.6544584028853737,3,0.0
8077,0.0,0,9.516667491444516e-06,2,0,0,0,96.16667491444517,2,0.0
8078,9.520962302701859e-06,2,0.0,0,0,0,0,0.01039397067088777,2,0.0
8079,9.520962302701859e-06,2,0.0,0,0,0,0,0.01039397067088777,2,0.0
8080,0.0,0,9.516667491444516e-06,2,0,0,0,96.16667491444517,2,0.0
8081,7.616769842161487e-06,2,1.1420000989733419e-05,2,0,0,0,1.492852738304119,4,0.0
8082,0.0,0,1.3323334488022323e-05,3,0,0,0,134.23334488022326,3,0.0
8083,3.8083849210807435e-06,1,9.516667491444516e-06,2,0,0,0,2.4605221045590673,2,0.0
8084,3.8083849210807435e-06,1,5.710000494866709e-06,1,0,0,0,1.4865476692249984,2,0.0
8085,0.0,0,9.516667491444516e-06,2,0,0,0,96.16667491444517,2,0.0
8086,5.712577381621115e-06,1,5.710000494866709e-06,1,0,0,0,0.9995566705464337,2,0.0
8087,9.520962302701859e-06,2,0.0,0,0,0,0,0.01039397067088777,2,0.0
8088,0.0,0,9.516667491444516e-06,2,0,0,0,96.16667491444517,2,0.0
8089,9.520962302701859e-06,2,0.0,0,0,0,0,0.01039397067088777,2,0.0
8090,5.712577381621115e-06,1,5.710000494866709e-06,1,1,0,1,0.9995566705464337,2,0.5
8091,7.616769842161487e-06,2,2.6646668976044643e-05,5,1,1,1,3.466044669352589,6,0.16666666666666666
8092,9.520962302701859e-06,2,0.0,0,0,0,0,0.01039397067088777,2,0.0
8093,5.712577381621115e-06,1,5.710000494866709e-06,1,0,0,0,0.9995566705464337,2,0.0
8094,5.712577381621115e-06,1,5.710000494866709e-06,1,0,0,0,0.9995566705464337,2,0.0
8095,7.616769842161487e-06,1,9.516667491444516e-06,2,0,0,0,1.2462037469230602,2,0.0
8096,1.3329347223782603e-05,3,1.5226667986311226e-05,2,0,0,0,1.1412816818950495,5,0.0
8097,9.520962302701859e-06,1,9.516667491444516e-06,2,0,0,0,0.9995535985775418,3,0.0
8098,5.712577381621115e-06,1,1.3323334488022323e-05,3,0,0,0,2.3093601352243134,4,0.0
8099,3.8083849210807435e-06,1,5.710000494866709e-06,1,0,0,0,1.4865476692249984,2,0.0
8100,5.712577381621115e-06,1,3.8066669965778065e-06,1,0,0,0,0.672105804376964,2,0.0
8101,2.8562886908105573e-05,5,2.474333547775574e-05,6,0,0,0,0.8667422635202282,10,0.0
8102,9.520962302701859e-06,2,0.0,0,0,0,0,0.01039397067088777,2,0.0
8103,1.142515476324223e-05,2,5.710000494866709e-06,1,0,0,0,0.5041147484975076,2,0.0
8104,9.520962302701859e-06,2,1.5226667986311226e-05,1,0,0,0,1.593049375321534,2,0.0
8105,3.8083849210807435e-06,1,9.516667491444516e-06,2,0,0,0,2.4605221045590673,3,0.0
8106,3.8083849210807435e-06,1,5.710000494866709e-06,1,0,0,0,1.4865476692249984,2,0.0
8107,0.0,0,9.516667491444516e-06,2,0,0,0,96.16667491444517,2,0.0
8108,5.712577381621115e-06,1,5.710000494866709e-06,1,0,0,0,0.9995566705464337,2,0.0
8109,3.8083849210807435e-06,1,5.710000494866709e-06,1,0,0,0,1.4865476692249984,2,0.0
8110,9.520962302701859e-06,2,0.0,0,0,0,0,0.01039397067088777,2,0.0
8111,0.0,0,9.516667491444516e-06,2,0,0,0,96.16667491444517,2,0.0
8112,5.712577381621115e-06,1,3.8066669965778065e-06,1,0,0,0,0.672105804376964,2,0.0
8113,7.616769842161487e-06,2,2.0936668481177935e-05,5,0,0,0,2.726097695209413,7,0.0
8114,3.8083849210807435e-06,1,5.710000494866709e-06,1,1,0,1,1.4865476692249984,2,0.5
8115,2.094611706594409e-05,4,2.474333547775574e-05,6,0,0,0,1.1804237047581638,8,0.0
8116,3.8083849210807435e-06,1,5.710000494866709e-06,1,0,0,0,1.4865476692249984,2,0.0
8117,0.0,0,1.1420000989733419e-05,2,0,0,0,115.2000098973342,2,0.0
8118,1.3329347223782603e-05,3,1.3323334488022323e-05,3,0,0,0,0.9995522689479924,6,0.0
8119,7.616769842161487e-06,2,9.516667491444516e-06,2,0,0,0,1.2462037469230602,4,0.0
8120,0.0,0,9.516667491444516e-06,2,0,0,0,96.16667491444517,2,0.0
8121,1.142515476324223e-05,3,1.9033334982889032e-05,2,1,0,1,1.6601369244872928,4,0.25
8122,1.3329347223782601e-05,3,1.1420000989733419e-05,2,0,0,0,0.857822856000935,4,0.0
8123,5.712577381621115e-06,1,5.710000494866709e-06,1,0,0,0,0.9995566705464337,2,0.0
8124,0.0,0,9.516667491444516e-06,2,0,0,0,96.16667491444517,2,0.0
8125,0.0,0,9.516667491444516e-06,2,0,0,0,96.16667491444517,2,0.0
8126,3.8083849210807435e-06,1,5.710000494866709e-06,1,0,0,0,1.4865476692249984,2,0.0
8127,9.520962302701859e-06,2,0.0,0,0,0,0,0.01039397067088777,2,0.0
8128,0.0,0,9.516667491444516e-06,2,0,0,0,96.16667491444517,2,0.0
8129,3.8083849210807435e-06,1,9.516667491444516e-06,2,0,0,0,2.4605221045590673,3,0.0
8130,9.520962302701859e-06,2,1.713000148460013e-05,4,0,0,0,1.7908813009028648,6,0.0
8131,3.8083849210807435e-06,1,5.710000494866709e-06,1,0,0,0,1.4865476692249984,2,0.0
8132,7.616769842161487e-06,2,1.3323334488022323e-05,3,0,0,0,1.739501729685178,5,0.0
8133,3.8083849210807435e-06,1,1.3323334488022323e-05,3,0,0,0,3.4344965398931366,4,0.0
8134,1.142515476324223e-05,2,0.0,0,0,0,0,0.00867667307331396,2,0.0
8135,5.712577381621115e-06,1,9.516667491444516e-06,2,0,0,0,1.6544584028853737,3,0.0
8136,1.7137732144863347e-05,4,1.713000148460013e-05,4,0,0,0,0.9995515268366946,8,0.0
8137,0.0,0,9.516667491444516e-06,2,0,0,0,96.16667491444517,2,0.0
8138,9.520962302701859e-06,2,5.710000494866709e-06,1,0,0,0,0.6038897474148801,3,0.0
8139,3.8083849210807435e-06,1,5.710000494866709e-06,1,0,0,0,1.4865476692249984,2,0.0
8140,3.0467079368645948e-05,6,2.0936668481177935e-05,4,0,0,0,0.6882132318718094,9,0.0
8141,3.8083849210807435e-06,1,5.710000494866709e-06,1,0,0,0,1.4865476692249984,2,0.0
8142,0.0,0,9.516667491444516e-06,2,0,0,0,96.16667491444517,2,0.0
8143,3.8083849210807435e-06,1,5.710000494866709e-06,1,0,0,0,1.4865476692249984,2,0.0
8144,1.142515476324223e-05,2,0.0,0,0,0,0,0.00867667307331396,2,0.0
8145,0.0,0,9.516667491444516e-06,2,0,0,0,96.16667491444517,2,0.0
8146,0.0,0,9.516667491444516e-06,2,0,0,0,96.16667491444517,2,0.0
8147,1.142515476324223e-05,3,9.516667491444516e-06,2,0,0,0,0.8344067987803035,5,0.0
8148,3.8083849210807435e-06,1,5.710000494866709e-06,1,0,0,0,1.4865476692249984,2,0.0
8149,5.712577381621115e-06,1,3.8066669965778065e-06,1,0,0,0,0.672105804376964,2,0.0
8150,5.712577381621115e-06,1,5.710000494866709e-06,1,0,0,0,0.9995566705464337,2,0.0
8151,0.0,0,9.516667491444516e-06,2,0,0,0,96.16667491444517,2,0.0
8152,9.520962302701859e-06,2,0.0,0,0,0,0,0.01039397067088777,2,0.0
8153,9.520962302701859e-06,2,0.0,0,0,0,0,0.01039397067088777,2,0.0
8154,0.0,0,9.516667491444516e-06,2,0,0,0,96.16667491444517,2,0.0
8155,3.8083849210807435e-06,1,5.710000494866709e-06,1,0,0,0,1.4865476692249984,2,0.0
8156,9.520962302701859e-06,2,0.0,0,0,0,0,0.01039397067088777,2,0.0
8157,3.8083849210807435e-06,1,5.710000494866709e-06,1,0,0,0,1.4865476692249984,2,0.0
8158,3.8083849210807435e-06,1,5.710000494866709e-06,1,0,0,0,1.4865476692249984,2,0.0
8159,1.3329347223782603e-05,3,2.0936668481177935e-05,5,0,0,0,1.5664699207362216,7,0.0
8160,7.616769842161487e-06,2,5.710000494866709e-06,1,0,0,0,0.7529057641609425,3,0.0
8161,9.520962302701859e-06,2,0.0,0,0,0,0,0.01039397067088777,2,0.0
8162,3.8083849210807435e-06,1,9.516667491444516e-06,2,0,0,0,2.4605221045590673,3,0.0
8163,9.520962302701859e-06,2,0.0,0,0,0,0,0.01039397067088777,2,0.0
8164,1.142515476324223e-05,2,0.0,0,0,0,0,0.00867667307331396,2,0.0
8165,9.520962302701859e-06,2,0.0,0,0,0,0,0.01039397067088777,2,0.0
8166,9.520962302701859e-06,2,0.0,0,0,0,0,0.01039397067088777,2,0.0
8167,5.712577381621115e-06,1,3.8066669965778065e-06,1,0,0,0,0.672105804376964,2,0.0
8168,1.5233539684322974e-05,3,3.8066669965778065e-06,1,0,0,0,0.2547792014763549,3,0.0
8169,9.520962302701859e-06,2,1.1420000989733419e-05,2,0,0,0,1.1973855241588724,3,0.0
8170,9.520962302701859e-06,2,0.0,0,0,0,0,0.01039397067088777,2,0.0
8171,0.0,0,9.516667491444516e-06,2,0,0,0,96.16667491444517,2,0.0
8172,9.520962302701859e-06,2,0.0,0,0,0,0,0.01039397067088777,2,0.0
8173,1.3329347223782601e-05,3,0.0,0,2,2,0,0.007446378318590627,3,0.0
8174,0.0,0,9.516667491444516e-06,2,0,0,0,96.16667491444517,2,0.0
8175,1.142515476324223e-05,2,0.0,0,0,0,0,0.00867667307331396,2,0.0
8176,5.712577381621115e-06,1,3.8066669965778065e-06,1,0,0,0,0.672105804376964,2,0.0
8177,9.520962302701859e-06,2,0.0,0,0,0,0,0.01039397067088777,2,0.0
8178,9.520962302701859e-06,2,0.0,0,0,0,0,0.01039397067088777,2,0.0
8179,3.8083849210807435e-06,1,9.516667491444516e-06,2,0,0,0,2.4605221045590673,3,0.0
8180,3.8083849210807435e-06,1,5.710000494866709e-06,1,0,0,0,1.4865476692249984,2,0.0
8181,3.8083849210807435e-06,1,1.1420000989733419e-05,2,0,0,0,2.947509322226102,3,0.0
8182,5.712577381621115e-06,1,5.710000494866709e-06,1,0,0,0,0.9995566705464337,2,0.0
8183,9.520962302701859e-06,2,0.0,0,0,0,0,0.01039397067088777,2,0.0
8184,3.8083849210807435e-06,1,5.710000494866709e-06,1,0,0,0,1.4865476692249984,2,0.0
8185,7.616769842161487e-06,2,9.516667491444516e-06,2,0,0,0,1.2462037469230602,4,0.0
8186,9.520962302701859e-06,2,2.2840001979466837e-05,3,0,0,0,2.384377077646857,4,0.0
8187,3.8083849210807435e-06,1,5.710000494866709e-06,1,0,0,0,1.4865476692249984,2,0.0
8188,0.0,0,1.1420000989733419e-05,2,0,0,0,115.2000098973342,2,0.0
8189,1.3329347223782601e-05,3,0.0,0,0,0,0,0.007446378318590627,3,0.0
8190,0.0,0,9.516667491444516e-06,2,0,0,0,96.16667491444517,2,0.0
8191,9.520962302701859e-06,2,0.0,0,0,0,0,0.01039397067088777,2,0.0
8192,9.520962302701859e-06,2,0.0,0,0,0,0,0.01039397067088777,2,0.0
8193,9.520962302701859e-06,2,9.516667491444516e-06,1,0,0,0,0.9995535985775418,2,0.0
8194,9.520962302701859e-06,2,0.0,0,0,0,0,0.01039397067088777,2,0.0
8195,3.8083849210807435e-06,1,5.710000494866709e-06,1,0,0,0,1.4865476692249984,2,0.0
8196,9.520962302701859e-06,2,0.0,0,0,0,0,0.01039397067088777,2,0.0
8197,0.0,0,1.1420000989733419e-05,2,0,0,0,115.2000098973342,2,0.0
8198,9.520962302701859e-06,2,0.0,0,0,0,0,0.01039397067088777,2,0.0
8199,3.8083849210807435e-06,1,5.710000494866709e-06,1,0,0,0,1.4865476692249984,2,0.0
8200,9.520962302701859e-06,2,1.1420000989733419e-05,2,0,0,0,1.1973855241588724,3,0.0
8201,9.520962302701859e-06,2,5.710000494866709e-06,1,0,0,0,0.6038897474148801,2,0.0
8202,3.8083849210807435e-06,1,5.710000494866709e-06,1,0,0,0,1.4865476692249984,2,0.0
8203,1.142515476324223e-05,2,0.0,0,0,0,0,0.00867667307331396,2,0.0
8204,3.8083849210807435e-06,1,1.3323334488022323e-05,3,0,0,0,3.4344965398931366,3,0.0
8205,3.8083849210807435e-06,1,5.710000494866709e-06,1,0,0,0,1.4865476692249984,2,0.0
8206,9.520962302701859e-06,2,0.0,0,0,0,0,0.01039397067088777,2,0.0
8207,1.5233539684322974e-05,3,3.8066669965778065e-06,1,0,0,0,0.2547792014763549,4,0.0
8208,5.712577381621115e-06,1,5.710000494866709e-06,1,0,0,0,0.9995566705464337,2,0.0
8209,5.712577381621115e-06,1,3.8066669965778065e-06,1,0,0,0,0.672105804376964,2,0.0
8210,5.712577381621115e-06,1,5.710000494866709e-06,1,0,0,0,0.9995566705464337,2,0.0
8211,9.520962302701859e-06,2,3.8066669965778065e-06,1,0,0,0,0.4060578218335493,2,0.0
8212,9.520962302701859e-06,2,0.0,0,0,0,0,0.01039397067088777,2,0.0
8213,0.0,0,9.516667491444516e-06,2,0,0,0,96.16667491444517,2,0.0
8214,1.142515476324223e-05,2,0.0,0,0,0,0,0.00867667307331396,2,0.0
8215,5.712577381621115e-06,1,3.8066669965778065e-06,1,0,0,0,0.672105804376964,2,0.0
8216,0.0,0,1.1420000989733419e-05,2,0,0,0,115.2000098973342,2,0.0
8217,1.142515476324223e-05,2,3.8066669965778065e-06,1,0,0,0,0.3389687233561098,2,0.0
8218,9.520962302701859e-06,2,3.8066669965778065e-06,1,0,0,0,0.4060578218335493,2,0.0
8219,9.520962302701859e-06,2,0.0,0,0,0,0,0.01039397067088777,2,0.0
8220,0.0,0,9.516667491444516e-06,2,0,0,0,96.16667491444517,2,0.0
8221,5.712577381621115e-06,1,7.613333993155613e-06,2,0,0,0,1.3270075367159038,3,0.0
8222,9.520962302701859e-06,2,0.0,0,0,0,0,0.01039397067088777,2,0.0
8223,0.0,0,9.516667491444516e-06,2,0,0,0,96.16667491444517,2,0.0
8224,0.0,0,1.3323334488022323e-05,3,0,0,0,134.23334488022326,3,0.0
8225,9.520962302701859e-06,2,9.516667491444516e-06,1,0,0,0,0.9995535985775418,3,0.0
8226,9.520962302701859e-06,2,0.0,0,0,0,0,0.01039397067088777,2,0.0
8227,3.8083849210807435e-06,1,5.710000494866709e-06,1,0,0,0,1.4865476692249984,2,0.0
8228,1.7137732144863347e-05,4,1.5226667986311226e-05,1,0,0,0,0.8891348268732905,4,0.0
8229,1.3329347223782601e-05,2,0.0,0,0,0,0,0.007446378318590627,2,0.0
8230,1.7137732144863347e-05,4,5.710000494866709e-06,1,0,0,0,0.3370513270562697,5,0.0
8231,5.712577381621115e-06,1,5.710000494866709e-06,1,0,0,0,0.9995566705464337,2,0.0
8232,5.712577381621115e-06,1,1.713000148460013e-05,4,0,0,0,2.964261867563253,5,0.0
8233,9.520962302701859e-06,2,0.0,0,0,0,0,0.01039397067088777,2,0.0
8234,9.520962302701859e-06,2,0.0,0,0,0,0,0.01039397067088777,2,0.0
8235,3.8083849210807435e-06,1,9.516667491444516e-06,2,0,0,0,2.4605221045590673,3,0.0
8236,9.520962302701859e-06,2,0.0,0,0,0,0,0.01039397067088777,2,0.0
8237,9.520962302701859e-06,2,3.8066669965778065e-06,1,0,0,0,0.4060578218335493,2,0.0
8238,0.0,0,1.1420000989733419e-05,2,0,0,0,115.2000098973342,2,0.0
8239,5.712577381621115e-06,1,3.8066669965778065e-06,1,0,0,0,0.672105804376964,2,0.0
8240,3.8083849210807435e-06,1,5.710000494866709e-06,1,0,0,0,1.4865476692249984,2,0.0
8241,3.8083849210807435e-06,1,5.710000494866709e-06,1,0,0,0,1.4865476692249984,2,0.0
8242,5.712577381621115e-06,1,5.710000494866709e-06,1,0,0,0,0.9995566705464337,2,0.0
8243,9.520962302701859e-06,2,3.8066669965778065e-06,1,0,0,0,0.4060578218335493,2,0.0
8244,0.0,0,1.1420000989733419e-05,2,0,0,0,115.2000098973342,2,0.0
8245,9.520962302701859e-06,2,7.613333993155613e-06,1,0,0,0,0.801721672996211,2,0.0
8246,5.712577381621115e-06,1,3.8066669965778065e-06,1,0,0,0,0.672105804376964,2,0.0
8247,9.520962302701859e-06,2,0.0,0,0,0,0,0.01039397067088777,2,0.0
8248,9.520962302701859e-06,2,0.0,0,0,0,0,0.01039397067088777,2,0.0
8249,9.520962302701859e-06,2,0.0,0,0,0,0,0.01039397067088777,2,0.0
8250,9.520962302701859e-06,2,0.0,0,0,0,0,0.01039397067088777,2,0.0
8251,3.8083849210807435e-06,1,5.710000494866709e-06,1,0,0,0,1.4865476692249984,2,0.0
8252,9.520962302701859e-06,2,0.0,0,0,0,0,0.01039397067088777,2,0.0
8253,9.520962302701859e-06,2,0.0,0,0,0,0,0.01039397067088777,2,0.0
8254,3.8083849210807435e-06,1,5.710000494866709e-06,1,0,0,0,1.4865476692249984,2,0.0
8255,0.0,0,9.516667491444516e-06,2,0,0,0,96.16667491444517,2,0.0
8256,7.616769842161487e-06,2,1.713000148460013e-05,4,0,0,0,2.2327997124472954,6,0.0
8257,9.520962302701859e-06,2,0.0,0,0,0,0,0.01039397067088777,2,0.0
8258,1.3329347223782603e-05,2,7.613333993155613e-06,1,0,0,0,0.5743640301068202,2,0.0
8259,3.8083849210807435e-06,1,5.710000494866709e-06,1,0,0,0,1.4865476692249984,2,0.0
8260,5.712577381621115e-06,1,5.710000494866709e-06,1,0,0,0,0.9995566705464337,2,0.0
8261,3.8083849210807435e-06,1,5.710000494866709e-06,1,0,0,0,1.4865476692249984,2,0.0
8262,9.520962302701859e-06,2,0.0,0,0,0,0,0.01039397067088777,2,0.0
8263,1.3329347223782601e-05,3,0.0,0,0,0,0,0.007446378318590627,3,0.0
8264,3.8083849210807435e-06,1,9.516667491444516e-06,2,0,0,0,2.4605221045590673,2,0.0
8265,2.094611706594409e-05,5,2.474333547775574e-05,6,1,1,0,1.1804237047581638,10,0.0
8266,9.520962302701859e-06,2,0.0,0,0,0,0,0.01039397067088777,2,0.0
8267,3.8083849210807435e-06,1,5.710000494866709e-06,1,0,0,0,1.4865476692249984,2,0.0
8268,5.712577381621115e-06,1,1.1420000989733419e-05,2,0,0,0,1.9819092690548434,2,0.0
8269,3.8083849210807435e-06,1,1.1420000989733419e-05,2,0,0,0,2.947509322226102,3,0.0
8270,3.8083849210807435e-06,1,5.710000494866709e-06,1,0,0,0,1.4865476692249984,2,0.0
8271,9.520962302701859e-06,2,0.0,0,0,0,0,0.01039397067088777,2,0.0
8272,3.8083849210807435e-06,1,5.710000494866709e-06,1,0,0,0,1.4865476692249984,2,0.0
8273,3.8083849210807435e-06,1,9.516667491444516e-06,2,0,0,0,2.4605221045590673,3,0.0
8274,3.8083849210807435e-06,1,9.516667491444516e-06,2,0,0,0,2.4605221045590673,2,0.0
8275,5.712577381621115e-06,1,1.5226667986311226e-05,2,0,0,0,2.636811001393783,2,0.0
8276,9.520962302701859e-06,2,0.0,0,0,0,0,0.01039397067088777,2,0.0
8277,9.520962302701859e-06,2,1.1420000989733419e-05,2,0,0,0,1.1973855241588724,3,0.0
8278,3.8083849210807435e-06,1,9.516667491444516e-06,2,0,0,0,2.4605221045590673,3,0.0
8279,0.0,0,1.3323334488022323e-05,3,0,0,0,134.23334488022326,3,0.0
8280,1.7137732144863347e-05,4,0.0,0,0,0,0,0.0058012271660572755,4,0.0
8281,9.520962302701859e-06,2,7.613333993155613e-06,1,0,0,0,0.801721672996211,2,0.0
8282,3.8083849210807435e-06,1,9.516667491444516e-06,2,0,0,0,2.4605221045590673,3,0.0
8283,9.520962302701859e-06,2,5.710000494866709e-06,1,0,0,0,0.6038897474148801,2,0.0
8284,9.520962302701859e-06,2,7.613333993155613e-06,1,0,0,0,0.801721672996211,2,0.0
8285,9.520962302701859e-06,2,0.0,0,0,0,0,0.01039397067088777,2,0.0
8286,5.712577381621115e-06,1,7.613333993155613e-06,2,0,0,0,1.3270075367159038,3,0.0
8287,9.520962302701859e-06,2,5.710000494866709e-06,1,0,0,0,0.6038897474148801,2,0.0
8288,5.712577381621115e-06,1,3.8066669965778065e-06,1,0,0,0,0.672105804376964,2,0.0
8289,3.8083849210807435e-06,1,5.710000494866709e-06,1,0,0,0,1.4865476692249984,2,0.0
8290,5.712577381621115e-06,1,5.710000494866709e-06,1,0,0,0,0.9995566705464337,2,0.0
8291,9.520962302701859e-06,2,0.0,0,0,0,0,0.01039397067088777,2,0.0
8292,0.0,0,9.516667491444516e-06,2,0,0,0,96.16667491444517,2,0.0
8293,0.0,0,1.1420000989733419e-05,2,0,0,0,115.2000098973342,2,0.0
8294,5.712577381621115e-06,1,5.710000494866709e-06,1,0,0,0,0.9995566705464337,2,0.0
8295,3.8083849210807435e-06,1,9.516667491444516e-06,1,0,0,0,2.4605221045590673,2,0.0
8296,0.0,0,1.5226667986311226e-05,3,0,0,0,153.26667986311224,3,0.0
8297,7.616769842161487e-06,2,5.710000494866709e-06,1,0,0,0,0.7529057641609425,3,0.0
8298,3.8083849210807435e-06,1,2.474333547775574e-05,5,0,0,0,6.356419845895342,6,0.0
8299,0.0,0,1.3323334488022323e-05,3,0,0,0,134.23334488022326,3,0.0
8300,9.520962302701859e-06,2,1.5226667986311226e-05,3,0,0,0,1.593049375321534,4,0.0
8301,0.0,0,9.516667491444516e-06,2,0,0,0,96.16667491444517,2,0.0
8302,9.520962302701859e-06,2,0.0,0,0,0,0,0.01039397067088777,2,0.0
8303,1.7137732144863347e-05,4,3.8066669965778065e-06,1,1,1,0,0.22663462709286558,5,0.0
8304,5.712577381621115e-06,1,5.710000494866709e-06,1,0,0,0,0.9995566705464337,2,0.0
8305,5.712577381621115e-06,1,3.8066669965778065e-06,1,0,0,0,0.672105804376964,2,0.0
8306,0.0,0,9.516667491444516e-06,2,0,0,0,96.16667491444517,2,0.0
8307,0.0,0,9.516667491444516e-06,2,0,0,0,96.16667491444517,2,0.0
8308,9.520962302701859e-06,2,0.0,0,0,0,0,0.01039397067088777,2,0.0
8309,9.520962302701859e-06,2,0.0,0,0,0,0,0.01039397067088777,2,0.0
8310,5.712577381621115e-06,1,3.8066669965778065e-06,1,0,0,0,0.672105804376964,2,0.0
8311,1.142515476324223e-05,2,0.0,0,0,0,0,0.00867667307331396,2,0.0
8312,3.8083849210807435e-06,1,5.710000494866709e-06,1,0,0,0,1.4865476692249984,2,0.0
8313,0.0,0,9.516667491444516e-06,2,1,0,1,96.16667491444517,2,0.5
8314,1.142515476324223e-05,2,0.0,0,0,0,0,0.00867667307331396,2,0.0
8315,9.520962302701859e-06,2,0.0,0,0,0,0,0.01039397067088777,2,0.0
8316,5.712577381621115e-06,1,3.8066669965778065e-06,1,0,0,0,0.672105804376964,2,0.0
8317,1.142515476324223e-05,2,0.0,0,0,0,0,0.00867667307331396,2,0.0
8318,5.712577381621115e-06,1,3.8066669965778065e-06,1,0,0,0,0.672105804376964,2,0.0
8319,1.142515476324223e-05,2,9.516667491444516e-06,2,1,1,1,0.8344067987803035,2,0.5
8320,1.142515476324223e-05,2,0.0,0,0,0,0,0.00867667307331396,2,0.0
8321,3.8083849210807435e-06,1,5.710000494866709e-06,1,0,0,0,1.4865476692249984,2,0.0
8322,5.712577381621115e-06,1,5.710000494866709e-06,1,0,0,0,0.9995566705464337,2,0.0
8323,9.520962302701859e-06,2,0.0,0,0,0,0,0.01039397067088777,2,0.0
8324,0.0,0,1.1420000989733419e-05,2,0,0,0,115.2000098973342,2,0.0
8325,3.8083849210807435e-06,1,1.3323334488022323e-05,2,0,0,0,3.4344965398931366,3,0.0
8326,5.712577381621115e-06,1,3.8066669965778065e-06,1,0,0,0,0.672105804376964,2,0.0
8327,9.520962302701859e-06,2,3.8066669965778065e-06,1,0,0,0,0.4060578218335493,2,0.0
8328,0.0,0,1.3323334488022323e-05,2,0,0,0,134.23334488022326,2,0.0
8329,1.5233539684322974e-05,4,1.1420000989733419e-05,2,0,0,0,0.7512943017007012,6,0.0
8330,3.8083849210807435e-06,1,5.710000494866709e-06,1,0,0,0,1.4865476692249984,2,0.0
8331,9.520962302701859e-06,2,3.8066669965778065e-06,1,0,0,0,0.4060578218335493,2,0.0
8332,5.712577381621115e-06,1,3.6163336467489164e-05,5,0,0,0,6.238770529257953,5,0.0
8333,0.0,0,1.3323334488022323e-05,3,0,0,0,134.23334488022326,3,0.0
8334,0.0,0,1.1420000989733419e-05,2,0,0,0,115.2000098973342,2,0.0
8335,5.712577381621115e-06,1,7.613333993155613e-06,2,0,0,0,1.3270075367159038,2,0.0
8336,9.520962302701859e-06,2,0.0,0,0,0,0,0.01039397067088777,2,0.0
8337,3.8083849210807435e-06,1,1.1420000989733419e-05,2,0,0,0,2.947509322226102,3,0.0
8338,7.616769842161487e-06,1,2.0936668481177935e-05,5,0,0,0,2.726097695209413,6,0.0
8339,7.616769842161487e-06,2,2.0936668481177935e-05,5,0,0,0,2.726097695209413,6,0.0
8340,3.8083849210807435e-06,1,9.516667491444516e-06,2,0,0,0,2.4605221045590673,3,0.0
8341,9.520962302701859e-06,2,3.8066669965778065e-06,1,0,0,0,0.4060578218335493,3,0.0
8342,3.8083849210807435e-06,1,9.516667491444516e-06,2,0,0,0,2.4605221045590673,3,0.0
8343,0.0,0,1.3323334488022323e-05,3,0,0,0,134.23334488022326,3,0.0
8344,5.712577381621115e-06,1,3.8066669965778065e-06,1,0,0,0,0.672105804376964,2,0.0
8345,3.8083849210807435e-06,1,9.516667491444516e-06,2,0,0,0,2.4605221045590673,3,0.0
8346,1.3329347223782603e-05,3,0.0,0,0,0,0,0.007446378318590626,3,0.0
8347,9.520962302701859e-06,2,0.0,0,0,0,0,0.01039397067088777,2,0.0
8348,1.3329347223782603e-05,3,1.5226667986311226e-05,3,0,0,0,1.1412816818950495,6,0.0
8349,0.0,0,1.1420000989733419e-05,2,0,0,0,115.2000098973342,2,0.0
8350,9.520962302701859e-06,2,3.8066669965778065e-06,1,0,0,0,0.4060578218335493,3,0.0
8351,5.712577381621115e-06,1,3.8066669965778065e-06,1,0,0,0,0.672105804376964,2,0.0
8352,0.0,0,9.516667491444516e-06,2,0,0,0,96.16667491444517,2,0.0
8353,3.8083849210807435e-06,1,2.0936668481177935e-05,4,4,0,4,5.382445410561274,5,0.8
8354,7.616769842161487e-06,2,9.516667491444516e-06,2,0,0,0,1.2462037469230602,4,0.0
8355,5.712577381621115e-06,1,3.8066669965778065e-06,1,0,0,0,0.672105804376964,2,0.0
8356,3.8083849210807435e-06,1,5.710000494866709e-06,1,0,0,0,1.4865476692249984,2,0.0
8357,3.8083849210807435e-06,1,9.516667491444516e-06,2,0,0,0,2.4605221045590673,3,0.0
8358,9.520962302701859e-06,2,1.142000098973342e-05,3,0,0,0,1.1973855241588727,4,0.0
8359,9.520962302701859e-06,2,0.0,0,0,0,0,0.01039397067088777,2,0.0
8360,5.712577381621115e-06,1,3.8066669965778065e-06,1,0,0,0,0.672105804376964,2,0.0
8361,9.520962302701859e-06,2,3.8066669965778065e-06,1,0,0,0,0.4060578218335493,3,0.0
8362,3.8083849210807435e-06,1,5.710000494866709e-06,1,0,0,0,1.4865476692249984,2,0.0
8363,1.9041924605403718e-05,4,7.613333993155613e-06,2,0,0,0,0.40295498765981763,5,0.0
8364,1.5233539684322974e-05,3,3.0453335972622452e-05,5,1,1,0,1.9925820522615671,7,0.0
8365,1.3329347223782601e-05,3,3.0453335972622452e-05,5,0,0,0,2.2751169854715094,6,0.0
8366,0.0,0,9.516667491444516e-06,2,0,0,0,96.16667491444517,2,0.0
8367,0.0,0,1.3323334488022323e-05,2,0,0,0,134.23334488022326,2,0.0
8368,3.8083849210807435e-06,1,5.710000494866709e-06,1,0,0,0,1.4865476692249984,2,0.0
8369,5.712577381621115e-06,1,3.8066669965778065e-06,1,0,0,0,0.672105804376964,2,0.0
8370,0.0,0,9.516667491444516e-06,2,0,0,0,96.16667491444517,2,0.0
8371,5.712577381621115e-06,1,3.8066669965778065e-06,1,0,0,0,0.672105804376964,2,0.0
8372,5.712577381621115e-06,1,3.8066669965778065e-06,1,0,0,0,0.672105804376964,2,0.0
8373,5.712577381621115e-06,1,3.8066669965778065e-06,1,0,0,0,0.672105804376964,2,0.0
8374,5.712577381621115e-06,1,5.710000494866709e-06,1,0,0,0,0.9995566705464337,2,0.0
8375,9.520962302701859e-06,2,0.0,0,0,0,0,0.01039397067088777,2,0.0
8376,7.616769842161487e-06,2,9.516667491444516e-06,2,0,0,0,1.2462037469230602,3,0.0
8377,5.712577381621115e-06,1,2.474333547775574e-05,2,0,0,0,4.274065332241132,2,0.0
8378,0.0,0,1.1420000989733419e-05,2,0,0,0,115.2000098973342,2,0.0
8379,5.712577381621115e-06,1,3.8066669965778065e-06,1,0,0,0,0.672105804376964,2,0.0
8380,0.0,0,9.516667491444516e-06,2,0,0,0,96.16667491444517,2,0.0
8381,5.712577381621115e-06,1,5.710000494866709e-06,1,0,0,0,0.9995566705464337,2,0.0
8382,1.5233539684322974e-05,3,1.713000148460013e-05,2,0,0,0,1.1236806268689608,3,0.0
8383,9.520962302701859e-06,2,0.0,0,0,0,0,0.01039397067088777,2,0.0
8384,7.616769842161487e-06,2,5.710000494866709e-06,1,0,0,0,0.7529057641609425,3,0.0
8385,9.520962302701859e-06,2,0.0,0,0,0,0,0.01039397067088777,2,0.0
8386,5.712577381621115e-06,1,5.710000494866709e-06,1,0,0,0,0.9995566705464337,2,0.0
8387,0.0,0,9.516667491444516e-06,2,0,0,0,96.16667491444517,2,0.0
8388,9.520962302701859e-06,2,0.0,0,0,0,0,0.01039397067088777,2,0.0
8389,0.0,0,1.1420000989733419e-05,2,0,0,0,115.2000098973342,2,0.0
8390,0.0,0,1.3323334488022323e-05,3,0,0,0,134.23334488022326,3,0.0
8391,2.285030952648446e-05,5,3.8066669965778065e-06,1,0,0,0,0.17022284566879356,5,0.0
8392,1.5233539684322974e-05,3,7.613333993155613e-06,1,0,0,0,0.5030367515885281,3,0.0
8393,3.8083849210807435e-06,1,5.710000494866709e-06,1,0,0,0,1.4865476692249984,2,0.0
8394,9.520962302701859e-06,2,0.0,0,0,0,0,0.01039397067088777,2,0.0
8395,0.0,0,9.516667491444516e-06,2,0,0,0,96.16667491444517,2,0.0
8396,0.0,0,9.516667491444516e-06,2,0,0,0,96.16667491444517,2,0.0
8397,5.712577381621115e-06,1,3.8066669965778065e-06,1,0,0,0,0.672105804376964,2,0.0
8398,5.712577381621115e-06,1,3.8066669965778065e-06,1,0,0,0,0.672105804376964,2,0.0
8399,2.094611706594409e-05,5,3.235666947091135e-05,8,0,0,0,1.5421690076708414,11,0.0
8400,0.0,0,9.516667491444516e-06,2,0,0,0,96.16667491444517,2,0.0
8401,9.520962302701859e-06,2,7.613333993155613e-06,2,0,0,0,0.801721672996211,4,0.0
8402,0.0,0,9.516667491444516e-06,2,0,0,0,96.16667491444517,2,0.0
8403,5.712577381621115e-06,1,1.5226667986311226e-05,3,0,0,0,2.636811001393783,4,0.0
8404,0.0,0,9.516667491444516e-06,2,0,0,0,96.16667491444517,2,0.0
8405,0.0,0,1.1420000989733419e-05,2,0,0,0,115.2000098973342,2,0.0
8406,1.7137732144863347e-05,4,2.6646668976044647e-05,4,0,0,0,1.5516350266537156,6,0.0
8407,5.712577381621115e-06,1,3.8066669965778065e-06,1,0,0,0,0.672105804376964,2,0.0
8408,3.8083849210807435e-06,1,5.710000494866709e-06,1,0,0,0,1.4865476692249984,2,0.0
8409,0.0,0,9.516667491444516e-06,2,0,0,0,96.16667491444517,2,0.0
8410,9.520962302701859e-06,2,0.0,0,0,0,0,0.01039397067088777,2,0.0
8411,3.8083849210807435e-06,1,5.710000494866709e-06,1,0,0,0,1.4865476692249984,2,0.0
8412,3.8083849210807435e-06,1,5.710000494866709e-06,1,0,0,0,1.4865476692249984,2,0.0
8413,0.0,0,9.516667491444516e-06,2,0,0,0,96.16667491444517,2,0.0
8414,5.712577381621115e-06,1,5.710000494866709e-06,1,0,0,0,0.9995566705464337,2,0.0
8415,5.712577381621115e-06,1,3.8066669965778065e-06,1,0,0,0,0.672105804376964,2,0.0
8416,1.7137732144863347e-05,4,3.8066669965778065e-06,1,0,0,0,0.22663462709286558,5,0.0
8417,9.520962302701859e-06,2,0.0,0,0,0,0,0.01039397067088777,2,0.0
8418,5.712577381621115e-06,1,5.710000494866709e-06,1,0,0,0,0.9995566705464337,2,0.0
8419,3.8083849210807435e-06,1,5.710000494866709e-06,1,0,0,0,1.4865476692249984,2,0.0
8420,7.616769842161487e-06,2,9.516667491444516e-06,2,2,1,2,1.2462037469230602,3,0.6666666666666666
8421,0.0,0,1.3323334488022323e-05,3,0,0,0,134.23334488022326,3,0.0
8422,7.616769842161487e-06,2,5.710000494866709e-06,1,0,0,0,0.7529057641609425,3,0.0
8423,0.0,0,9.516667491444516e-06,2,0,0,0,96.16667491444517,2,0.0
8424,0.0,0,9.516667491444516e-06,2,0,0,0,96.16667491444517,2,0.0
8425,0.0,0,9.516667491444516e-06,2,0,0,0,96.16667491444517,2,0.0
8426,9.520962302701859e-06,2,0.0,0,0,0,0,0.01039397067088777,2,0.0
8427,1.7137732144863347e-05,4,3.8066669965778065e-06,1,0,0,0,0.22663462709286558,5,0.0
8428,0.0,0,1.3323334488022323e-05,3,0,0,0,134.23334488022326,3,0.0
8429,9.520962302701859e-06,2,0.0,0,0,0,0,0.01039397067088777,2,0.0
8430,0.0,0,1.1420000989733419e-05,2,0,0,0,115.2000098973342,2,0.0
8431,1.5233539684322974e-05,3,0.0,0,0,0,0,0.006521651364181754,3,0.0
8432,9.520962302701859e-06,2,1.142000098973342e-05,2,0,0,0,1.1973855241588727,3,0.0
8433,7.616769842161487e-06,2,9.516667491444516e-06,2,3,1,2,1.2462037469230602,4,0.5
8434,9.520962302701859e-06,2,0.0,0,0,0,0,0.01039397067088777,2,0.0
8435,5.712577381621115e-06,1,9.516667491444516e-06,2,1,0,1,1.6544584028853737,3,0.3333333333333333
8436,1.7137732144863347e-05,4,3.045333597262245e-05,5,0,0,0,1.7724684265805235,8,0.0
8437,9.520962302701859e-06,2,0.0,0,0,0,0,0.01039397067088777,2,0.0
8438,9.520962302701859e-06,2,0.0,0,0,0,0,0.01039397067088777,2,0.0
8439,1.3329347223782601e-05,3,3.8066669965778065e-06,1,4,3,1,0.29090520421270544,4,0.25
8440,0.0,0,9.516667491444516e-06,2,0,0,0,96.16667491444517,2,0.0
8441,9.520962302701859e-06,2,0.0,0,0,0,0,0.01039397067088777,2,0.0
8442,9.520962302701859e-06,2,0.0,0,0,0,0,0.01039397067088777,2,0.0
8443,3.8083849210807435e-06,1,1.3323334488022323e-05,3,0,0,0,3.4344965398931366,4,0.0
8444,7.616769842161487e-06,2,5.710000494866709e-06,1,0,0,0,0.7529057641609425,3,0.0
8445,9.520962302701859e-06,2,0.0,0,0,0,0,0.01039397067088777,2,0.0
8446,9.520962302701859e-06,2,0.0,0,0,0,0,0.01039397067088777,2,0.0
8447,7.616769842161487e-06,2,1.1420000989733419e-05,2,0,0,0,1.492852738304119,4,0.0
8448,5.712577381621115e-06,1,3.8066669965778065e-06,1,0,0,0,0.672105804376964,2,0.0
8449,7.616769842161487e-06,2,1.3323334488022323e-05,3,0,0,0,1.739501729685178,5,0.0
8450,3.8083849210807435e-06,1,5.710000494866709e-06,1,0,0,0,1.4865476692249984,2,0.0
8451,0.0,0,9.516667491444516e-06,2,0,0,0,96.16667491444517,2,0.0
8452,9.520962302701859e-06,2,0.0,0,0,0,0,0.01039397067088777,2,0.0
8453,3.8083849210807435e-06,1,2.0936668481177935e-05,5,2,0,2,5.382445410561274,6,0.3333333333333333
8454,1.3329347223782601e-05,3,3.8066669965778065e-06,1,0,0,0,0.29090520421270544,4,0.0
8455,0.0,0,9.516667491444516e-06,2,0,0,0,96.16667491444517,2,0.0
8456,1.7137732144863347e-05,4,3.8066669965778065e-06,1,0,0,0,0.22663462709286558,5,0.0
8457,0.0,0,9.516667491444516e-06,2,0,0,0,96.16667491444517,2,0.0
8458,3.8083849210807435e-06,1,9.516667491444516e-06,2,1,0,1,2.4605221045590673,3,0.3333333333333333
8459,0.0,0,9.516667491444516e-06,2,0,0,0,96.16667491444517,2,0.0
8460,3.8083849210807435e-06,1,5.710000494866709e-06,1,0,0,0,1.4865476692249984,2,0.0
8461,3.8083849210807435e-06,1,5.710000494866709e-06,1,0,0,0,1.4865476692249984,2,0.0
8462,1.7137732144863347e-05,4,7.613333993155613e-06,2,1,1,0,0.447468027019674,6,0.0
8463,0.0,0,9.516667491444516e-06,2,0,0,0,96.16667491444517,2,0.0
8464,1.142515476324223e-05,2,0.0,0,0,0,0,0.00867667307331396,2,0.0
8465,2.094611706594409e-05,4,3.235666947091135e-05,7,0,0,0,1.5421690076708414,9,0.0
8466,3.8083849210807435e-06,1,5.710000494866709e-06,1,0,0,0,1.4865476692249984,2,0.0
8467,9.520962302701859e-06,2,0.0,0,2,2,0,0.01039397067088777,2,0.0
8468,1.9041924605403718e-05,4,1.713000148460013e-05,3,0,0,0,0.9001185533734755,7,0.0
8469,2.094611706594409e-05,5,1.5226667986311226e-05,3,0,0,0,0.7282420761173173,8,0.0
8470,5.712577381621115e-06,1,1.3323334488022323e-05,3,1,0,1,2.3093601352243134,4,0.25
8471,0.0,0,1.1420000989733419e-05,2,0,0,0,115.2000098973342,2,0.0
8472,0.0,0,1.3323334488022323e-05,3,0,0,0,134.23334488022326,3,0.0
8473,1.7137732144863347e-05,4,5.710000494866709e-06,1,0,0,0,0.3370513270562697,5,0.0
8474,1.142515476324223e-05,2,0.0,0,0,0,0,0.00867667307331396,2,0.0
8475,0.0,0,1.1420000989733419e-05,2,0,0,0,115.2000098973342,2,0.0
8476,3.8083849210807435e-06,1,5.710000494866709e-06,1,0,0,0,1.4865476692249984,2,0.0
8477,0.0,0,9.516667491444516e-06,2,0,0,0,96.16667491444517,2,0.0
8478,9.520962302701859e-06,2,9.516667491444516e-06,1,0,0,0,0.9995535985775418,2,0.0
8479,3.8083849210807435e-06,1,5.710000494866709e-06,1,0,0,0,1.4865476692249984,2,0.0
8480,0.0,0,1.9033334982889032e-05,4,0,0,0,191.3333498288903,4,0.0
8481,5.712577381621115e-06,1,3.8066669965778065e-06,1,0,0,0,0.672105804376964,2,0.0
8482,7.616769842161487e-06,2,9.516667491444516e-06,2,2,1,1,1.2462037469230602,4,0.25
8483,5.712577381621115e-06,1,1.1420000989733419e-05,2,0,0,0,1.9819092690548434,3,0.0
8484,0.0,0,9.516667491444516e-06,2,0,0,0,96.16667491444517,2,0.0
8485,0.0,0,9.516667491444516e-06,2,0,0,0,96.16667491444517,2,0.0
8486,3.8083849210807435e-06,1,9.516667491444516e-06,2,1,0,1,2.4605221045590673,2,0.5
8487,0.0,0,9.516667491444516e-06,2,0,0,0,96.16667491444517,2,0.0
8488,0.0,0,9.516667491444516e-06,2,0,0,0,96.16667491444517,2,0.0
8489,9.520962302701859e-06,2,3.8066669965778065e-06,1,1,0,1,0.4060578218335493,3,0.3333333333333333
8490,5.712577381621115e-06,1,3.8066669965778065e-06,1,0,0,0,0.672105804376964,2,0.0
8491,3.8083849210807435e-06,1,5.710000494866709e-06,1,0,0,0,1.4865476692249984,2,0.0
8492,5.712577381621115e-06,1,3.8066669965778065e-06,1,0,0,0,0.672105804376964,2,0.0
8493,5.712577381621115e-06,1,3.8066669965778065e-06,1,0,0,0,0.672105804376964,2,0.0
8494,3.8083849210807435e-06,1,9.516667491444516e-06,2,0,0,0,2.4605221045590673,3,0.0
8495,9.520962302701859e-06,2,0.0,0,0,0,0,0.01039397067088777,2,0.0
8496,0.0,0,1.3323334488022323e-05,2,1,0,1,134.23334488022326,2,0.5
8497,3.8083849210807435e-06,1,9.516667491444516e-06,2,0,0,0,2.4605221045590673,2,0.0
8498,0.0,0,9.516667491444516e-06,2,0,0,0,96.16667491444517,2,0.0
8499,5.712577381621115e-06,1,5.710000494866709e-06,1,0,0,0,0.9995566705464337,2,0.0
8500,1.3329347223782603e-05,3,3.8066669965778065e-06,1,0,0,0,0.2909052042127054,4,0.0
8501,5.712577381621115e-06,1,3.8066669965778065e-06,1,0,0,0,0.672105804376964,2,0.0
8502,1.142515476324223e-05,2,0.0,0,0,0,0,0.00867667307331396,2,0.0
8503,0.0,0,1.713000148460013e-05,4,0,0,0,172.3000148460013,4,0.0
8504,1.5233539684322974e-05,2,2.474333547775574e-05,4,0,0,0,1.620195727093307,6,0.0
8505,5.712577381621115e-06,1,3.8066669965778065e-06,1,2,1,1,0.672105804376964,2,0.5
8506,5.712577381621115e-06,1,3.8066669965778065e-06,1,1,1,0,0.672105804376964,2,0.0
8507,5.712577381621115e-06,1,5.710000494866709e-06,1,0,0,0,0.9995566705464337,2,0.0
8508,0.0,0,9.516667491444516e-06,2,0,0,0,96.16667491444517,2,0.0
8509,9.520962302701859e-06,2,0.0,0,0,0,0,0.01039397067088777,2,0.0
8510,7.616769842161487e-06,2,5.710000494866709e-06,1,0,0,0,0.7529057641609425,3,0.0
8511,1.5233539684322974e-05,3,1.142000098973342e-05,2,0,0,0,0.7512943017007013,3,0.0
8512,0.0,0,9.516667491444516e-06,2,0,0,0,96.16667491444517,2,0.0
8513,5.712577381621115e-06,1,5.710000494866709e-06,1,0,0,0,0.9995566705464337,2,0.0
8514,9.520962302701859e-06,2,0.0,0,0,0,0,0.01039397067088777,2,0.0
8515,3.8083849210807435e-06,1,5.710000494866709e-06,1,0,0,0,1.4865476692249984,2,0.0
8516,5.712577381621115e-06,1,7.613333993155613e-06,2,0,0,0,1.3270075367159038,3,0.0
8517,1.7137732144863347e-05,3,3.8066669965778065e-06,1,1,1,0,0.22663462709286558,3,0.0
8518,2.8562886908105577e-05,5,9.516667491444516e-06,2,0,0,0,0.33550938264788044,7,0.0
8519,3.8083849210807435e-06,1,5.710000494866709e-06,1,1,1,0,1.4865476692249984,2,0.0
8520,2.285030952648446e-05,4,7.613333993155613e-06,2,0,0,0,0.33608845162870216,4,0.0
8521,0.0,0,1.1420000989733419e-05,2,0,0,0,115.2000098973342,2,0.0
8522,9.520962302701859e-06,2,0.0,0,0,0,0,0.01039397067088777,2,0.0
8523,3.8083849210807435e-06,1,5.710000494866709e-06,1,0,0,0,1.4865476692249984,2,0.0
8524,3.8083849210807435e-06,1,5.710000494866709e-06,1,0,0,0,1.4865476692249984,2,0.0
8525,1.7137732144863347e-05,4,0.0,0,0,0,0,0.0058012271660572755,4,0.0
8526,5.712577381621115e-06,1,3.8066669965778065e-06,1,0,0,0,0.672105804376964,2,0.0
8527,0.0,0,9.516667491444516e-06,2,0,0,0,96.16667491444517,2,0.0
8528,0.0,0,9.516667491444516e-06,2,0,0,0,96.16667491444517,2,0.0
8529,7.616769842161487e-06,2,9.516667491444516e-06,2,0,0,0,1.2462037469230602,4,0.0
8530,5.712577381621115e-06,1,3.8066669965778065e-06,1,0,0,0,0.672105804376964,2,0.0
8531,5.712577381621115e-06,1,3.8066669965778065e-06,1,0,0,0,0.672105804376964,2,0.0
8532,0.0,0,9.516667491444516e-06,2,0,0,0,96.16667491444517,2,0.0
8533,9.520962302701859e-06,2,3.8066669965778065e-06,1,0,0,0,0.4060578218335493,2,0.0
8534,9.520962302701859e-06,2,1.3323334488022323e-05,3,0,0,0,1.3952174497402035,5,0.0
8535,3.8083849210807435e-06,1,5.710000494866709e-06,1,0,0,0,1.4865476692249984,2,0.0
8536,1.3329347223782603e-05,3,0.0,0,0,0,0,0.007446378318590626,3,0.0
8537,0.0,0,9.516667491444516e-06,2,0,0,0,96.16667491444517,2,0.0
8538,9.520962302701859e-06,2,0.0,0,0,0,0,0.01039397067088777,2,0.0
8539,9.520962302701859e-06,2,0.0,0,0,0,0,0.01039397067088777,2,0.0
8540,3.8083849210807435e-06,1,5.710000494866709e-06,1,0,0,0,1.4865476692249984,2,0.0
8541,1.3329347223782601e-05,3,1.5226667986311226e-05,2,0,0,0,1.1412816818950497,3,0.0
8542,9.520962302701859e-06,2,0.0,0,0,0,0,0.01039397067088777,2,0.0
8543,0.0,0,9.516667491444516e-06,2,0,0,0,96.16667491444517,2,0.0
8544,0.0,0,9.516667491444516e-06,2,0,0,0,96.16667491444517,2,0.0
8545,5.712577381621115e-06,1,3.8066669965778065e-06,1,0,0,0,0.672105804376964,2,0.0
8546,9.520962302701859e-06,2,0.0,0,0,0,0,0.01039397067088777,2,0.0
8547,3.8083849210807435e-06,1,5.710000494866709e-06,1,0,0,0,1.4865476692249984,2,0.0
8548,9.520962302701859e-06,2,0.0,0,0,0,0,0.01039397067088777,2,0.0
8549,3.8083849210807435e-06,1,5.710000494866709e-06,1,0,0,0,1.4865476692249984,2,0.0
8550,0.0,0,9.516667491444516e-06,2,0,0,0,96.16667491444517,2,0.0
8551,9.520962302701859e-06,2,0.0,0,0,0,0,0.01039397067088777,2,0.0
8552,3.0467079368645948e-05,7,4.948667095551148e-05,9,1,0,1,1.6222246933534252,12,0.08333333333333333
8553,1.5233539684322974e-05,3,2.6646668976044647e-05,6,2,2,1,1.7443245021493938,7,0.14285714285714285
8554,3.8083849210807435e-06,1,5.710000494866709e-06,1,0,0,0,1.4865476692249984,2,0.0
8555,3.8083849210807435e-06,1,5.710000494866709e-06,1,0,0,0,1.4865476692249984,2,0.0
8556,3.8083849210807435e-06,1,5.710000494866709e-06,1,0,0,0,1.4865476692249984,2,0.0
8557,5.712577381621115e-06,1,3.8066669965778065e-06,1,0,0,0,0.672105804376964,2,0.0
8558,5.712577381621115e-06,1,7.613333993155613e-06,2,0,0,0,1.3270075367159038,2,0.0
8559,3.8083849210807435e-06,1,5.710000494866709e-06,1,0,0,0,1.4865476692249984,2,0.0
8560,7.616769842161487e-06,2,1.3323334488022323e-05,2,0,0,0,1.739501729685178,3,0.0
8561,3.8083849210807435e-06,1,5.710000494866709e-06,1,0,0,0,1.4865476692249984,2,0.0
8562,5.712577381621115e-06,1,3.8066669965778065e-06,1,0,0,0,0.672105804376964,2,0.0
8563,0.0,0,9.516667491444516e-06,2,0,0,0,96.16667491444517,2,0.0
8564,3.8083849210807435e-06,1,5.710000494866709e-06,1,2,1,1,1.4865476692249984,2,0.5
8565,9.520962302701859e-06,2,0.0,0,0,0,0,0.01039397067088777,2,0.0
8566,5.712577381621115e-06,1,1.1420000989733419e-05,2,0,0,0,1.9819092690548434,3,0.0
8567,9.520962302701859e-06,2,3.8066669965778065e-06,1,0,0,0,0.4060578218335493,3,0.0
8568,0.0,0,9.516667491444516e-06,2,0,0,0,96.16667491444517,2,0.0
8569,9.520962302701859e-06,2,0.0,0,0,0,0,0.01039397067088777,2,0.0
8570,9.520962302701859e-06,2,0.0,0,0,0,0,0.01039397067088777,2,0.0
8571,9.520962302701859e-06,2,0.0,0,0,0,0,0.01039397067088777,2,0.0
8572,5.712577381621115e-06,1,5.710000494866709e-06,1,0,0,0,0.9995566705464337,2,0.0
8573,9.520962302701859e-06,2,0.0,0,0,0,0,0.01039397067088777,2,0.0
8574,0.0,0,1.5226667986311226e-05,3,2,0,2,153.26667986311224,3,0.6666666666666666
8575,7.616769842161487e-06,2,1.713000148460013e-05,4,0,0,0,2.2327997124472954,6,0.0
8576,1.142515476324223e-05,2,0.0,0,0,0,0,0.00867667307331396,2,0.0
8577,7.616769842161487e-06,1,9.516667491444516e-06,2,0,0,0,1.2462037469230602,2,0.0
8578,5.712577381621115e-06,1,3.8066669965778065e-06,1,0,0,0,0.672105804376964,2,0.0
8579,3.8083849210807435e-06,1,9.516667491444516e-06,2,0,0,0,2.4605221045590673,3,0.0
8580,9.520962302701859e-06,2,0.0,0,0,0,0,0.01039397067088777,2,0.0
8581,1.3329347223782601e-05,3,7.613333993155613e-06,2,0,0,0,0.5743640301068202,5,0.0
8582,3.8083849210807435e-06,1,9.516667491444516e-06,2,1,0,1,2.4605221045590673,3,0.3333333333333333
8583,0.0,0,9.516667491444516e-06,2,0,0,0,96.16667491444517,2,0.0
8584,3.8083849210807435e-06,1,5.710000494866709e-06,1,0,0,0,1.4865476692249984,2,0.0
8585,5.712577381621115e-06,1,1.142000098973342e-05,2,0,0,0,1.9819092690548437,2,0.0
8586,5.712577381621115e-06,1,3.8066669965778065e-06,1,0,0,0,0.672105804376964,2,0.0
8587,5.712577381621115e-06,1,3.8066669965778065e-06,1,0,0,0,0.672105804376964,2,0.0
8588,0.0,0,1.5226667986311226e-05,3,0,0,0,153.26667986311224,3,0.0
8589,1.3329347223782601e-05,3,0.0,0,0,0,0,0.007446378318590627,3,0.0
8590,9.520962302701859e-06,2,0.0,0,0,0,0,0.01039397067088777,2,0.0
8591,0.0,0,9.516667491444516e-06,2,1,0,1,96.16667491444517,2,0.5
8592,9.520962302701859e-06,2,7.613333993155613e-06,2,0,0,0,0.801721672996211,3,0.0
8593,9.520962302701859e-06,2,9.516667491444516e-06,2,0,0,0,0.9995535985775418,4,0.0
8594,1.3329347223782601e-05,3,0.0,0,0,0,0,0.007446378318590627,3,0.0
8595,3.8083849210807435e-06,1,1.3323334488022323e-05,3,0,0,0,3.4344965398931366,3,0.0
8596,9.520962302701859e-06,2,3.8066669965778065e-06,1,0,0,0,0.4060578218335493,3,0.0
8597,5.712577381621115e-06,1,5.710000494866709e-06,1,0,0,0,0.9995566705464337,2,0.0
8598,1.142515476324223e-05,3,9.516667491444516e-06,2,0,0,0,0.8344067987803035,5,0.0
8599,3.8083849210807435e-06,1,1.1420000989733419e-05,2,0,0,0,2.947509322226102,2,0.0
8600,3.8083849210807435e-06,1,5.710000494866709e-06,1,0,0,0,1.4865476692249984,2,0.0
8601,0.0,0,9.516667491444516e-06,2,0,0,0,96.16667491444517,2,0.0
8602,2.475450198702483e-05,6,1.3323334488022323e-05,3,4,2,2,0.5400765823040795,9,0.2222222222222222
8603,0.0,0,1.3323334488022323e-05,3,1,0,1,134.23334488022326,3,0.3333333333333333
8604,0.0,0,9.516667491444516e-06,2,0,0,0,96.16667491444517,2,0.0
8605,9.520962302701859e-06,2,0.0,0,0,0,0,0.01039397067088777,2,0.0
8606,7.616769842161487e-06,2,5.710000494866709e-06,1,0,0,0,0.7529057641609425,3,0.0
8607,3.8083849210807435e-06,1,5.710000494866709e-06,1,0,0,0,1.4865476692249984,2,0.0
8608,1.142515476324223e-05,3,9.516667491444516e-06,2,1,1,0,0.8344067987803035,5,0.0
8609,9.520962302701859e-06,2,0.0,0,0,0,0,0.01039397067088777,2,0.0
8610,3.8083849210807435e-06,1,5.710000494866709e-06,1,0,0,0,1.4865476692249984,2,0.0
8611,9.520962302701859e-06,2,1.3323334488022323e-05,2,0,0,0,1.3952174497402035,4,0.0
8612,5.712577381621115e-06,1,1.3323334488022323e-05,2,0,0,0,2.3093601352243134,2,0.0
8613,0.0,0,9.516667491444516e-06,2,1,0,1,96.16667491444517,2,0.5
8614,9.520962302701859e-06,2,0.0,0,0,0,0,0.01039397067088777,2,0.0
8615,5.712577381621115e-06,1,3.8066669965778065e-06,1,0,0,0,0.672105804376964,2,0.0
8616,0.0,0,1.1420000989733419e-05,2,0,0,0,115.2000098973342,2,0.0
8617,3.8083849210807435e-06,1,5.710000494866709e-06,1,0,0,0,1.4865476692249984,2,0.0
8618,0.0,0,9.516667491444516e-06,2,0,0,0,96.16667491444517,2,0.0
8619,9.520962302701859e-06,2,0.0,0,0,0,0,0.01039397067088777,2,0.0
8620,5.712577381621115e-06,1,9.516667491444516e-06,2,0,0,0,1.6544584028853737,3,0.0
8621,5.712577381621115e-06,1,1.142000098973342e-05,3,0,0,0,1.9819092690548437,4,0.0
8622,1.3329347223782601e-05,3,0.0,0,0,0,0,0.007446378318590627,3,0.0
8623,9.520962302701859e-06,2,3.8066669965778065e-06,1,0,0,0,0.4060578218335493,3,0.0
8624,0.0,0,9.516667491444516e-06,2,0,0,0,96.16667491444517,2,0.0
8625,0.0,0,9.516667491444516e-06,2,0,0,0,96.16667491444517,2,0.0
8626,9.520962302701859e-06,2,0.0,0,0,0,0,0.01039397067088777,2,0.0
8627,0.0,0,9.516667491444516e-06,2,0,0,0,96.16667491444517,2,0.0
8628,9.520962302701859e-06,2,0.0,0,0,0,0,0.01039397067088777,2,0.0
8629,3.8083849210807435e-06,1,5.710000494866709e-06,1,0,0,0,1.4865476692249984,2,0.0
8630,0.0,0,9.516667491444516e-06,2,1,0,1,96.16667491444517,2,0.5
8631,0.0,0,1.3323334488022323e-05,2,0,0,0,134.23334488022326,2,0.0
8632,1.142515476324223e-05,2,3.8066669965778065e-06,1,0,0,0,0.3389687233561098,3,0.0
8633,3.8083849210807435e-06,1,5.710000494866709e-06,1,0,0,0,1.4865476692249984,2,0.0
8634,3.8083849210807435e-06,1,9.516667491444516e-06,2,0,0,0,2.4605221045590673,3,0.0
8635,1.142515476324223e-05,2,0.0,0,0,0,0,0.00867667307331396,2,0.0
8636,5.712577381621115e-06,1,3.8066669965778065e-06,1,0,0,0,0.672105804376964,2,0.0
8637,0.0,0,1.1420000989733419e-05,2,0,0,0,115.2000098973342,2,0.0
8638,1.3329347223782603e-05,3,3.8066669965778065e-06,1,0,0,0,0.2909052042127054,4,0.0
8639,0.0,0,9.516667491444516e-06,2,0,0,0,96.16667491444517,2,0.0
8640,0.0,0,9.516667491444516e-06,2,0,0,0,96.16667491444517,2,0.0
8641,5.712577381621115e-06,1,3.8066669965778065e-06,1,0,0,0,0.672105804376964,2,0.0
8642,7.616769842161487e-06,2,9.516667491444516e-06,2,1,0,1,1.2462037469230602,4,0.25
8643,9.520962302701859e-06,2,1.9033334982889032e-05,1,0,0,0,1.9887132264841956,2,0.0
8644,1.142515476324223e-05,2,0.0,0,0,0,0,0.00867667307331396,2,0.0
8645,5.712577381621115e-06,1,7.613333993155613e-06,2,0,0,0,1.3270075367159038,2,0.0
8646,0.0,0,9.516667491444516e-06,2,0,0,0,96.16667491444517,2,0.0
8647,9.520962302701859e-06,1,3.8066669965778065e-06,1,0,0,0,0.4060578218335493,2,0.0
8648,9.520962302701859e-06,2,3.8066669965778065e-06,1,0,0,0,0.4060578218335493,3,0.0
8649,9.520962302701859e-06,2,0.0,0,0,0,0,0.01039397067088777,2,0.0
8650,9.520962302701859e-06,2,0.0,0,0,0,0,0.01039397067088777,2,0.0
8651,0.0,0,9.516667491444516e-06,2,0,0,0,96.16667491444517,2,0.0
8652,9.520962302701859e-06,2,0.0,0,0,0,0,0.01039397067088777,2,0.0
8653,1.142515476324223e-05,2,0.0,0,0,0,0,0.00867667307331396,2,0.0
8654,9.520962302701859e-06,2,3.8066669965778065e-06,1,0,0,0,0.4060578218335493,2,0.0
8655,9.520962302701859e-06,2,0.0,0,0,0,0,0.01039397067088777,2,0.0
8656,9.520962302701859e-06,2,0.0,0,0,0,0,0.01039397067088777,2,0.0
8657,9.520962302701859e-06,2,0.0,0,0,0,0,0.01039397067088777,2,0.0
8658,9.520962302701859e-06,2,0.0,0,0,0,0,0.01039397067088777,2,0.0
8659,1.142515476324223e-05,2,7.613333993155613e-06,1,0,0,0,0.6692607736389057,2,0.0
8660,1.7137732144863347e-05,3,1.3323334488022323e-05,2,0,0,0,0.7787181269098864,4,0.0
8661,5.712577381621115e-06,1,5.710000494866709e-06,1,0,0,0,0.9995566705464337,2,0.0
8662,3.8083849210807435e-06,1,1.1420000989733419e-05,2,0,0,0,2.947509322226102,3,0.0
8663,5.712577381621115e-06,1,3.8066669965778065e-06,1,0,0,0,0.672105804376964,2,0.0
8664,3.8083849210807435e-06,1,9.516667491444516e-06,2,0,0,0,2.4605221045590673,3,0.0
8665,5.712577381621115e-06,1,3.8066669965778065e-06,1,0,0,0,0.672105804376964,2,0.0
8666,0.0,0,9.516667491444516e-06,2,0,0,0,96.16667491444517,2,0.0
8667,9.520962302701859e-06,2,0.0,0,0,0,0,0.01039397067088777,2,0.0
8668,3.8083849210807435e-06,1,9.516667491444516e-06,2,1,0,1,2.4605221045590673,3,0.3333333333333333
8669,0.0,0,9.516667491444516e-06,2,0,0,0,96.16667491444517,2,0.0
8670,3.8083849210807435e-06,1,5.710000494866709e-06,1,0,0,0,1.4865476692249984,2,0.0
8671,9.520962302701859e-06,2,2.2840001979466837e-05,4,0,0,0,2.384377077646857,6,0.0
8672,3.8083849210807435e-06,1,5.710000494866709e-06,1,0,0,0,1.4865476692249984,2,0.0
8673,5.712577381621115e-06,1,5.710000494866709e-06,1,1,0,1,0.9995566705464337,2,0.5
8674,3.8083849210807435e-06,1,5.710000494866709e-06,1,1,0,1,1.4865476692249984,2,0.5
8675,0.0,0,9.516667491444516e-06,2,0,0,0,96.16667491444517,2,0.0
8676,3.8083849210807435e-06,1,5.710000494866709e-06,1,0,0,0,1.4865476692249984,2,0.0
8677,0.0,0,1.3323334488022323e-05,2,0,0,0,134.23334488022326,2,0.0
8678,5.712577381621115e-06,1,5.710000494866709e-06,1,0,0,0,0.9995566705464337,2,0.0
8679,0.0,0,1.3323334488022323e-05,2,0,0,0,134.23334488022326,2,0.0
8680,5.712577381621115e-06,1,3.8066669965778065e-06,1,0,0,0,0.672105804376964,2,0.0
8681,0.0,0,1.3323334488022323e-05,2,0,0,0,134.23334488022326,2,0.0
8682,1.3329347223782601e-05,3,3.8066669965778065e-06,1,0,0,0,0.29090520421270544,3,0.0
8683,0.0,0,9.516667491444516e-06,2,0,0,0,96.16667491444517,2,0.0
8684,1.142515476324223e-05,2,0.0,0,0,0,0,0.00867667307331396,2,0.0
8685,2.475450198702483e-05,6,2.474333547775574e-05,6,0,0,0,0.9995507248837687,12,0.0
8686,3.8083849210807435e-06,1,5.710000494866709e-06,1,0,0,0,1.4865476692249984,2,0.0
8687,3.8083849210807435e-06,1,9.516667491444516e-06,1,0,0,0,2.4605221045590673,2,0.0
8688,1.142515476324223e-05,3,1.9033334982889032e-05,4,0,0,0,1.6601369244872928,7,0.0
8689,5.712577381621115e-06,1,3.8066669965778065e-06,1,0,0,0,0.672105804376964,2,0.0
8690,1.142515476324223e-05,3,5.710000494866709e-06,1,0,0,0,0.5041147484975076,4,0.0
8691,3.8083849210807435e-06,1,9.516667491444516e-06,2,0,0,0,2.4605221045590673,2,0.0
8692,0.0,0,9.516667491444516e-06,2,0,0,0,96.16667491444517,2,0.0
8693,5.712577381621115e-06,1,5.710000494866709e-06,1,0,0,0,0.9995566705464337,2,0.0
8694,3.8083849210807435e-06,1,5.710000494866709e-06,1,0,0,0,1.4865476692249984,2,0.0
8695,9.520962302701859e-06,1,3.8066669965778065e-06,1,0,0,0,0.4060578218335493,2,0.0
8696,3.8083849210807435e-06,1,2.0936668481177935e-05,5,0,0,0,5.382445410561274,6,0.0
8697,0.0,0,9.516667491444516e-06,2,0,0,0,96.16667491444517,2,0.0
8698,5.712577381621115e-06,1,7.613333993155613e-06,2,0,0,0,1.3270075367159038,3,0.0
8699,3.8083849210807435e-06,1,9.516667491444516e-06,2,0,0,0,2.4605221045590673,2,0.0
8700,0.0,0,9.516667491444516e-06,2,0,0,0,96.16667491444517,2,0.0
8701,0.0,0,2.2840001979466837e-05,4,0,0,0,229.40001979466837,4,0.0
8702,9.520962302701859e-06,2,9.516667491444516e-06,2,0,0,0,0.9995535985775418,4,0.0
8703,0.0,0,9.516667491444516e-06,2,0,0,0,96.16667491444517,2,0.0
8704,9.520962302701859e-06,2,0.0,0,0,0,0,0.01039397067088777,2,0.0
8705,0.0,0,9.516667491444516e-06,2,0,0,0,96.16667491444517,2,0.0
8706,9.520962302701859e-06,2,0.0,0,0,0,0,0.01039397067088777,2,0.0
8707,3.8083849210807435e-06,1,5.710000494866709e-06,1,0,0,0,1.4865476692249984,2,0.0
8708,0.0,0,9.516667491444516e-06,2,0,0,0,96.16667491444517,2,0.0
8709,3.8083849210807435e-06,1,5.710000494866709e-06,1,0,0,0,1.4865476692249984,2,0.0
8710,0.0,0,1.5226667986311226e-05,3,0,0,0,153.26667986311224,3,0.0
8711,3.0467079368645948e-05,6,5.71000049486671e-05,9,0,0,0,1.8712944164151897,12,0.0
8712,1.3329347223782601e-05,3,1.9033334982889032e-05,4,0,0,0,1.4247405077891646,6,0.0
8713,9.520962302701859e-06,2,0.0,0,0,0,0,0.01039397067088777,2,0.0
8714,5.712577381621115e-06,1,1.3323334488022323e-05,3,0,0,0,2.3093601352243134,4,0.0
8715,3.8083849210807435e-06,1,5.710000494866709e-06,1,1,0,1,1.4865476692249984,2,0.5
8716,3.8083849210807435e-06,1,9.516667491444516e-06,2,0,0,0,2.4605221045590673,3,0.0
8717,0.0,0,9.516667491444516e-06,2,0,0,0,96.16667491444517,2,0.0
8718,0.0,0,1.3323334488022323e-05,3,0,0,0,134.23334488022326,3,0.0
8719,3.8083849210807435e-06,1,5.710000494866709e-06,1,0,0,0,1.4865476692249984,2,0.0
8720,0.0,0,9.516667491444516e-06,2,0,0,0,96.16667491444517,2,0.0
8721,2.6658694447565206e-05,7,2.474333547775574e-05,6,0,0,0,0.9284210605430436,12,0.0
8722,3.237127182918632e-05,7,3.0453335972622452e-05,8,0,0,0,0.9409343783436298,14,0.0
8723,7.616769842161487e-06,2,0.0,0,2,2,0,0.012958790017766002,2,0.0
8724,9.520962302701859e-06,2,0.0,0,0,0,0,0.01039397067088777,2,0.0
8725,1.7137732144863347e-05,4,0.0,0,0,0,0,0.0058012271660572755,4,0.0
8726,3.8083849210807435e-06,1,5.710000494866709e-06,1,0,0,0,1.4865476692249984,2,0.0
8727,5.712577381621115e-06,1,3.8066669965778065e-06,1,0,0,0,0.672105804376964,2,0.0
8728,9.520962302701859e-06,2,0.0,0,0,0,0,0.01039397067088777,2,0.0
8729,0.0,0,1.1420000989733419e-05,2,0,0,0,115.2000098973342,2,0.0
8730,0.0,0,1.9033334982889032e-05,3,0,0,0,191.3333498288903,3,0.0
8731,3.8083849210807435e-06,1,5.710000494866709e-06,1,0,0,0,1.4865476692249984,2,0.0
8732,1.9041924605403718e-05,4,0.0,0,0,0,0,0.005224135088891232,4,0.0
8733,0.0,0,9.516667491444516e-06,2,0,0,0,96.16667491444517,2,0.0
8734,9.520962302701859e-06,2,0.0,0,0,0,0,0.01039397067088777,2,0.0
8735,0.0,0,9.516667491444516e-06,2,0,0,0,96.16667491444517,2,0.0
8736,5.712577381621115e-06,1,7.613333993155613e-06,2,0,0,0,1.3270075367159038,3,0.0
8737,0.0,0,9.516667491444516e-06,2,0,0,0,96.16667491444517,2,0.0
8738,0.0,0,9.516667491444516e-06,2,0,0,0,96.16667491444517,2,0.0
8739,0.0,0,9.516667491444516e-06,2,0,0,0,96.16667491444517,2,0.0
8740,0.0,0,9.516667491444516e-06,2,0,0,0,96.16667491444517,2,0.0
8741,3.8083849210807435e-06,1,9.516667491444516e-06,2,0,0,0,2.4605221045590673,3,0.0
8742,5.712577381621115e-06,1,7.613333993155613e-06,2,0,0,0,1.3270075367159038,3,0.0
8743,3.8083849210807435e-06,1,9.516667491444516e-06,2,0,0,0,2.4605221045590673,3,0.0
8744,3.8083849210807435e-06,1,5.710000494866709e-06,1,0,0,0,1.4865476692249984,2,0.0
8745,5.712577381621115e-06,1,3.8066669965778065e-06,1,0,0,0,0.672105804376964,2,0.0
8746,5.712577381621115e-06,1,3.8066669965778065e-06,1,0,0,0,0.672105804376964,2,0.0
8747,5.712577381621115e-06,1,5.710000494866709e-06,1,0,0,0,0.9995566705464337,2,0.0
8748,9.520962302701859e-06,2,3.8066669965778065e-06,1,0,0,0,0.4060578218335493,3,0.0
8749,7.616769842161487e-06,2,9.516667491444516e-06,2,0,0,0,1.2462037469230602,4,0.0
8750,0.0,0,9.516667491444516e-06,2,0,0,0,96.16667491444517,2,0.0
8751,7.616769842161487e-06,2,9.516667491444516e-06,2,0,0,0,1.2462037469230602,4,0.0
8752,5.712577381621115e-06,1,3.8066669965778065e-06,1,0,0,0,0.672105804376964,2,0.0
8753,1.3329347223782603e-05,3,7.613333993155613e-06,2,0,0,0,0.5743640301068202,4,0.0
8754,1.9041924605403718e-05,5,9.516667491444516e-06,2,0,0,0,0.5023877008025491,7,0.0
8755,0.0,0,1.1420000989733419e-05,2,0,0,0,115.2000098973342,2,0.0
8756,5.712577381621115e-06,1,5.710000494866709e-06,1,0,0,0,0.9995566705464337,2,0.0
8757,3.8083849210807435e-06,1,5.710000494866709e-06,1,0,0,0,1.4865476692249984,2,0.0
8758,5.712577381621115e-06,1,3.8066669965778065e-06,1,0,0,0,0.672105804376964,2,0.0
8759,5.712577381621115e-06,1,3.8066669965778065e-06,1,0,0,0,0.672105804376964,2,0.0
8760,5.712577381621115e-06,1,7.613333993155613e-06,2,0,0,0,1.3270075367159038,2,0.0
8761,0.0,0,1.3323334488022323e-05,2,0,0,0,134.23334488022326,2,0.0
8762,3.8083849210807435e-06,1,9.516667491444516e-06,2,0,0,0,2.4605221045590673,2,0.0
8763,9.520962302701859e-06,2,3.8066669965778065e-06,1,0,0,0,0.4060578218335493,3,0.0
8764,1.7137732144863347e-05,4,3.426000296920026e-05,6,0,0,0,1.9933018265073321,8,0.0
8765,5.712577381621115e-06,1,5.710000494866709e-06,1,0,0,0,0.9995566705464337,2,0.0
8766,9.520962302701859e-06,2,0.0,0,0,0,0,0.01039397067088777,2,0.0
8767,5.712577381621115e-06,1,1.713000148460013e-05,2,0,0,0,2.964261867563253,2,0.0
8768,1.3329347223782601e-05,3,7.613333993155613e-06,2,0,0,0,0.5743640301068202,4,0.0
8769,5.712577381621115e-06,1,7.613333993155613e-06,2,0,0,0,1.3270075367159038,3,0.0
8770,9.520962302701859e-06,2,0.0,0,1,1,0,0.01039397067088777,2,0.0
8771,0.0,0,9.516667491444516e-06,2,0,0,0,96.16667491444517,2,0.0
8772,5.712577381621115e-06,1,3.8066669965778065e-06,1,0,0,0,0.672105804376964,2,0.0
8773,9.520962302701859e-06,2,0.0,0,0,0,0,0.01039397067088777,2,0.0
8774,0.0,0,9.516667491444516e-06,2,0,0,0,96.16667491444517,2,0.0
8775,1.3329347223782603e-05,3,0.0,0,0,0,0,0.007446378318590626,3,0.0
8776,5.712577381621115e-06,1,3.8066669965778065e-06,1,0,0,0,0.672105804376964,2,0.0
8777,1.3329347223782601e-05,3,1.5226667986311226e-05,4,0,0,0,1.1412816818950497,7,0.0
8778,5.712577381621115e-06,1,9.516667491444516e-06,2,0,0,0,1.6544584028853737,2,0.0
8779,9.520962302701859e-06,2,0.0,0,0,0,0,0.01039397067088777,2,0.0
8780,1.5233539684322974e-05,2,0.0,0,0,0,0,0.006521651364181754,2,0.0
8781,9.520962302701859e-06,2,7.613333993155613e-06,2,0,0,0,0.801721672996211,4,0.0
8782,5.712577381621115e-06,1,7.613333993155613e-06,2,0,0,0,1.3270075367159038,3,0.0
8783,0.0,0,1.3323334488022323e-05,3,1,0,1,134.23334488022326,3,0.3333333333333333
8784,5.712577381621115e-06,1,3.8066669965778065e-06,1,0,0,0,0.672105804376964,2,0.0
8785,9.520962302701859e-06,2,0.0,0,0,0,0,0.01039397067088777,2,0.0
8786,0.0,0,9.516667491444516e-06,2,0,0,0,96.16667491444517,2,0.0
8787,9.520962302701859e-06,2,1.1420000989733419e-05,2,0,0,0,1.1973855241588724,2,0.0
8788,5.712577381621115e-06,1,3.8066669965778065e-06,1,0,0,0,0.672105804376964,2,0.0
8789,5.712577381621115e-06,1,1.3323334488022323e-05,2,0,0,0,2.3093601352243134,2,0.0
8790,9.520962302701859e-06,2,7.613333993155613e-06,1,0,0,0,0.801721672996211,2,0.0
8791,5.712577381621115e-06,1,7.613333993155613e-06,2,0,0,0,1.3270075367159038,2,0.0
8792,5.712577381621115e-06,1,3.8066669965778065e-06,1,0,0,0,0.672105804376964,2,0.0
8793,5.712577381621115e-06,1,7.613333993155613e-06,2,0,0,0,1.3270075367159038,3,0.0
8794,2.475450198702483e-05,5,2.0936668481177935e-05,3,0,0,0,0.8463926773572057,6,0.0
8795,9.520962302701859e-06,2,0.0,0,0,0,0,0.01039397067088777,2,0.0
8796,5.712577381621115e-06,1,5.710000494866709e-06,1,0,0,0,0.9995566705464337,2,0.0
8797,9.520962302701859e-06,2,1.5226667986311226e-05,3,0,0,0,1.593049375321534,5,0.0
8798,0.0,0,9.516667491444516e-06,2,0,0,0,96.16667491444517,2,0.0
8799,5.712577381621115e-06,1,3.8066669965778065e-06,1,0,0,0,0.672105804376964,2,0.0
8800,1.9041924605403718e-05,4,0.0,0,0,0,0,0.005224135088891232,4,0.0
8801,9.520962302701859e-06,2,0.0,0,0,0,0,0.01039397067088777,2,0.0
8802,1.142515476324223e-05,2,0.0,0,0,0,0,0.00867667307331396,2,0.0
8803,0.0,0,9.516667491444516e-06,2,0,0,0,96.16667491444517,2,0.0
8804,9.520962302701859e-06,2,0.0,0,0,0,0,0.01039397067088777,2,0.0
8805,5.712577381621115e-06,1,3.8066669965778065e-06,1,0,0,0,0.672105804376964,2,0.0
8806,5.712577381621115e-06,1,1.5226667986311226e-05,4,0,0,0,2.636811001393783,5,0.0
8807,1.142515476324223e-05,2,0.0,0,0,0,0,0.00867667307331396,2,0.0
8808,5.712577381621115e-06,1,3.8066669965778065e-06,1,0,0,0,0.672105804376964,2,0.0
8809,9.520962302701859e-06,2,0.0,0,0,0,0,0.01039397067088777,2,0.0
8810,1.5233539684322974e-05,3,3.8066669965778065e-06,1,0,0,0,0.2547792014763549,4,0.0
8811,0.0,0,9.516667491444516e-06,2,0,0,0,96.16667491444517,2,0.0
8812,5.712577381621115e-06,1,3.8066669965778065e-06,1,0,0,0,0.672105804376964,2,0.0
8813,5.712577381621115e-06,1,3.8066669965778065e-06,1,0,0,0,0.672105804376964,2,0.0
8814,0.0,0,9.516667491444516e-06,2,0,0,0,96.16667491444517,2,0.0
8815,9.520962302701859e-06,2,0.0,0,0,0,0,0.01039397067088777,2,0.0
8816,1.3329347223782603e-05,2,1.142000098973342e-05,1,0,0,0,0.857822856000935,2,0.0
8817,5.712577381621115e-06,1,3.8066669965778065e-06,1,0,0,0,0.672105804376964,2,0.0
8818,5.712577381621115e-06,1,5.710000494866709e-06,1,0,0,0,0.9995566705464337,2,0.0
8819,9.520962302701859e-06,2,0.0,0,0,0,0,0.01039397067088777,2,0.0
8820,9.520962302701859e-06,2,0.0,0,1,1,0,0.01039397067088777,2,0.0
8821,0.0,0,9.516667491444516e-06,2,0,0,0,96.16667491444517,2,0.0
8822,9.520962302701859e-06,2,3.8066669965778065e-06,1,0,0,0,0.4060578218335493,2,0.0
8823,0.0,0,1.713000148460013e-05,4,0,0,0,172.3000148460013,4,0.0
8824,1.142515476324223e-05,2,7.613333993155613e-06,1,0,0,0,0.6692607736389057,2,0.0
8825,1.3329347223782603e-05,3,3.8066669965778065e-06,1,0,0,0,0.2909052042127054,4,0.0
8826,9.520962302701859e-06,2,3.8066669965778065e-06,1,0,0,0,0.4060578218335493,3,0.0
8827,0.0,0,1.3323334488022323e-05,3,0,0,0,134.23334488022326,3,0.0
8828,1.3329347223782603e-05,3,3.8066669965778065e-06,1,0,0,0,0.2909052042127054,4,0.0
8829,1.3329347223782603e-05,3,3.8066669965778065e-06,1,0,0,0,0.2909052042127054,3,0.0
8830,9.520962302701859e-06,2,0.0,0,0,0,0,0.01039397067088777,2,0.0
8831,9.520962302701859e-06,2,0.0,0,0,0,0,0.01039397067088777,2,0.0
8832,5.712577381621115e-06,1,7.613333993155613e-06,2,1,1,0,1.3270075367159038,3,0.0
8833,9.520962302701859e-06,2,1.142000098973342e-05,2,0,0,0,1.1973855241588727,2,0.0
8834,1.142515476324223e-05,2,0.0,0,1,1,0,0.00867667307331396,2,0.0
8835,5.712577381621115e-06,1,3.8066669965778065e-06,1,0,0,0,0.672105804376964,2,0.0
8836,5.712577381621115e-06,1,3.8066669965778065e-06,1,0,0,0,0.672105804376964,2,0.0
8837,5.712577381621115e-06,1,3.8066669965778065e-06,1,1,0,1,0.672105804376964,2,0.5
8838,9.520962302701859e-06,2,0.0,0,0,0,0,0.01039397067088777,2,0.0
8839,5.712577381621115e-06,1,3.8066669965778065e-06,1,0,0,0,0.672105804376964,2,0.0
8840,0.0,0,9.516667491444516e-06,2,0,0,0,96.16667491444517,2,0.0
8841,0.0,0,9.516667491444516e-06,2,0,0,0,96.16667491444517,2,0.0
8842,1.3329347223782601e-05,3,0.0,0,0,0,0,0.007446378318590627,3,0.0
8843,9.520962302701859e-06,2,0.0,0,0,0,0,0.01039397067088777,2,0.0
8844,5.712577381621115e-06,1,3.8066669965778065e-06,1,0,0,0,0.672105804376964,2,0.0
8845,0.0,0,9.516667491444516e-06,2,0,0,0,96.16667491444517,2,0.0
8846,1.142515476324223e-05,2,0.0,0,0,0,0,0.00867667307331396,2,0.0
8847,5.712577381621115e-06,1,5.710000494866709e-06,1,0,0,0,0.9995566705464337,2,0.0
8848,5.712577381621115e-06,1,3.8066669965778065e-06,1,0,0,0,0.672105804376964,2,0.0
8849,0.0,0,1.1420000989733419e-05,2,0,0,0,115.2000098973342,2,0.0
8850,9.520962302701859e-06,2,0.0,0,0,0,0,0.01039397067088777,2,0.0
8851,1.142515476324223e-05,2,0.0,0,0,0,0,0.00867667307331396,2,0.0
8852,9.520962302701859e-06,2,0.0,0,0,0,0,0.01039397067088777,2,0.0
8853,1.142515476324223e-05,2,0.0,0,0,0,0,0.00867667307331396,2,0.0
8854,0.0,0,9.516667491444516e-06,2,0,0,0,96.16667491444517,2,0.0
8855,5.712577381621115e-06,1,3.8066669965778065e-06,1,0,0,0,0.672105804376964,2,0.0
8856,0.0,0,1.1420000989733419e-05,2,0,0,0,115.2000098973342,2,0.0
8857,0.0,0,1.5226667986311226e-05,3,0,0,0,153.26667986311224,3,0.0
8858,5.712577381621115e-06,1,3.8066669965778065e-06,1,0,0,0,0.672105804376964,2,0.0
8859,9.520962302701859e-06,2,0.0,0,0,0,0,0.01039397067088777,2,0.0
8860,9.520962302701859e-06,2,0.0,0,0,0,0,0.01039397067088777,2,0.0
8861,5.712577381621115e-06,1,3.8066669965778065e-06,1,0,0,0,0.672105804376964,2,0.0
8862,9.520962302701859e-06,2,0.0,0,0,0,0,0.01039397067088777,2,0.0
8863,0.0,0,9.516667491444516e-06,2,0,0,0,96.16667491444517,2,0.0
8864,5.712577381621115e-06,1,3.8066669965778065e-06,1,0,0,0,0.672105804376964,2,0.0
8865,2.094611706594409e-05,4,3.8066669965778065e-06,1,0,0,0,0.18562412174830126,5,0.0
8866,9.520962302701859e-06,2,0.0,0,0,0,0,0.01039397067088777,2,0.0
8867,0.0,0,9.516667491444516e-06,2,0,0,0,96.16667491444517,2,0.0
8868,2.4754501987024835e-05,5,1.9033334982889032e-05,5,0,0,0,0.769813653593924,9,0.0
8869,5.712577381621115e-06,1,3.8066669965778065e-06,1,0,0,0,0.672105804376964,2,0.0
8870,5.712577381621115e-06,1,2.6646668976044647e-05,6,0,0,0,4.601516198410602,6,0.0
8871,0.0,0,9.516667491444516e-06,2,0,0,0,96.16667491444517,2,0.0
8872,5.712577381621115e-06,1,1.713000148460013e-05,3,0,0,0,2.964261867563253,3,0.0
8873,0.0,0,9.516667491444516e-06,2,0,0,0,96.16667491444517,2,0.0
8874,9.520962302701859e-06,2,0.0,0,0,0,0,0.01039397067088777,2,0.0
8875,9.520962302701859e-06,2,0.0,0,0,0,0,0.01039397067088777,2,0.0
8876,9.520962302701859e-06,2,0.0,0,0,0,0,0.01039397067088777,2,0.0
8877,0.0,0,9.516667491444516e-06,2,0,0,0,96.16667491444517,2,0.0
8878,0.0,0,1.3323334488022323e-05,3,2,0,2,134.23334488022326,3,0.6666666666666666
8879,5.712577381621115e-06,1,3.8066669965778065e-06,1,0,0,0,0.672105804376964,2,0.0
8880,5.712577381621115e-06,1,5.710000494866709e-06,1,0,0,0,0.9995566705464337,2,0.0
8881,9.520962302701859e-06,2,0.0,0,0,0,0,0.01039397067088777,2,0.0
8882,9.520962302701859e-06,2,0.0,0,0,0,0,0.01039397067088777,2,0.0
8883,0.0,0,9.516667491444516e-06,2,0,0,0,96.16667491444517,2,0.0
8884,0.0,0,9.516667491444516e-06,2,0,0,0,96.16667491444517,2,0.0
8885,0.0,0,1.1420000989733419e-05,2,0,0,0,115.2000098973342,2,0.0
8886,0.0,0,9.516667491444516e-06,2,0,0,0,96.16667491444517,2,0.0
8887,5.712577381621115e-06,1,3.8066669965778065e-06,1,0,0,0,0.672105804376964,2,0.0
8888,0.0,0,9.516667491444516e-06,2,0,0,0,96.16667491444517,2,0.0
8889,0.0,0,9.516667491444516e-06,2,0,0,0,96.16667491444517,2,0.0
8890,1.142515476324223e-05,2,1.3323334488022323e-05,3,0,0,0,1.1646988490630994,5,0.0
8891,1.3329347223782601e-05,2,7.613333993155613e-06,2,0,0,0,0.5743640301068202,4,0.0
8892,0.0,0,9.516667491444516e-06,2,2,0,2,96.16667491444517,2,1.0
8893,1.3329347223782601e-05,3,0.0,0,0,0,0,0.007446378318590627,3,0.0
8894,9.520962302701859e-06,2,0.0,0,0,0,0,0.01039397067088777,2,0.0
8895,0.0,0,1.3323334488022323e-05,2,1,0,1,134.23334488022326,2,0.5
8896,5.712577381621115e-06,1,5.710000494866709e-06,1,0,0,0,0.9995566705464337,2,0.0
8897,0.0,0,1.1420000989733419e-05,2,0,0,0,115.2000098973342,2,0.0
8898,0.0,0,1.1420000989733419e-05,2,0,0,0,115.2000098973342,2,0.0
8899,0.0,0,9.516667491444516e-06,2,0,0,0,96.16667491444517,2,0.0
8900,9.520962302701859e-06,2,0.0,0,0,0,0,0.01039397067088777,2,0.0
8901,0.0,0,9.516667491444516e-06,2,0,0,0,96.16667491444517,2,0.0
8902,1.3329347223782603e-05,3,1.142000098973342e-05,3,0,0,0,0.857822856000935,6,0.0
8903,0.0,0,9.516667491444516e-06,2,0,0,0,96.16667491444517,2,0.0
8904,0.0,0,2.474333547775574e-05,5,0,0,0,248.4333547775574,5,0.0
8905,5.712577381621115e-06,1,5.710000494866709e-06,1,0,0,0,0.9995566705464337,2,0.0
8906,0.0,0,9.516667491444516e-06,2,0,0,0,96.16667491444517,2,0.0
8907,5.712577381621115e-06,1,5.710000494866709e-06,1,0,0,0,0.9995566705464337,2,0.0
8908,1.5233539684322974e-05,3,7.613333993155613e-06,2,0,0,0,0.5030367515885281,4,0.0
8909,9.520962302701859e-06,2,3.8066669965778065e-06,1,0,0,0,0.4060578218335493,3,0.0
8910,5.712577381621115e-06,1,3.8066669965778065e-06,1,0,0,0,0.672105804376964,2,0.0
8911,0.0,0,9.516667491444516e-06,2,0,0,0,96.16667491444517,2,0.0
8912,5.712577381621115e-06,1,5.710000494866709e-06,1,2,1,1,0.9995566705464337,2,0.5
8913,5.712577381621115e-06,1,2.855000247433355e-05,4,0,0,0,4.928967064580072,4,0.0
8914,0.0,0,1.3323334488022323e-05,2,0,0,0,134.23334488022326,2,0.0
8915,5.712577381621115e-06,1,7.613333993155613e-06,2,0,0,0,1.3270075367159038,3,0.0
8916,5.712577381621115e-06,1,9.516667491444516e-06,1,0,0,0,1.6544584028853737,2,0.0
8917,5.712577381621115e-06,1,7.613333993155613e-06,2,0,0,0,1.3270075367159038,3,0.0
8918,5.712577381621115e-06,1,7.613333993155613e-06,2,0,0,0,1.3270075367159038,3,0.0
8919,0.0,0,9.516667491444516e-06,2,0,0,0,96.16667491444517,2,0.0
8920,5.712577381621115e-06,1,1.3323334488022323e-05,3,0,0,0,2.3093601352243134,4,0.0
8921,5.712577381621115e-06,1,3.8066669965778065e-06,1,0,0,0,0.672105804376964,2,0.0
8922,9.520962302701859e-06,2,0.0,0,0,0,0,0.01039397067088777,2,0.0
8923,9.520962302701859e-06,2,0.0,0,0,0,0,0.01039397067088777,2,0.0
8924,5.712577381621115e-06,1,3.8066669965778065e-06,1,0,0,0,0.672105804376964,2,0.0
8925,5.712577381621115e-06,1,7.613333993155613e-06,2,0,0,0,1.3270075367159038,3,0.0
8926,5.712577381621115e-06,1,5.710000494866709e-06,1,0,0,0,0.9995566705464337,2,0.0
8927,0.0,0,9.516667491444516e-06,2,0,0,0,96.16667491444517,2,0.0
8928,9.520962302701859e-06,2,0.0,0,0,0,0,0.01039397067088777,2,0.0
8929,5.712577381621115e-06,1,3.8066669965778065e-06,1,0,0,0,0.672105804376964,2,0.0
8930,0.0,0,9.516667491444516e-06,2,0,0,0,96.16667491444517,2,0.0
8931,9.520962302701859e-06,2,0.0,0,0,0,0,0.01039397067088777,2,0.0
8932,1.3329347223782601e-05,3,3.8066669965778065e-06,1,0,0,0,0.29090520421270544,4,0.0
8933,5.712577381621115e-06,1,3.8066669965778065e-06,1,0,0,0,0.672105804376964,2,0.0
8934,0.0,0,9.516667491444516e-06,2,0,0,0,96.16667491444517,2,0.0
8935,9.520962302701859e-06,2,0.0,0,0,0,0,0.01039397067088777,2,0.0
8936,9.520962302701859e-06,2,0.0,0,0,0,0,0.01039397067088777,2,0.0
8937,5.712577381621115e-06,1,7.613333993155613e-06,2,0,0,0,1.3270075367159038,2,0.0
8938,0.0,0,1.5226667986311226e-05,3,0,0,0,153.26667986311224,3,0.0
8939,5.712577381621115e-06,1,3.8066669965778065e-06,1,0,0,0,0.672105804376964,2,0.0
8940,5.712577381621115e-06,1,3.8066669965778065e-06,1,0,0,0,0.672105804376964,2,0.0
8941,1.7137732144863347e-05,4,1.713000148460013e-05,4,0,0,0,0.9995515268366946,6,0.0
8942,5.712577381621115e-06,1,3.8066669965778065e-06,1,0,0,0,0.672105804376964,2,0.0
8943,0.0,0,9.516667491444516e-06,2,0,0,0,96.16667491444517,2,0.0
8944,0.0,0,1.1420000989733419e-05,2,0,0,0,115.2000098973342,2,0.0
8945,9.520962302701859e-06,2,3.8066669965778065e-06,1,0,0,0,0.4060578218335493,3,0.0
8946,9.520962302701859e-06,2,7.613333993155613e-06,2,0,0,0,0.801721672996211,4,0.0
8947,5.712577381621115e-06,1,5.710000494866709e-06,1,0,0,0,0.9995566705464337,2,0.0
8948,0.0,0,9.516667491444516e-06,2,0,0,0,96.16667491444517,2,0.0
8949,0.0,0,9.516667491444516e-06,2,0,0,0,96.16667491444517,2,0.0
8950,9.520962302701859e-06,2,0.0,0,0,0,0,0.01039397067088777,2,0.0
8951,5.712577381621115e-06,1,7.613333993155613e-06,2,0,0,0,1.3270075367159038,3,0.0
8952,5.712577381621115e-06,1,5.710000494866709e-06,1,0,0,0,0.9995566705464337,2,0.0
8953,1.142515476324223e-05,2,5.710000494866709e-06,1,0,0,0,0.5041147484975076,3,0.0
8954,0.0,0,9.516667491444516e-06,2,0,0,0,96.16667491444517,2,0.0
8955,0.0,0,9.516667491444516e-06,2,0,0,0,96.16667491444517,2,0.0
8956,9.520962302701859e-06,2,0.0,0,1,1,0,0.01039397067088777,2,0.0
8957,0.0,0,1.3323334488022323e-05,3,0,0,0,134.23334488022326,3,0.0
8958,5.712577381621115e-06,1,5.710000494866709e-06,1,0,0,0,0.9995566705464337,2,0.0
8959,5.712577381621115e-06,1,5.710000494866709e-06,1,0,0,0,0.9995566705464337,2,0.0
8960,0.0,0,1.1420000989733419e-05,2,0,0,0,115.2000098973342,2,0.0
8961,1.142515476324223e-05,2,0.0,0,0,0,0,0.00867667307331396,2,0.0
8962,9.520962302701859e-06,2,3.8066669965778065e-06,1,0,0,0,0.4060578218335493,2,0.0
8963,5.712577381621115e-06,1,3.8066669965778065e-06,1,0,0,0,0.672105804376964,2,0.0
8964,0.0,0,9.516667491444516e-06,2,0,0,0,96.16667491444517,2,0.0
8965,5.712577381621115e-06,1,3.8066669965778065e-06,1,0,0,0,0.672105804376964,2,0.0
8966,0.0,0,9.516667491444516e-06,2,0,0,0,96.16667491444517,2,0.0
8967,4.570061905296892e-05,9,1.142000098973342e-05,3,0,0,0,0.2515250061666287,11,0.0
8968,5.712577381621115e-06,1,7.613333993155613e-06,2,0,0,0,1.3270075367159038,2,0.0
8969,9.520962302701859e-06,2,3.8066669965778065e-06,1,0,0,0,0.4060578218335493,3,0.0
8970,9.520962302701859e-06,2,0.0,0,0,0,0,0.01039397067088777,2,0.0
8971,5.712577381621115e-06,1,1.3323334488022323e-05,2,0,0,0,2.3093601352243134,2,0.0
8972,9.520962302701859e-06,2,7.613333993155613e-06,1,0,0,0,0.801721672996211,2,0.0
8973,5.712577381621115e-06,1,1.713000148460013e-05,4,0,0,0,2.964261867563253,5,0.0
8974,9.520962302701859e-06,2,0.0,0,0,0,0,0.01039397067088777,2,0.0
8975,0.0,0,9.516667491444516e-06,2,0,0,0,96.16667491444517,2,0.0
8976,0.0,0,9.516667491444516e-06,2,0,0,0,96.16667491444517,2,0.0
8977,0.0,0,1.3323334488022323e-05,3,0,0,0,134.23334488022326,3,0.0
8978,0.0,0,1.5226667986311226e-05,3,0,0,0,153.26667986311224,3,0.0
8979,0.0,0,1.3323334488022323e-05,3,0,0,0,134.23334488022326,3,0.0
8980,5.712577381621115e-06,1,9.516667491444516e-06,2,0,0,0,1.6544584028853737,3,0.0
8981,0.0,0,1.713000148460013e-05,3,0,0,0,172.3000148460013,3,0.0
8982,5.712577381621115e-06,1,3.8066669965778065e-06,1,0,0,0,0.672105804376964,2,0.0
8983,1.142515476324223e-05,2,5.710000494866709e-06,1,0,0,0,0.5041147484975076,3,0.0
8984,5.712577381621115e-06,1,9.516667491444516e-06,2,0,0,0,1.6544584028853737,3,0.0
8985,9.520962302701859e-06,2,0.0,0,0,0,0,0.01039397067088777,2,0.0
8986,0.0,0,9.516667491444516e-06,2,0,0,0,96.16667491444517,2,0.0
8987,9.520962302701859e-06,2,0.0,0,0,0,0,0.01039397067088777,2,0.0
8988,9.520962302701859e-06,2,0.0,0,0,0,0,0.01039397067088777,2,0.0
8989,9.520962302701859e-06,2,3.8066669965778065e-06,1,0,0,0,0.4060578218335493,3,0.0
8990,1.3329347223782603e-05,3,0.0,0,0,0,0,0.007446378318590626,3,0.0
8991,0.0,0,1.3323334488022323e-05,3,0,0,0,134.23334488022326,3,0.0
8992,2.6658694447565202e-05,6,1.5226667986311226e-05,4,0,0,0,0.5727733846038148,10,0.0
8993,5.712577381621115e-06,1,5.710000494866709e-06,1,0,0,0,0.9995566705464337,2,0.0
8994,5.712577381621115e-06,1,3.8066669965778065e-06,1,0,0,0,0.672105804376964,2,0.0
8995,0.0,0,9.516667491444516e-06,2,0,0,0,96.16667491444517,2,0.0
8996,9.520962302701859e-06,2,3.8066669965778065e-06,1,0,0,0,0.4060578218335493,2,0.0
8997,0.0,0,9.516667491444516e-06,2,0,0,0,96.16667491444517,2,0.0
8998,5.712577381621115e-06,1,1.142000098973342e-05,2,0,0,0,1.9819092690548437,2,0.0
8999,0.0,0,9.516667491444516e-06,2,0,0,0,96.16667491444517,2,0.0
9000,0.0,0,9.516667491444516e-06,2,0,0,0,96.16667491444517,2,0.0
9001,0.0,0,1.5226667986311226e-05,3,0,0,0,153.26667986311224,3,0.0
9002,5.712577381621115e-06,1,3.8066669965778065e-06,1,0,0,0,0.672105804376964,2,0.0
9003,9.520962302701859e-06,2,2.2840001979466837e-05,2,0,0,0,2.384377077646857,3,0.0
9004,1.3329347223782601e-05,3,4.3776670460644776e-05,6,0,0,0,3.267222876100911,7,0.0
9005,5.712577381621115e-06,1,5.710000494866709e-06,1,0,0,0,0.9995566705464337,2,0.0
9006,0.0,0,9.516667491444516e-06,2,0,0,0,96.16667491444517,2,0.0
9007,5.712577381621115e-06,1,3.8066669965778065e-06,1,0,0,0,0.672105804376964,2,0.0
9008,9.520962302701859e-06,2,3.8066669965778065e-06,1,0,0,0,0.4060578218335493,2,0.0
9009,9.520962302701859e-06,2,0.0,0,0,0,0,0.01039397067088777,2,0.0
9010,0.0,0,1.3323334488022323e-05,3,0,0,0,134.23334488022326,3,0.0
9011,9.520962302701859e-06,2,0.0,0,0,0,0,0.01039397067088777,2,0.0
9012,0.0,0,9.516667491444516e-06,2,0,0,0,96.16667491444517,2,0.0
9013,0.0,0,9.516667491444516e-06,2,0,0,0,96.16667491444517,2,0.0
9014,5.712577381621115e-06,1,3.8066669965778065e-06,1,0,0,0,0.672105804376964,2,0.0
9015,5.712577381621115e-06,1,3.8066669965778065e-06,1,0,0,0,0.672105804376964,2,0.0
9016,9.520962302701859e-06,1,7.613333993155613e-06,2,0,0,0,0.801721672996211,3,0.0
9017,0.0,0,9.516667491444516e-06,2,0,0,0,96.16667491444517,2,0.0
9018,9.520962302701859e-06,2,1.142000098973342e-05,3,0,0,0,1.1973855241588727,5,0.0
9019,5.712577381621115e-06,1,3.8066669965778065e-06,1,0,0,0,0.672105804376964,2,0.0
9020,1.7137732144863347e-05,4,3.8066669965778065e-06,1,0,0,0,0.22663462709286558,5,0.0
9021,0.0,0,9.516667491444516e-06,2,0,0,0,96.16667491444517,2,0.0
9022,0.0,0,1.1420000989733419e-05,2,0,0,0,115.2000098973342,2,0.0
9023,0.0,0,1.3323334488022323e-05,2,0,0,0,134.23334488022326,2,0.0
9024,5.712577381621115e-06,1,1.9033334982889032e-05,4,0,0,0,3.2917127337327226,4,0.0
9025,1.142515476324223e-05,2,0.0,0,0,0,0,0.00867667307331396,2,0.0
9026,5.712577381621115e-06,1,5.710000494866709e-06,1,0,0,0,0.9995566705464337,2,0.0
9027,0.0,0,1.3323334488022323e-05,2,0,0,0,134.23334488022326,2,0.0
9028,0.0,0,9.516667491444516e-06,2,0,0,0,96.16667491444517,2,0.0
9029,5.712577381621115e-06,1,5.710000494866709e-06,1,0,0,0,0.9995566705464337,2,0.0
9030,0.0,0,1.1420000989733419e-05,2,1,0,1,115.2000098973342,2,0.5
9031,9.520962302701859e-06,2,2.855000247433355e-05,5,0,0,0,2.9778728543908497,6,0.0
9032,0.0,0,1.1420000989733419e-05,2,0,0,0,115.2000098973342,2,0.0
9033,0.0,0,1.5226667986311226e-05,2,0,0,0,153.26667986311224,2,0.0
9034,0.0,0,9.516667491444516e-06,2,0,0,0,96.16667491444517,2,0.0
9035,0.0,0,9.516667491444516e-06,2,0,0,0,96.16667491444517,2,0.0
9036,0.0,0,9.516667491444516e-06,2,0,0,0,96.16667491444517,2,0.0
9037,0.0,0,9.516667491444516e-06,2,0,0,0,96.16667491444517,2,0.0
9038,9.520962302701859e-06,1,9.516667491444516e-06,2,0,0,0,0.9995535985775418,3,0.0
9039,0.0,0,9.516667491444516e-06,2,0,0,0,96.16667491444517,2,0.0
9040,9.520962302701859e-06,2,0.0,0,0,0,0,0.01039397067088777,2,0.0
9041,1.3329347223782603e-05,3,0.0,0,0,0,0,0.007446378318590626,3,0.0
9042,0.0,0,1.5226667986311226e-05,3,0,0,0,153.26667986311224,3,0.0
9043,0.0,0,9.516667491444516e-06,2,0,0,0,96.16667491444517,2,0.0
9044,3.4275464289726694e-05,7,7.613333993155613e-06,2,0,0,0,0.22438486730376433,8,0.0
9045,9.520962302701859e-06,2,3.8066669965778065e-06,1,0,0,0,0.4060578218335493,3,0.0
9046,9.520962302701859e-06,2,5.710000494866709e-06,1,0,0,0,0.6038897474148801,2,0.0
9047,0.0,0,9.516667491444516e-06,2,0,0,0,96.16667491444517,2,0.0
9048,0.0,0,9.516667491444516e-06,2,0,0,0,96.16667491444517,2,0.0
9049,3.8083849210807435e-06,1,3.8066669965778065e-06,1,0,0,0,0.9995604515579641,2,0.0
9050,7.616769842161487e-06,2,3.8066669965778065e-06,1,0,0,0,0.5062567727798837,3,0.0
9051,7.616769842161487e-06,2,0.0,0,0,0,0,0.012958790017766002,2,0.0
9052,5.712577381621115e-06,1,3.8066669965778065e-06,1,0,0,0,0.672105804376964,2,0.0
9053,5.712577381621115e-06,1,1.1420000989733419e-05,2,2,1,2,1.9819092690548434,2,1.0
9054,5.712577381621115e-06,1,3.8066669965778065e-06,1,1,0,1,0.672105804376964,2,0.5
9055,9.520962302701859e-06,2,0.0,0,0,0,0,0.01039397067088777,2,0.0
9056,9.520962302701859e-06,2,0.0,0,0,0,0,0.01039397067088777,2,0.0
9057,9.520962302701859e-06,1,3.8066669965778065e-06,1,0,0,0,0.4060578218335493,2,0.0
9058,3.237127182918632e-05,6,1.5226667986311226e-05,4,0,0,0,0.47200701182683813,8,0.0
9059,5.712577381621115e-06,1,7.613333993155613e-06,2,0,0,0,1.3270075367159038,3,0.0
9060,5.712577381621115e-06,1,3.8066669965778065e-06,1,0,0,0,0.672105804376964,2,0.0
9061,0.0,0,1.1420000989733419e-05,2,0,0,0,115.2000098973342,2,0.0
9062,0.0,0,1.3323334488022323e-05,2,0,0,0,134.23334488022326,2,0.0
9063,5.712577381621115e-06,1,2.284000197946684e-05,5,1,0,1,3.946614466071663,6,0.16666666666666666
9064,9.520962302701859e-06,2,0.0,0,0,0,0,0.01039397067088777,2,0.0
9065,5.712577381621115e-06,1,3.8066669965778065e-06,1,1,0,1,0.672105804376964,2,0.5
9066,5.712577381621115e-06,1,9.516667491444516e-06,2,0,0,0,1.6544584028853737,2,0.0
9067,0.0,0,9.516667491444516e-06,2,0,0,0,96.16667491444517,2,0.0
9068,9.520962302701859e-06,2,0.0,0,0,0,0,0.01039397067088777,2,0.0
9069,1.142515476324223e-05,2,0.0,0,0,0,0,0.00867667307331396,2,0.0
9070,0.0,0,1.3323334488022323e-05,3,0,0,0,134.23334488022326,3,0.0
9071,5.712577381621115e-06,1,5.710000494866709e-06,1,0,0,0,0.9995566705464337,2,0.0
9072,1.3329347223782601e-05,3,1.142000098973342e-05,3,0,0,0,0.8578228560009351,6,0.0
9073,5.712577381621115e-06,1,5.710000494866709e-06,1,0,0,0,0.9995566705464337,2,0.0
9074,0.0,0,9.516667491444516e-06,2,0,0,0,96.16667491444517,2,0.0
9075,1.142515476324223e-05,2,1.5226667986311226e-05,2,1,0,1,1.329844874204497,3,0.3333333333333333
9076,9.520962302701859e-06,2,0.0,0,0,0,0,0.01039397067088777,2,0.0
9077,5.712577381621115e-06,1,9.516667491444516e-06,2,0,0,0,1.6544584028853737,3,0.0
9078,9.520962302701859e-06,2,0.0,0,0,0,0,0.01039397067088777,2,0.0
9079,5.712577381621115e-06,1,1.5226667986311226e-05,3,0,0,0,2.636811001393783,3,0.0
9080,0.0,0,1.3323334488022323e-05,3,0,0,0,134.23334488022326,3,0.0
9081,5.712577381621115e-06,1,5.710000494866709e-06,1,0,0,0,0.9995566705464337,2,0.0
9082,9.520962302701859e-06,2,0.0,0,0,0,0,0.01039397067088777,2,0.0
9083,9.520962302701859e-06,2,0.0,0,0,0,0,0.01039397067088777,2,0.0
9084,1.3329347223782601e-05,2,1.3323334488022323e-05,3,1,1,1,0.9995522689479925,3,0.3333333333333333
9085,9.520962302701859e-06,2,3.8066669965778065e-06,1,0,0,0,0.4060578218335493,2,0.0
9086,0.0,0,9.516667491444516e-06,2,0,0,0,96.16667491444517,2,0.0
9087,0.0,0,9.516667491444516e-06,2,0,0,0,96.16667491444517,2,0.0
9088,0.0,0,1.1420000989733419e-05,2,0,0,0,115.2000098973342,2,0.0
9089,9.520962302701859e-06,2,0.0,0,0,0,0,0.01039397067088777,2,0.0
9090,9.520962302701859e-06,2,0.0,0,0,0,0,0.01039397067088777,2,0.0
9091,5.712577381621115e-06,1,5.710000494866709e-06,1,0,0,0,0.9995566705464337,2,0.0
9092,1.3329347223782601e-05,3,0.0,0,0,0,0,0.007446378318590627,3,0.0
9093,0.0,0,1.3323334488022323e-05,3,1,0,1,134.23334488022326,3,0.3333333333333333
9094,5.712577381621115e-06,1,7.613333993155613e-06,2,1,0,1,1.3270075367159038,3,0.3333333333333333
9095,0.0,0,9.516667491444516e-06,2,2,0,2,96.16667491444517,2,1.0
9096,1.3329347223782601e-05,3,9.516667491444516e-06,2,1,1,1,0.7160934430538777,4,0.25
9097,5.712577381621115e-06,1,3.8066669965778065e-06,1,1,1,0,0.672105804376964,2,0.0
9098,9.520962302701859e-06,2,0.0,0,0,0,0,0.01039397067088777,2,0.0
9099,1.3329347223782601e-05,3,0.0,0,0,0,0,0.007446378318590627,3,0.0
9100,9.520962302701859e-06,2,0.0,0,0,0,0,0.01039397067088777,2,0.0
9101,9.520962302701859e-06,2,0.0,0,0,0,0,0.01039397067088777,2,0.0
9102,5.712577381621115e-06,1,9.516667491444516e-06,2,0,0,0,1.6544584028853737,2,0.0
9103,5.712577381621115e-06,1,3.8066669965778065e-06,1,0,0,0,0.672105804376964,2,0.0
9104,5.712577381621115e-06,1,3.8066669965778065e-06,1,0,0,0,0.672105804376964,2,0.0
9105,9.520962302701859e-06,2,0.0,0,0,0,0,0.01039397067088777,2,0.0
9106,5.712577381621115e-06,1,3.8066669965778065e-06,1,0,0,0,0.672105804376964,2,0.0
9107,1.142515476324223e-05,2,3.8066669965778065e-06,1,0,0,0,0.3389687233561098,3,0.0
9108,9.520962302701859e-06,2,3.8066669965778065e-06,1,0,0,0,0.4060578218335493,3,0.0
9109,0.0,0,9.516667491444516e-06,2,0,0,0,96.16667491444517,2,0.0
9110,0.0,0,1.1420000989733419e-05,2,0,0,0,115.2000098973342,2,0.0
9111,5.712577381621115e-06,1,3.8066669965778065e-06,1,0,0,0,0.672105804376964,2,0.0
9112,5.712577381621115e-06,1,3.8066669965778065e-06,1,0,0,0,0.672105804376964,2,0.0
9113,1.3329347223782603e-05,2,7.613333993155613e-06,2,0,0,0,0.5743640301068202,2,0.0
9114,0.0,0,1.5226667986311226e-05,2,0,0,0,153.26667986311224,2,0.0
9115,9.520962302701859e-06,2,7.613333993155613e-06,1,0,0,0,0.801721672996211,2,0.0
9116,2.094611706594409e-05,5,1.5226667986311226e-05,4,0,0,0,0.7282420761173173,9,0.0
9117,1.5233539684322974e-05,3,0.0,0,0,0,0,0.006521651364181754,3,0.0
9118,5.712577381621115e-06,1,3.8066669965778065e-06,1,0,0,0,0.672105804376964,2,0.0
9119,5.712577381621115e-06,1,1.142000098973342e-05,2,0,0,0,1.9819092690548437,3,0.0
9120,5.712577381621115e-06,1,3.8066669965778065e-06,1,0,0,0,0.672105804376964,2,0.0
9121,5.712577381621115e-06,1,3.8066669965778065e-06,1,0,0,0,0.672105804376964,2,0.0
9122,5.712577381621115e-06,1,5.710000494866709e-06,1,0,0,0,0.9995566705464337,2,0.0
9123,5.712577381621115e-06,1,3.8066669965778065e-06,1,0,0,0,0.672105804376964,2,0.0
9124,1.5233539684322974e-05,2,3.235666947091135e-05,2,0,0,0,2.1167108273176534,2,0.0
9125,5.712577381621115e-06,1,3.8066669965778065e-06,1,0,0,0,0.672105804376964,2,0.0
9126,5.712577381621115e-06,1,9.516667491444516e-06,2,0,0,0,1.6544584028853737,2,0.0
9127,9.520962302701859e-06,2,7.613333993155613e-06,2,0,0,0,0.801721672996211,3,0.0
9128,5.712577381621115e-06,1,1.5226667986311226e-05,2,0,0,0,2.636811001393783,2,0.0
9129,9.520962302701859e-06,2,0.0,0,0,0,0,0.01039397067088777,2,0.0
9130,9.520962302701859e-06,2,0.0,0,0,0,0,0.01039397067088777,2,0.0
9131,5.712577381621115e-06,1,9.516667491444516e-06,2,0,0,0,1.6544584028853737,2,0.0
9132,0.0,0,1.1420000989733419e-05,2,0,0,0,115.2000098973342,2,0.0
9133,9.520962302701859e-06,2,0.0,0,0,0,0,0.01039397067088777,2,0.0
9134,9.520962302701859e-06,2,0.0,0,0,0,0,0.01039397067088777,2,0.0
9135,9.520962302701859e-06,2,5.710000494866709e-06,1,0,0,0,0.6038897474148801,2,0.0
9136,5.712577381621115e-06,1,3.8066669965778065e-06,1,0,0,0,0.672105804376964,2,0.0
9137,7.616769842161487e-06,2,0.0,0,0,0,0,0.012958790017766002,2,0.0
9138,9.520962302701859e-06,2,1.142000098973342e-05,2,0,0,0,1.1973855241588727,3,0.0
9139,9.520962302701859e-06,2,9.516667491444516e-06,1,0,0,0,0.9995535985775418,2,0.0
9140,9.520962302701859e-06,2,1.142000098973342e-05,3,0,0,0,1.1973855241588727,5,0.0
9141,5.712577381621115e-06,1,3.8066669965778065e-06,1,0,0,0,0.672105804376964,2,0.0
9142,9.520962302701859e-06,2,0.0,0,0,0,0,0.01039397067088777,2,0.0
9143,5.712577381621115e-06,1,1.713000148460013e-05,2,0,0,0,2.964261867563253,2,0.0
9144,1.3329347223782603e-05,3,3.8066669965778065e-06,1,0,0,0,0.2909052042127054,4,0.0
9145,1.3329347223782603e-05,3,1.5226667986311226e-05,1,0,0,0,1.1412816818950495,3,0.0
9146,9.520962302701859e-06,2,3.8066669965778065e-06,1,0,0,0,0.4060578218335493,3,0.0
9147,1.3329347223782601e-05,3,0.0,0,0,0,0,0.007446378318590627,3,0.0
9148,9.520962302701859e-06,2,0.0,0,0,0,0,0.01039397067088777,2,0.0
9149,1.7137732144863347e-05,4,7.613333993155613e-06,2,2,1,1,0.447468027019674,6,0.16666666666666666
9150,5.712577381621115e-06,1,3.8066669965778065e-06,1,0,0,0,0.672105804376964,2,0.0
9151,9.520962302701859e-06,2,0.0,0,0,0,0,0.01039397067088777,2,0.0
9152,5.712577381621115e-06,1,3.8066669965778065e-06,1,0,0,0,0.672105804376964,2,0.0
9153,9.520962302701859e-06,2,0.0,0,0,0,0,0.01039397067088777,2,0.0
9154,9.520962302701859e-06,2,0.0,0,0,0,0,0.01039397067088777,2,0.0
9155,9.520962302701859e-06,2,9.516667491444516e-06,2,0,0,0,0.9995535985775418,2,0.0
9156,1.142515476324223e-05,2,0.0,0,0,0,0,0.00867667307331396,2,0.0
9157,1.3329347223782603e-05,3,0.0,0,0,0,0,0.007446378318590626,3,0.0
9158,9.520962302701859e-06,2,0.0,0,0,0,0,0.01039397067088777,2,0.0
9159,9.520962302701859e-06,2,0.0,0,0,0,0,0.01039397067088777,2,0.0
9160,5.712577381621115e-06,1,3.8066669965778065e-06,1,0,0,0,0.672105804376964,2,0.0
9161,9.520962302701859e-06,2,0.0,0,0,0,0,0.01039397067088777,2,0.0
9162,1.5233539684322974e-05,3,3.8066669965778065e-06,1,0,0,0,0.2547792014763549,4,0.0
9163,9.520962302701859e-06,2,0.0,0,0,0,0,0.01039397067088777,2,0.0
9164,9.520962302701859e-06,2,1.142000098973342e-05,3,0,0,0,1.1973855241588727,4,0.0
9165,1.3329347223782601e-05,3,9.516667491444516e-06,2,0,0,0,0.7160934430538777,4,0.0
9166,9.520962302701859e-06,2,0.0,0,0,0,0,0.01039397067088777,2,0.0
9167,1.142515476324223e-05,2,0.0,0,0,0,0,0.00867667307331396,2,0.0
9168,2.8562886908105577e-05,4,7.613333993155613e-06,2,1,1,0,0.269105272538837,5,0.0
9169,1.142515476324223e-05,2,0.0,0,0,0,0,0.00867667307331396,2,0.0
9170,5.712577381621115e-06,1,7.613333993155613e-06,2,0,0,0,1.3270075367159038,3,0.0
9171,5.712577381621115e-06,1,3.8066669965778065e-06,1,0,0,0,0.672105804376964,2,0.0
9172,9.520962302701859e-06,2,7.613333993155613e-06,2,0,0,0,0.801721672996211,4,0.0
9173,5.712577381621115e-06,1,7.613333993155613e-06,2,1,0,1,1.3270075367159038,3,0.3333333333333333
9174,1.3329347223782601e-05,3,1.713000148460013e-05,3,1,1,1,1.2830110948421072,5,0.2
9175,1.7137732144863343e-05,2,0.0,0,2,2,0,0.005801227166057277,2,0.0
9176,5.712577381621115e-06,1,3.8066669965778065e-06,1,0,0,0,0.672105804376964,2,0.0
9177,5.712577381621115e-06,1,3.8066669965778065e-06,1,0,0,0,0.672105804376964,2,0.0
9178,5.712577381621115e-06,1,3.8066669965778065e-06,1,0,0,0,0.672105804376964,2,0.0
9179,9.520962302701859e-06,2,0.0,0,0,0,0,0.01039397067088777,2,0.0
9180,5.712577381621115e-06,1,3.8066669965778065e-06,1,0,0,0,0.672105804376964,2,0.0
9181,9.520962302701859e-06,2,1.3323334488022323e-05,2,0,0,0,1.3952174497402035,2,0.0
9182,9.520962302701859e-06,2,3.8066669965778065e-06,1,0,0,0,0.4060578218335493,3,0.0
9183,9.520962302701859e-06,2,0.0,0,0,0,0,0.01039397067088777,2,0.0
9184,3.8083849210807435e-06,1,3.8066669965778065e-06,1,0,0,0,0.9995604515579641,2,0.0
9185,5.712577381621115e-06,1,3.8066669965778065e-06,1,0,0,0,0.672105804376964,2,0.0
9186,1.142515476324223e-05,2,0.0,0,0,0,0,0.00867667307331396,2,0.0
9187,9.520962302701859e-06,2,0.0,0,0,0,0,0.01039397067088777,2,0.0
9188,1.142515476324223e-05,2,0.0,0,0,0,0,0.00867667307331396,2,0.0
9189,9.520962302701859e-06,2,3.8066669965778065e-06,1,0,0,0,0.4060578218335493,3,0.0
9190,9.520962302701859e-06,2,1.5226667986311226e-05,3,0,0,0,1.593049375321534,4,0.0
9191,9.520962302701859e-06,2,0.0,0,0,0,0,0.01039397067088777,2,0.0
9192,9.520962302701859e-06,2,0.0,0,0,0,0,0.01039397067088777,2,0.0
9193,5.712577381621115e-06,1,3.8066669965778065e-06,1,0,0,0,0.672105804376964,2,0.0
9194,1.3329347223782601e-05,3,0.0,0,0,0,0,0.007446378318590627,3,0.0
9195,1.142515476324223e-05,2,0.0,0,0,0,0,0.00867667307331396,2,0.0
9196,5.712577381621115e-06,1,3.8066669965778065e-06,1,0,0,0,0.672105804376964,2,0.0
9197,9.520962302701859e-06,2,0.0,0,0,0,0,0.01039397067088777,2,0.0
9198,9.520962302701859e-06,2,0.0,0,0,0,0,0.01039397067088777,2,0.0
9199,9.520962302701859e-06,2,3.8066669965778065e-06,1,0,0,0,0.4060578218335493,2,0.0
9200,5.712577381621115e-06,1,3.8066669965778065e-06,1,0,0,0,0.672105804376964,2,0.0
9201,9.520962302701859e-06,2,0.0,0,0,0,0,0.01039397067088777,2,0.0
9202,9.520962302701859e-06,2,0.0,0,0,0,0,0.01039397067088777,2,0.0
9203,9.520962302701859e-06,2,0.0,0,0,0,0,0.01039397067088777,2,0.0
9204,1.3329347223782601e-05,3,1.142000098973342e-05,3,1,0,1,0.8578228560009351,6,0.16666666666666666
9205,2.8562886908105577e-05,5,1.142000098973342e-05,3,0,0,0,0.40191349275692395,8,0.0
9206,1.3329347223782601e-05,3,0.0,0,0,0,0,0.007446378318590627,3,0.0
9207,9.520962302701859e-06,2,7.613333993155613e-06,2,0,0,0,0.801721672996211,4,0.0
9208,9.520962302701859e-06,2,0.0,0,0,0,0,0.01039397067088777,2,0.0
9209,5.712577381621115e-06,1,3.8066669965778065e-06,1,0,0,0,0.672105804376964,2,0.0
9210,9.520962302701859e-06,2,0.0,0,0,0,0,0.01039397067088777,2,0.0
9211,9.520962302701859e-06,2,0.0,0,0,0,0,0.01039397067088777,2,0.0
9212,1.142515476324223e-05,2,0.0,0,1,1,0,0.00867667307331396,2,0.0
9213,5.712577381621115e-06,1,3.8066669965778065e-06,1,0,0,0,0.672105804376964,2,0.0
9214,9.520962302701859e-06,2,0.0,0,0,0,0,0.01039397067088777,2,0.0
9215,1.3329347223782601e-05,3,3.8066669965778065e-06,1,0,0,0,0.29090520421270544,4,0.0
9216,5.712577381621115e-06,1,3.8066669965778065e-06,1,0,0,0,0.672105804376964,2,0.0
9217,9.520962302701859e-06,2,0.0,0,0,0,0,0.01039397067088777,2,0.0
9218,9.520962302701859e-06,2,3.8066669965778065e-06,1,0,0,0,0.4060578218335493,3,0.0
9219,5.712577381621115e-06,1,3.8066669965778065e-06,1,0,0,0,0.672105804376964,2,0.0
9220,9.520962302701859e-06,2,0.0,0,0,0,0,0.01039397067088777,2,0.0
9221,5.712577381621115e-06,1,3.8066669965778065e-06,1,0,0,0,0.672105804376964,2,0.0
9222,9.520962302701859e-06,2,0.0,0,0,0,0,0.01039397067088777,2,0.0
9223,9.520962302701859e-06,2,0.0,0,0,0,0,0.01039397067088777,2,0.0
9224,9.520962302701859e-06,2,3.8066669965778065e-06,1,0,0,0,0.4060578218335493,3,0.0
9225,9.520962302701859e-06,2,3.8066669965778065e-06,1,0,0,0,0.4060578218335493,3,0.0
9226,5.712577381621115e-06,1,3.8066669965778065e-06,1,0,0,0,0.672105804376964,2,0.0
9227,5.712577381621115e-06,1,3.8066669965778065e-06,1,0,0,0,0.672105804376964,2,0.0
9228,5.712577381621115e-06,1,3.8066669965778065e-06,1,0,0,0,0.672105804376964,2,0.0
9229,1.3329347223782603e-05,3,0.0,0,0,0,0,0.007446378318590626,3,0.0
9230,1.3329347223782601e-05,3,0.0,0,1,1,0,0.007446378318590627,3,0.0
9231,9.520962302701859e-06,2,3.8066669965778065e-06,1,0,0,0,0.4060578218335493,3,0.0
9232,9.520962302701859e-06,2,7.613333993155613e-06,2,1,1,0,0.801721672996211,4,0.0
9233,3.8083849210807435e-06,1,3.8066669965778065e-06,1,0,0,0,0.9995604515579641,2,0.0
9234,9.520962302701859e-06,2,0.0,0,0,0,0,0.01039397067088777,2,0.0
9235,1.142515476324223e-05,2,3.8066669965778065e-06,1,0,0,0,0.3389687233561098,3,0.0
9236,5.712577381621115e-06,1,1.142000098973342e-05,3,0,0,0,1.9819092690548437,4,0.0
9237,5.712577381621115e-06,1,3.8066669965778065e-06,1,0,0,0,0.672105804376964,2,0.0
9238,9.520962302701859e-06,2,3.8066669965778065e-06,1,0,0,0,0.4060578218335493,3,0.0
9239,5.712577381621115e-06,1,3.8066669965778065e-06,1,1,1,0,0.672105804376964,2,0.0
9240,2.285030952648446e-05,4,3.8066669965778065e-06,1,0,0,0,0.17022284566879356,4,0.0
9241,9.520962302701859e-06,2,3.8066669965778065e-06,1,0,0,0,0.4060578218335493,2,0.0
9242,9.520962302701859e-06,2,0.0,0,0,0,0,0.01039397067088777,2,0.0
9243,1.5233539684322974e-05,3,3.8066669965778065e-06,1,0,0,0,0.2547792014763549,4,0.0
9244,9.520962302701859e-06,2,0.0,0,0,0,0,0.01039397067088777,2,0.0
9245,9.520962302701859e-06,2,0.0,0,0,0,0,0.01039397067088777,2,0.0
9246,9.520962302701859e-06,2,5.710000494866709e-06,1,0,0,0,0.6038897474148801,2,0.0
9247,5.712577381621115e-06,1,3.8066669965778065e-06,1,0,0,0,0.672105804376964,2,0.0
9248,9.520962302701859e-06,2,0.0,0,0,0,0,0.01039397067088777,2,0.0
9249,5.712577381621115e-06,1,7.613333993155613e-06,2,0,0,0,1.3270075367159038,2,0.0
9250,5.712577381621115e-06,1,3.8066669965778065e-06,1,0,0,0,0.672105804376964,2,0.0
9251,5.712577381621115e-06,1,3.8066669965778065e-06,1,0,0,0,0.672105804376964,2,0.0
9252,9.520962302701859e-06,2,3.8066669965778065e-06,1,0,0,0,0.4060578218335493,3,0.0
9253,5.712577381621115e-06,1,3.8066669965778065e-06,1,0,0,0,0.672105804376964,2,0.0
9254,1.142515476324223e-05,2,0.0,0,1,1,0,0.00867667307331396,2,0.0
9255,5.712577381621115e-06,1,3.8066669965778065e-06,1,0,0,0,0.672105804376964,2,0.0
9256,9.520962302701859e-06,2,9.516667491444516e-06,2,0,0,0,0.9995535985775418,3,0.0
9257,5.712577381621115e-06,1,3.8066669965778065e-06,1,0,0,0,0.672105804376964,2,0.0
9258,5.712577381621115e-06,1,3.8066669965778065e-06,1,0,0,0,0.672105804376964,2,0.0
9259,1.3329347223782601e-05,3,0.0,0,0,0,0,0.007446378318590627,3,0.0
9260,5.712577381621115e-06,1,3.8066669965778065e-06,1,0,0,0,0.672105804376964,2,0.0
9261,5.712577381621115e-06,1,3.8066669965778065e-06,1,0,0,0,0.672105804376964,2,0.0
9262,5.712577381621115e-06,1,3.8066669965778065e-06,1,0,0,0,0.672105804376964,2,0.0
9263,2.475450198702483e-05,6,0.0,0,4,4,0,0.0040234159611085545,6,0.0
9264,9.520962302701859e-06,2,0.0,0,0,0,0,0.01039397067088777,2,0.0
9265,1.5233539684322974e-05,2,7.613333993155613e-06,2,0,0,0,0.5030367515885281,4,0.0
9266,9.520962302701859e-06,1,7.613333993155613e-06,2,0,0,0,0.801721672996211,2,0.0
9267,3.8083849210807435e-06,1,3.8066669965778065e-06,1,0,0,0,0.9995604515579641,2,0.0
9268,9.520962302701859e-06,2,0.0,0,0,0,0,0.01039397067088777,2,0.0
9269,5.712577381621115e-06,1,7.613333993155613e-06,2,0,0,0,1.3270075367159038,3,0.0
9270,5.712577381621115e-06,1,3.8066669965778065e-06,1,0,0,0,0.672105804376964,2,0.0
9271,1.142515476324223e-05,2,1.5226667986311226e-05,4,0,0,0,1.329844874204497,6,0.0
9272,1.7137732144863347e-05,4,1.142000098973342e-05,2,1,1,0,0.6683014269464823,5,0.0
9273,5.712577381621115e-06,1,3.8066669965778065e-06,1,0,0,0,0.672105804376964,2,0.0
9274,2.094611706594409e-05,4,1.3323334488022323e-05,3,0,0,0,0.6378057503891481,6,0.0
9275,1.142515476324223e-05,2,0.0,0,0,0,0,0.00867667307331396,2,0.0
9276,9.520962302701859e-06,2,0.0,0,0,0,0,0.01039397067088777,2,0.0
9277,5.712577381621115e-06,1,3.8066669965778065e-06,1,0,0,0,0.672105804376964,2,0.0
9278,9.520962302701859e-06,2,0.0,0,0,0,0,0.01039397067088777,2,0.0
9279,5.712577381621115e-06,1,3.8066669965778065e-06,1,0,0,0,0.672105804376964,2,0.0
9280,5.712577381621115e-06,1,3.8066669965778065e-06,1,0,0,0,0.672105804376964,2,0.0
9281,1.142515476324223e-05,2,3.8066669965778065e-06,1,0,0,0,0.3389687233561098,2,0.0
9282,9.520962302701859e-06,2,3.8066669965778065e-06,1,0,0,0,0.4060578218335493,3,0.0
9283,1.142515476324223e-05,2,0.0,0,0,0,0,0.00867667307331396,2,0.0
9284,1.3329347223782603e-05,3,1.142000098973342e-05,3,1,1,0,0.857822856000935,6,0.0
9285,5.712577381621115e-06,1,3.8066669965778065e-06,1,0,0,0,0.672105804376964,2,0.0
9286,9.520962302701859e-06,2,3.8066669965778065e-06,1,0,0,0,0.4060578218335493,3,0.0
9287,9.520962302701859e-06,2,0.0,0,0,0,0,0.01039397067088777,2,0.0
9288,5.712577381621115e-06,1,3.8066669965778065e-06,1,0,0,0,0.672105804376964,2,0.0
9289,5.712577381621115e-06,1,3.8066669965778065e-06,1,0,0,0,0.672105804376964,2,0.0
9290,9.520962302701859e-06,1,3.8066669965778065e-06,1,2,1,1,0.4060578218335493,2,0.5
9291,9.520962302701859e-06,2,0.0,0,0,0,0,0.01039397067088777,2,0.0
9292,9.520962302701859e-06,2,7.613333993155613e-06,1,0,0,0,0.801721672996211,3,0.0
9293,5.712577381621115e-06,1,3.8066669965778065e-06,1,1,1,0,0.672105804376964,2,0.0
9294,9.520962302701859e-06,2,1.142000098973342e-05,3,0,0,0,1.1973855241588727,5,0.0
9295,9.520962302701859e-06,2,7.613333993155613e-06,2,0,0,0,0.801721672996211,4,0.0
9296,9.520962302701859e-06,2,0.0,0,0,0,0,0.01039397067088777,2,0.0
9297,2.094611706594409e-05,5,1.9033334982889032e-05,5,0,0,0,0.909114727573656,9,0.0
9298,5.712577381621115e-06,1,3.8066669965778065e-06,1,0,0,0,0.672105804376964,2,0.0
9299,5.712577381621115e-06,1,3.8066669965778065e-06,1,0,0,0,0.672105804376964,2,0.0
9300,9.520962302701859e-06,2,3.8066669965778065e-06,1,0,0,0,0.4060578218335493,3,0.0
9301,9.520962302701859e-06,2,3.8066669965778065e-06,1,0,0,0,0.4060578218335493,2,0.0
9302,5.712577381621115e-06,1,3.8066669965778065e-06,1,0,0,0,0.672105804376964,2,0.0
9303,9.520962302701859e-06,2,3.8066669965778065e-06,1,0,0,0,0.4060578218335493,3,0.0
9304,3.8083849210807435e-06,1,3.8066669965778065e-06,1,0,0,0,0.9995604515579641,2,0.0
9305,9.520962302701859e-06,2,0.0,0,0,0,0,0.01039397067088777,2,0.0
9306,5.712577381621115e-06,1,3.8066669965778065e-06,1,0,0,0,0.672105804376964,2,0.0
9307,5.712577381621115e-06,1,3.8066669965778065e-06,1,0,0,0,0.672105804376964,2,0.0
9308,5.712577381621115e-06,1,3.8066669965778065e-06,1,0,0,0,0.672105804376964,2,0.0
9309,9.520962302701859e-06,2,0.0,0,0,0,0,0.01039397067088777,2,0.0
9310,5.712577381621115e-06,1,7.613333993155613e-06,2,0,0,0,1.3270075367159038,3,0.0
9311,0.0,0,7.613333993155613e-06,2,0,0,0,77.13333993155614,2,0.0
9312,1.5233539684322974e-05,3,1.142000098973342e-05,3,0,0,0,0.7512943017007013,3,0.0
9313,1.5233539684322974e-05,3,3.8066669965778065e-06,1,0,0,0,0.2547792014763549,4,0.0
9314,5.712577381621115e-06,1,3.8066669965778065e-06,1,0,0,0,0.672105804376964,2,0.0
9315,5.712577381621115e-06,1,3.8066669965778065e-06,1,0,0,0,0.672105804376964,2,0.0
9316,3.8083849210807435e-06,1,3.8066669965778065e-06,1,0,0,0,0.9995604515579641,2,0.0
9317,9.520962302701859e-06,2,0.0,0,0,0,0,0.01039397067088777,2,0.0
9318,1.5233539684322974e-05,3,2.6646668976044643e-05,2,0,0,0,1.7443245021493936,3,0.0
9319,9.520962302701859e-06,2,0.0,0,0,0,0,0.01039397067088777,2,0.0
9320,5.712577381621115e-06,1,3.8066669965778065e-06,1,0,0,0,0.672105804376964,2,0.0
9321,5.712577381621115e-06,1,7.613333993155613e-06,2,0,0,0,1.3270075367159038,3,0.0
9322,5.712577381621115e-06,1,3.8066669965778065e-06,1,0,0,0,0.672105804376964,2,0.0
9323,9.520962302701859e-06,2,0.0,0,0,0,0,0.01039397067088777,2,0.0
9324,5.712577381621115e-06,1,3.8066669965778065e-06,1,0,0,0,0.672105804376964,2,0.0
9325,9.520962302701859e-06,2,9.516667491444516e-06,2,0,0,0,0.9995535985775418,2,0.0
9326,9.520962302701859e-06,2,0.0,0,0,0,0,0.01039397067088777,2,0.0
9327,1.142515476324223e-05,2,0.0,0,0,0,0,0.00867667307331396,2,0.0
9328,5.712577381621115e-06,1,3.8066669965778065e-06,1,0,0,0,0.672105804376964,2,0.0
9329,5.712577381621115e-06,1,3.8066669965778065e-06,1,0,0,0,0.672105804376964,2,0.0
9330,1.142515476324223e-05,2,0.0,0,0,0,0,0.00867667307331396,2,0.0
9331,9.520962302701859e-06,2,0.0,0,0,0,0,0.01039397067088777,2,0.0
9332,9.520962302701859e-06,2,7.613333993155613e-06,2,1,0,1,0.801721672996211,4,0.25
9333,2.094611706594409e-05,5,7.613333993155613e-06,2,0,0,0,0.36649677320463997,7,0.0
9334,9.520962302701859e-06,2,3.8066669965778065e-06,1,0,0,0,0.4060578218335493,3,0.0
9335,9.520962302701859e-06,2,3.8066669965778065e-06,1,0,0,0,0.4060578218335493,3,0.0
9336,5.712577381621115e-06,1,3.8066669965778065e-06,1,0,0,0,0.672105804376964,2,0.0
9337,1.3329347223782601e-05,3,7.613333993155613e-06,2,0,0,0,0.5743640301068202,5,0.0
9338,1.9041924605403718e-05,3,1.5226667986311226e-05,3,0,0,0,0.8006858402307439,4,0.0
9339,3.8083849210807435e-06,1,3.8066669965778065e-06,1,0,0,0,0.9995604515579641,2,0.0
9340,5.712577381621115e-06,1,3.8066669965778065e-06,1,0,0,0,0.672105804376964,2,0.0
9341,5.712577381621115e-06,1,7.613333993155613e-06,2,0,0,0,1.3270075367159038,2,0.0
9342,1.7137732144863347e-05,4,7.613333993155613e-06,2,0,0,0,0.447468027019674,6,0.0
9343,5.712577381621115e-06,1,3.8066669965778065e-06,1,0,0,0,0.672105804376964,2,0.0
9344,5.712577381621115e-06,1,3.8066669965778065e-06,1,0,0,0,0.672105804376964,2,0.0
9345,3.8083849210807435e-06,1,3.8066669965778065e-06,1,0,0,0,0.9995604515579641,2,0.0
9346,1.142515476324223e-05,2,0.0,0,0,0,0,0.00867667307331396,2,0.0
9347,1.142515476324223e-05,1,3.8066669965778065e-06,1,0,0,0,0.3389687233561098,2,0.0
9348,3.8083849210807435e-06,1,3.8066669965778065e-06,1,0,0,0,0.9995604515579641,2,0.0
9349,3.8083849210807435e-06,1,3.8066669965778065e-06,1,0,0,0,0.9995604515579641,2,0.0
9350,5.712577381621115e-06,1,3.8066669965778065e-06,1,0,0,0,0.672105804376964,2,0.0
9351,5.712577381621115e-06,1,3.8066669965778065e-06,1,0,0,0,0.672105804376964,2,0.0
9352,5.712577381621115e-06,1,3.8066669965778065e-06,1,0,0,0,0.672105804376964,2,0.0
9353,5.712577381621115e-06,1,7.613333993155613e-06,2,0,0,0,1.3270075367159038,2,0.0
9354,5.712577381621115e-06,1,3.8066669965778065e-06,1,0,0,0,0.672105804376964,2,0.0
9355,1.142515476324223e-05,2,0.0,0,0,0,0,0.00867667307331396,2,0.0
9356,5.712577381621115e-06,1,3.8066669965778065e-06,1,0,0,0,0.672105804376964,2,0.0
9357,3.8083849210807435e-06,1,3.8066669965778065e-06,1,0,0,0,0.9995604515579641,2,0.0
9358,1.142515476324223e-05,2,3.8066669965778065e-06,1,0,0,0,0.3389687233561098,2,0.0
9359,1.142515476324223e-05,2,0.0,0,0,0,0,0.00867667307331396,2,0.0
9360,5.712577381621115e-06,1,1.142000098973342e-05,3,0,0,0,1.9819092690548437,4,0.0
9361,5.712577381621115e-06,1,7.613333993155613e-06,2,0,0,0,1.3270075367159038,3,0.0
9362,5.712577381621115e-06,1,3.8066669965778065e-06,1,0,0,0,0.672105804376964,2,0.0
9363,5.712577381621115e-06,1,3.8066669965778065e-06,1,0,0,0,0.672105804376964,2,0.0
9364,3.8083849210807435e-06,1,3.8066669965778065e-06,1,0,0,0,0.9995604515579641,2,0.0
9365,3.8083849210807435e-06,1,3.8066669965778065e-06,1,0,0,0,0.9995604515579641,2,0.0
9366,5.712577381621115e-06,1,3.8066669965778065e-06,1,0,0,0,0.672105804376964,2,0.0
9367,5.712577381621115e-06,1,3.8066669965778065e-06,1,0,0,0,0.672105804376964,2,0.0
9368,5.712577381621115e-06,1,7.613333993155613e-06,2,0,0,0,1.3270075367159038,3,0.0
9369,5.712577381621115e-06,1,3.8066669965778065e-06,1,0,0,0,0.672105804376964,2,0.0
9370,5.712577381621115e-06,1,7.613333993155613e-06,2,0,0,0,1.3270075367159038,2,0.0
9371,5.712577381621115e-06,1,3.8066669965778065e-06,1,0,0,0,0.672105804376964,2,0.0
9372,5.712577381621115e-06,1,3.8066669965778065e-06,1,0,0,0,0.672105804376964,2,0.0
9373,5.712577381621115e-06,1,3.8066669965778065e-06,1,0,0,0,0.672105804376964,2,0.0
9374,1.7137732144863347e-05,1,3.8066669965778065e-06,1,0,0,0,0.22663462709286558,2,0.0
9375,5.712577381621115e-06,1,3.8066669965778065e-06,1,0,0,0,0.672105804376964,2,0.0
9376,5.712577381621115e-06,1,3.8066669965778065e-06,1,0,0,0,0.672105804376964,2,0.0
9377,5.712577381621115e-06,1,3.8066669965778065e-06,1,2,1,1,0.672105804376964,2,0.5
9378,5.712577381621115e-06,1,7.613333993155613e-06,2,1,0,1,1.3270075367159038,3,0.3333333333333333
9379,1.142515476324223e-05,2,3.8066669965778065e-06,1,0,0,0,0.3389687233561098,3,0.0
9380,1.142515476324223e-05,2,0.0,0,0,0,0,0.00867667307331396,2,0.0
9381,5.712577381621115e-06,1,7.613333993155613e-06,2,0,0,0,1.3270075367159038,2,0.0
9382,5.712577381621115e-06,1,3.8066669965778065e-06,1,0,0,0,0.672105804376964,2,0.0
9383,5.712577381621115e-06,1,3.8066669965778065e-06,1,0,0,0,0.672105804376964,2,0.0
9384,9.520962302701859e-06,1,3.8066669965778065e-06,1,0,0,0,0.4060578218335493,2,0.0
9385,5.712577381621115e-06,1,3.8066669965778065e-06,1,0,0,0,0.672105804376964,2,0.0
9386,5.712577381621115e-06,1,3.8066669965778065e-06,1,0,0,0,0.672105804376964,2,0.0
9387,5.712577381621115e-06,1,7.613333993155613e-06,2,0,0,0,1.3270075367159038,3,0.0
9388,9.520962302701859e-06,1,1.142000098973342e-05,2,0,0,0,1.1973855241588727,2,0.0
9389,5.712577381621115e-06,1,3.8066669965778065e-06,1,0,0,0,0.672105804376964,2,0.0
9390,5.712577381621115e-06,1,7.613333993155613e-06,2,0,0,0,1.3270075367159038,3,0.0
9391,5.712577381621115e-06,1,3.8066669965778065e-06,1,0,0,0,0.672105804376964,2,0.0
9392,1.142515476324223e-05,2,0.0,0,0,0,0,0.00867667307331396,2,0.0
9393,5.712577381621115e-06,1,3.8066669965778065e-06,1,2,1,1,0.672105804376964,2,0.5
9394,5.712577381621115e-06,1,9.516667491444516e-06,2,0,0,0,1.6544584028853737,2,0.0
9395,5.712577381621115e-06,1,3.8066669965778065e-06,1,0,0,0,0.672105804376964,2,0.0
9396,5.712577381621115e-06,1,3.8066669965778065e-06,1,0,0,0,0.672105804376964,2,0.0
9397,5.712577381621115e-06,1,3.8066669965778065e-06,1,0,0,0,0.672105804376964,2,0.0
9398,5.712577381621115e-06,1,3.8066669965778065e-06,1,0,0,0,0.672105804376964,2,0.0
9399,5.712577381621115e-06,1,3.8066669965778065e-06,1,0,0,0,0.672105804376964,2,0.0
9400,5.712577381621115e-06,1,3.8066669965778065e-06,1,0,0,0,0.672105804376964,2,0.0
9401,5.712577381621115e-06,1,3.8066669965778065e-06,1,0,0,0,0.672105804376964,2,0.0
9402,3.8083849210807435e-06,1,3.8066669965778065e-06,1,0,0,0,0.9995604515579641,2,0.0
9403,1.142515476324223e-05,2,7.613333993155613e-06,2,0,0,0,0.6692607736389057,4,0.0
9404,1.142515476324223e-05,2,1.5226667986311226e-05,2,0,0,0,1.329844874204497,2,0.0
9405,5.712577381621115e-06,1,3.8066669965778065e-06,1,0,0,0,0.672105804376964,2,0.0
9406,5.712577381621115e-06,1,3.8066669965778065e-06,1,0,0,0,0.672105804376964,2,0.0
9407,0.0,0,7.613333993155613e-06,2,0,0,0,77.13333993155614,2,0.0
9408,5.712577381621115e-06,1,3.8066669965778065e-06,1,0,0,0,0.672105804376964,2,0.0
9409,1.5233539684322974e-05,2,1.142000098973342e-05,2,0,0,0,0.7512943017007013,3,0.0
9410,1.7137732144863347e-05,3,0.0,0,0,0,0,0.0058012271660572755,3,0.0
9411,5.712577381621115e-06,1,7.613333993155613e-06,2,0,0,0,1.3270075367159038,3,0.0
9412,5.712577381621115e-06,1,3.8066669965778065e-06,1,0,0,0,0.672105804376964,2,0.0
9413,1.142515476324223e-05,2,0.0,0,0,0,0,0.00867667307331396,2,0.0
9414,0.0,0,7.613333993155613e-06,2,0,0,0,77.13333993155614,2,0.0
9415,5.712577381621115e-06,1,3.8066669965778065e-06,1,0,0,0,0.672105804376964,2,0.0
9416,0.0,0,7.613333993155613e-06,2,0,0,0,77.13333993155614,2,0.0
9417,5.712577381621115e-06,1,7.613333993155613e-06,2,0,0,0,1.3270075367159038,3,0.0
9418,5.712577381621115e-06,1,7.613333993155613e-06,1,0,0,0,1.3270075367159038,2,0.0
9419,5.712577381621115e-06,1,3.8066669965778065e-06,1,0,0,0,0.672105804376964,2,0.0
9420,5.712577381621115e-06,1,1.5226667986311226e-05,3,0,0,0,2.636811001393783,3,0.0
9421,5.712577381621115e-06,1,7.613333993155613e-06,2,2,1,1,1.3270075367159038,3,0.3333333333333333
9422,5.712577381621115e-06,1,3.8066669965778065e-06,1,0,0,0,0.672105804376964,2,0.0
9423,3.8083849210807435e-06,1,1.142000098973342e-05,2,0,0,0,2.9475093222261024,2,0.0
9424,5.712577381621115e-06,1,7.613333993155613e-06,2,0,0,0,1.3270075367159038,3,0.0
9425,3.8083849210807435e-06,1,3.8066669965778065e-06,1,0,0,0,0.9995604515579641,2,0.0
9426,5.712577381621115e-06,1,3.8066669965778065e-06,1,0,0,0,0.672105804376964,2,0.0
9427,5.712577381621115e-06,1,3.8066669965778065e-06,1,0,0,0,0.672105804376964,2,0.0
9428,5.712577381621115e-06,1,3.8066669965778065e-06,1,0,0,0,0.672105804376964,2,0.0
9429,3.8083849210807435e-06,1,3.8066669965778065e-06,1,0,0,0,0.9995604515579641,2,0.0
9430,5.712577381621115e-06,1,7.613333993155613e-06,2,0,0,0,1.3270075367159038,3,0.0
9431,3.8083849210807435e-06,1,3.8066669965778065e-06,1,0,0,0,0.9995604515579641,2,0.0
9432,5.712577381621115e-06,1,1.9033334982889032e-05,4,0,0,0,3.2917127337327226,4,0.0
9433,5.712577381621115e-06,1,3.8066669965778065e-06,1,0,0,0,0.672105804376964,2,0.0
9434,3.8083849210807435e-06,1,3.8066669965778065e-06,1,0,0,0,0.9995604515579641,2,0.0
9435,5.712577381621115e-06,1,7.613333993155613e-06,2,0,0,0,1.3270075367159038,3,0.0
9436,5.712577381621115e-06,1,7.613333993155613e-06,2,0,0,0,1.3270075367159038,3,0.0
9437,5.712577381621115e-06,1,3.8066669965778065e-06,1,0,0,0,0.672105804376964,2,0.0
9438,0.0,0,7.613333993155613e-06,2,0,0,0,77.13333993155614,2,0.0
9439,5.712577381621115e-06,1,3.8066669965778065e-06,1,0,0,0,0.672105804376964,2,0.0
9440,5.712577381621115e-06,1,3.8066669965778065e-06,1,2,1,1,0.672105804376964,2,0.5
9441,5.712577381621115e-06,1,3.8066669965778065e-06,1,0,0,0,0.672105804376964,2,0.0
9442,9.520962302701859e-06,1,3.8066669965778065e-06,1,0,0,0,0.4060578218335493,2,0.0
9443,3.8083849210807435e-06,1,3.8066669965778065e-06,1,0,0,0,0.9995604515579641,2,0.0
9444,1.5233539684322974e-05,2,7.613333993155613e-06,1,0,0,0,0.5030367515885281,2,0.0
9445,1.5233539684322974e-05,2,0.0,0,0,0,0,0.006521651364181754,2,0.0
9446,9.520962302701859e-06,1,7.613333993155613e-06,2,0,0,0,0.801721672996211,2,0.0
9447,5.712577381621115e-06,1,3.8066669965778065e-06,1,0,0,0,0.672105804376964,2,0.0
9448,5.712577381621115e-06,1,3.8066669965778065e-06,1,0,0,0,0.672105804376964,2,0.0
9449,9.520962302701859e-06,1,3.8066669965778065e-06,1,0,0,0,0.4060578218335493,2,0.0
9450,1.142515476324223e-05,2,0.0,0,0,0,0,0.00867667307331396,2,0.0
9451,1.142515476324223e-05,2,0.0,0,0,0,0,0.00867667307331396,2,0.0
9452,5.712577381621115e-06,1,3.8066669965778065e-06,1,0,0,0,0.672105804376964,2,0.0
9453,0.0,0,7.613333993155613e-06,2,0,0,0,77.13333993155614,2,0.0
9454,5.712577381621115e-06,1,3.8066669965778065e-06,1,0,0,0,0.672105804376964,2,0.0
9455,5.712577381621115e-06,1,3.8066669965778065e-06,1,0,0,0,0.672105804376964,2,0.0
9456,5.712577381621115e-06,1,3.8066669965778065e-06,1,0,0,0,0.672105804376964,2,0.0
9457,5.712577381621115e-06,1,9.516667491444516e-06,2,0,0,0,1.6544584028853737,2,0.0
9458,5.712577381621115e-06,1,3.8066669965778065e-06,1,0,0,0,0.672105804376964,2,0.0
9459,5.712577381621115e-06,1,3.8066669965778065e-06,1,0,0,0,0.672105804376964,2,0.0
9460,5.712577381621115e-06,1,1.142000098973342e-05,3,0,0,0,1.9819092690548437,4,0.0
9461,5.712577381621115e-06,1,3.8066669965778065e-06,1,0,0,0,0.672105804376964,2,0.0
9462,5.712577381621115e-06,1,7.613333993155613e-06,2,0,0,0,1.3270075367159038,3,0.0
9463,3.8083849210807435e-06,1,3.8066669965778065e-06,1,0,0,0,0.9995604515579641,2,0.0
9464,5.712577381621115e-06,1,3.8066669965778065e-06,1,0,0,0,0.672105804376964,2,0.0
9465,5.712577381621115e-06,1,3.8066669965778065e-06,1,0,0,0,0.672105804376964,2,0.0
9466,5.712577381621115e-06,1,3.8066669965778065e-06,1,2,1,1,0.672105804376964,2,0.5
9467,5.712577381621115e-06,1,7.613333993155613e-06,2,0,0,0,1.3270075367159038,3,0.0
9468,5.712577381621115e-06,1,3.8066669965778065e-06,1,0,0,0,0.672105804376964,2,0.0
9469,1.7137732144863347e-05,3,7.613333993155613e-06,1,0,0,0,0.447468027019674,3,0.0
9470,3.8083849210807435e-06,1,9.516667491444516e-06,2,0,0,0,2.4605221045590673,2,0.0
9471,5.712577381621115e-06,1,3.8066669965778065e-06,1,0,0,0,0.672105804376964,2,0.0
9472,5.712577381621115e-06,1,3.8066669965778065e-06,1,0,0,0,0.672105804376964,2,0.0
9473,0.0,0,7.613333993155613e-06,2,0,0,0,77.13333993155614,2,0.0
9474,3.8083849210807435e-06,1,3.8066669965778065e-06,1,0,0,0,0.9995604515579641,2,0.0
9475,5.712577381621115e-06,1,3.8066669965778065e-06,1,0,0,0,0.672105804376964,2,0.0
9476,5.712577381621115e-06,1,9.516667491444516e-06,2,0,0,0,1.6544584028853737,2,0.0
9477,7.616769842161487e-06,2,3.8066669965778065e-06,1,0,0,0,0.5062567727798837,3,0.0
9478,5.712577381621115e-06,1,3.8066669965778065e-06,1,0,0,0,0.672105804376964,2,0.0
9479,9.520962302701859e-06,1,3.8066669965778065e-06,1,0,0,0,0.4060578218335493,2,0.0
9480,5.712577381621115e-06,1,3.8066669965778065e-06,1,0,0,0,0.672105804376964,2,0.0
9481,5.712577381621115e-06,1,3.8066669965778065e-06,1,0,0,0,0.672105804376964,2,0.0
9482,5.712577381621115e-06,1,3.8066669965778065e-06,1,0,0,0,0.672105804376964,2,0.0
9483,5.712577381621115e-06,1,3.8066669965778065e-06,1,0,0,0,0.672105804376964,2,0.0
9484,1.142515476324223e-05,2,0.0,0,0,0,0,0.00867667307331396,2,0.0
9485,5.712577381621115e-06,1,3.8066669965778065e-06,1,0,0,0,0.672105804376964,2,0.0
9486,3.8083849210807435e-06,1,3.8066669965778065e-06,1,0,0,0,0.9995604515579641,2,0.0
9487,1.142515476324223e-05,2,3.8066669965778065e-06,1,0,0,0,0.3389687233561098,3,0.0
9488,0.0,0,7.613333993155613e-06,2,0,0,0,77.13333993155614,2,0.0
9489,5.712577381621115e-06,1,3.8066669965778065e-06,1,0,0,0,0.672105804376964,2,0.0
9490,5.712577381621115e-06,1,7.613333993155613e-06,1,0,0,0,1.3270075367159038,2,0.0
9491,5.712577381621115e-06,1,3.8066669965778065e-06,1,1,0,1,0.672105804376964,2,0.5
9492,5.712577381621115e-06,1,7.613333993155613e-06,2,0,0,0,1.3270075367159038,3,0.0
9493,5.712577381621115e-06,1,3.8066669965778065e-06,1,0,0,0,0.672105804376964,2,0.0
9494,1.142515476324223e-05,2,3.8066669965778065e-06,1,0,0,0,0.3389687233561098,3,0.0
9495,5.712577381621115e-06,1,3.8066669965778065e-06,1,0,0,0,0.672105804376964,2,0.0
9496,1.142515476324223e-05,2,5.710000494866709e-06,1,0,0,0,0.5041147484975076,2,0.0
9497,1.142515476324223e-05,2,5.710000494866709e-06,1,0,0,0,0.5041147484975076,2,0.0
9498,1.5233539684322974e-05,2,0.0,0,0,0,0,0.006521651364181754,2,0.0
9499,3.8083849210807435e-06,1,3.8066669965778065e-06,1,0,0,0,0.9995604515579641,2,0.0
9500,5.712577381621115e-06,1,3.8066669965778065e-06,1,0,0,0,0.672105804376964,2,0.0
9501,5.712577381621115e-06,1,3.8066669965778065e-06,1,0,0,0,0.672105804376964,2,0.0
9502,1.142515476324223e-05,2,9.516667491444516e-06,1,0,0,0,0.8344067987803035,2,0.0
9503,3.8083849210807435e-06,1,3.8066669965778065e-06,1,0,0,0,0.9995604515579641,2,0.0
9504,3.8083849210807435e-06,1,3.8066669965778065e-06,1,0,0,0,0.9995604515579641,2,0.0
9505,3.8083849210807435e-06,1,3.8066669965778065e-06,1,0,0,0,0.9995604515579641,2,0.0
9506,3.8083849210807435e-06,1,3.8066669965778065e-06,1,0,0,0,0.9995604515579641,2,0.0
9507,3.8083849210807435e-06,1,7.613333993155613e-06,2,0,0,0,1.9735348868920333,2,0.0
9508,3.8083849210807435e-06,1,3.8066669965778065e-06,1,0,0,0,0.9995604515579641,2,0.0
9509,0.0,0,7.613333993155613e-06,2,0,0,0,77.13333993155614,2,0.0
9510,3.8083849210807435e-06,1,1.142000098973342e-05,3,0,0,0,2.9475093222261024,3,0.0
9511,3.8083849210807435e-06,1,3.8066669965778065e-06,1,0,0,0,0.9995604515579641,2,0.0
9512,3.8083849210807435e-06,1,3.8066669965778065e-06,1,0,0,0,0.9995604515579641,2,0.0
9513,3.8083849210807435e-06,1,3.8066669965778065e-06,1,0,0,0,0.9995604515579641,2,0.0
9514,3.8083849210807435e-06,1,3.8066669965778065e-06,1,0,0,0,0.9995604515579641,2,0.0
9515,3.8083849210807435e-06,1,3.8066669965778065e-06,1,0,0,0,0.9995604515579641,2,0.0
9516,3.8083849210807435e-06,1,3.8066669965778065e-06,1,0,0,0,0.9995604515579641,2,0.0
9517,3.8083849210807435e-06,1,3.8066669965778065e-06,1,0,0,0,0.9995604515579641,2,0.0
9518,7.616769842161487e-06,2,0.0,0,0,0,0,0.012958790017766002,2,0.0
9519,3.8083849210807435e-06,1,3.8066669965778065e-06,1,0,0,0,0.9995604515579641,2,0.0
9520,3.8083849210807435e-06,1,3.8066669965778065e-06,1,0,0,0,0.9995604515579641,2,0.0
9521,0.0,0,7.613333993155613e-06,2,0,0,0,77.13333993155614,2,0.0
9522,3.8083849210807435e-06,1,3.8066669965778065e-06,1,0,0,0,0.9995604515579641,2,0.0
9523,3.8083849210807435e-06,1,3.8066669965778065e-06,1,0,0,0,0.9995604515579641,2,0.0
9524,3.8083849210807435e-06,1,7.613333993155613e-06,2,0,0,0,1.9735348868920333,3,0.0
9525,3.8083849210807435e-06,1,3.8066669965778065e-06,1,0,0,0,0.9995604515579641,2,0.0
9526,7.616769842161487e-06,2,0.0,0,0,0,0,0.012958790017766002,2,0.0
9527,3.8083849210807435e-06,1,3.8066669965778065e-06,1,0,0,0,0.9995604515579641,2,0.0
9528,3.8083849210807435e-06,1,3.8066669965778065e-06,1,0,0,0,0.9995604515579641,2,0.0
9529,3.8083849210807435e-06,1,3.8066669965778065e-06,1,0,0,0,0.9995604515579641,2,0.0
9530,3.8083849210807435e-06,1,3.8066669965778065e-06,1,0,0,0,0.9995604515579641,2,0.0
9531,0.0,0,7.613333993155613e-06,2,0,0,0,77.13333993155614,2,0.0
9532,7.616769842161487e-06,2,0.0,0,0,0,0,0.012958790017766002,2,0.0
9533,0.0,0,7.613333993155613e-06,2,0,0,0,77.13333993155614,2,0.0
9534,7.616769842161487e-06,2,0.0,0,0,0,0,0.012958790017766002,2,0.0
9535,3.8083849210807435e-06,1,3.8066669965778065e-06,1,0,0,0,0.9995604515579641,2,0.0
9536,3.8083849210807435e-06,1,3.8066669965778065e-06,1,0,0,0,0.9995604515579641,2,0.0
9537,7.616769842161487e-06,2,0.0,0,0,0,0,0.012958790017766002,2,0.0
9538,0.0,0,7.613333993155613e-06,2,0,0,0,77.13333993155614,2,0.0
9539,3.8083849210807435e-06,1,3.8066669965778065e-06,1,0,0,0,0.9995604515579641,2,0.0
9540,3.8083849210807435e-06,1,3.8066669965778065e-06,1,0,0,0,0.9995604515579641,2,0.0
9541,3.8083849210807435e-06,1,3.8066669965778065e-06,1,0,0,0,0.9995604515579641,2,0.0
9542,0.0,0,7.613333993155613e-06,2,0,0,0,77.13333993155614,2,0.0
9543,3.8083849210807435e-06,1,7.613333993155613e-06,2,0,0,0,1.9735348868920333,3,0.0
9544,3.8083849210807435e-06,1,3.8066669965778065e-06,1,0,0,0,0.9995604515579641,2,0.0
9545,0.0,0,7.613333993155613e-06,2,0,0,0,77.13333993155614,2,0.0
9546,3.8083849210807435e-06,1,3.8066669965778065e-06,1,0,0,0,0.9995604515579641,2,0.0
9547,3.8083849210807435e-06,1,7.613333993155613e-06,2,0,0,0,1.9735348868920333,2,0.0
9548,0.0,0,7.613333993155613e-06,2,0,0,0,77.13333993155614,2,0.0
9549,3.8083849210807435e-06,1,7.613333993155613e-06,2,0,0,0,1.9735348868920333,3,0.0
9550,3.8083849210807435e-06,1,3.8066669965778065e-06,1,0,0,0,0.9995604515579641,2,0.0
9551,0.0,0,7.613333993155613e-06,2,0,0,0,77.13333993155614,2,0.0
9552,3.8083849210807435e-06,1,3.8066669965778065e-06,1,0,0,0,0.9995604515579641,2,0.0
9553,0.0,0,7.613333993155613e-06,2,0,0,0,77.13333993155614,2,0.0
9554,0.0,0,7.613333993155613e-06,2,0,0,0,77.13333993155614,2,0.0
9555,9.520962302701859e-06,2,7.613333993155613e-06,2,0,0,0,0.801721672996211,4,0.0
9556,0.0,0,7.613333993155613e-06,2,0,0,0,77.13333993155614,2,0.0
9557,3.8083849210807435e-06,1,3.8066669965778065e-06,1,0,0,0,0.9995604515579641,2,0.0
9558,7.616769842161487e-06,2,3.8066669965778065e-06,1,0,0,0,0.5062567727798837,3,0.0
9559,7.616769842161487e-06,2,3.8066669965778065e-06,1,0,0,0,0.5062567727798837,3,0.0
9560,0.0,0,1.142000098973342e-05,3,0,0,0,115.20000989733421,3,0.0
9561,3.8083849210807435e-06,1,3.8066669965778065e-06,1,0,0,0,0.9995604515579641,2,0.0
9562,3.8083849210807435e-06,1,3.8066669965778065e-06,1,0,0,0,0.9995604515579641,2,0.0
9563,3.8083849210807435e-06,1,3.8066669965778065e-06,1,0,0,0,0.9995604515579641,2,0.0
9564,0.0,0,7.613333993155613e-06,2,0,0,0,77.13333993155614,2,0.0
9565,7.616769842161487e-06,2,0.0,0,0,0,0,0.012958790017766002,2,0.0
9566,3.8083849210807435e-06,1,3.8066669965778065e-06,1,0,0,0,0.9995604515579641,2,0.0
9567,7.616769842161487e-06,2,0.0,0,0,0,0,0.012958790017766002,2,0.0
9568,7.616769842161487e-06,2,0.0,0,0,0,0,0.012958790017766002,2,0.0
9569,3.8083849210807435e-06,1,3.8066669965778065e-06,1,0,0,0,0.9995604515579641,2,0.0
9570,0.0,0,7.613333993155613e-06,2,0,0,0,77.13333993155614,2,0.0
9571,0.0,0,1.9033334982889032e-05,5,0,0,0,191.3333498288903,5,0.0
9572,3.8083849210807435e-06,1,3.8066669965778065e-06,1,0,0,0,0.9995604515579641,2,0.0
9573,3.8083849210807435e-06,1,3.8066669965778065e-06,1,0,0,0,0.9995604515579641,2,0.0
9574,3.8083849210807435e-06,1,3.8066669965778065e-06,1,0,0,0,0.9995604515579641,2,0.0
9575,3.8083849210807435e-06,1,3.8066669965778065e-06,1,0,0,0,0.9995604515579641,2,0.0
9576,3.8083849210807435e-06,1,3.8066669965778065e-06,1,0,0,0,0.9995604515579641,2,0.0
9577,9.520962302701859e-06,2,5.710000494866709e-06,1,0,0,0,0.6038897474148801,2,0.0
9578,7.616769842161487e-06,2,5.710000494866709e-06,1,0,0,0,0.7529057641609425,2,0.0
9579,3.8083849210807435e-06,1,3.8066669965778065e-06,1,0,0,0,0.9995604515579641,2,0.0
9580,7.616769842161487e-06,2,0.0,0,0,0,0,0.012958790017766002,2,0.0
9581,0.0,0,7.613333993155613e-06,2,0,0,0,77.13333993155614,2,0.0
9582,3.8083849210807435e-06,1,3.8066669965778065e-06,1,0,0,0,0.9995604515579641,2,0.0
9583,0.0,0,7.613333993155613e-06,2,0,0,0,77.13333993155614,2,0.0
9584,0.0,0,7.613333993155613e-06,2,0,0,0,77.13333993155614,2,0.0
9585,3.8083849210807435e-06,1,3.8066669965778065e-06,1,0,0,0,0.9995604515579641,2,0.0
9586,7.616769842161487e-06,2,5.710000494866709e-06,1,0,0,0,0.7529057641609425,2,0.0
9587,3.8083849210807435e-06,1,3.8066669965778065e-06,1,0,0,0,0.9995604515579641,2,0.0
9588,3.8083849210807435e-06,1,3.8066669965778065e-06,1,0,0,0,0.9995604515579641,2,0.0
9589,3.8083849210807435e-06,1,3.8066669965778065e-06,1,0,0,0,0.9995604515579641,2,0.0
9590,0.0,0,1.142000098973342e-05,3,0,0,0,115.20000989733421,3,0.0
9591,3.8083849210807435e-06,1,3.8066669965778065e-06,1,0,0,0,0.9995604515579641,2,0.0
9592,0.0,0,7.613333993155613e-06,2,0,0,0,77.13333993155614,2,0.0
9593,0.0,0,7.613333993155613e-06,2,0,0,0,77.13333993155614,2,0.0
9594,3.8083849210807435e-06,1,3.8066669965778065e-06,1,0,0,0,0.9995604515579641,2,0.0
9595,0.0,0,7.613333993155613e-06,2,0,0,0,77.13333993155614,2,0.0
9596,0.0,0,7.613333993155613e-06,2,0,0,0,77.13333993155614,2,0.0
9597,3.8083849210807435e-06,1,3.8066669965778065e-06,1,0,0,0,0.9995604515579641,2,0.0
9598,3.8083849210807435e-06,1,3.8066669965778065e-06,1,0,0,0,0.9995604515579641,2,0.0
9599,3.8083849210807435e-06,1,3.8066669965778065e-06,1,0,0,0,0.9995604515579641,2,0.0
9600,3.8083849210807435e-06,1,3.8066669965778065e-06,1,0,0,0,0.9995604515579641,2,0.0
9601,0.0,0,7.613333993155613e-06,2,0,0,0,77.13333993155614,2,0.0
9602,0.0,0,7.613333993155613e-06,2,0,0,0,77.13333993155614,2,0.0
9603,3.8083849210807435e-06,1,3.8066669965778065e-06,1,0,0,0,0.9995604515579641,2,0.0
9604,0.0,0,7.613333993155613e-06,2,0,0,0,77.13333993155614,2,0.0
9605,0.0,0,7.613333993155613e-06,2,0,0,0,77.13333993155614,2,0.0
9606,0.0,0,7.613333993155613e-06,2,0,0,0,77.13333993155614,2,0.0
9607,3.8083849210807435e-06,1,3.8066669965778065e-06,1,0,0,0,0.9995604515579641,2,0.0
9608,0.0,0,7.613333993155613e-06,2,0,0,0,77.13333993155614,2,0.0
9609,3.8083849210807435e-06,1,3.8066669965778065e-06,1,0,0,0,0.9995604515579641,2,0.0
9610,3.8083849210807435e-06,1,3.8066669965778065e-06,1,0,0,0,0.9995604515579641,2,0.0
9611,3.8083849210807435e-06,1,1.142000098973342e-05,3,0,0,0,2.9475093222261024,4,0.0
9612,0.0,0,7.613333993155613e-06,2,0,0,0,77.13333993155614,2,0.0
9613,3.8083849210807435e-06,1,3.8066669965778065e-06,1,0,0,0,0.9995604515579641,2,0.0
9614,3.8083849210807435e-06,1,3.8066669965778065e-06,1,0,0,0,0.9995604515579641,2,0.0
9615,3.8083849210807435e-06,1,7.613333993155613e-06,2,0,0,0,1.9735348868920333,3,0.0
9616,7.616769842161487e-06,2,0.0,0,0,0,0,0.012958790017766002,2,0.0
9617,0.0,0,7.613333993155613e-06,2,0,0,0,77.13333993155614,2,0.0
9618,3.8083849210807435e-06,1,3.8066669965778065e-06,1,0,0,0,0.9995604515579641,2,0.0
9619,0.0,0,7.613333993155613e-06,2,0,0,0,77.13333993155614,2,0.0
9620,3.8083849210807435e-06,1,3.8066669965778065e-06,1,0,0,0,0.9995604515579641,2,0.0
9621,3.8083849210807435e-06,1,3.8066669965778065e-06,1,0,0,0,0.9995604515579641,2,0.0
9622,0.0,0,7.613333993155613e-06,2,0,0,0,77.13333993155614,2,0.0
9623,3.8083849210807435e-06,1,3.8066669965778065e-06,1,0,0,0,0.9995604515579641,2,0.0
9624,3.8083849210807435e-06,1,3.8066669965778065e-06,1,0,0,0,0.9995604515579641,2,0.0
9625,0.0,0,7.613333993155613e-06,2,0,0,0,77.13333993155614,2,0.0
9626,3.8083849210807435e-06,1,3.8066669965778065e-06,1,0,0,0,0.9995604515579641,2,0.0
9627,3.8083849210807435e-06,1,3.8066669965778065e-06,1,0,0,0,0.9995604515579641,2,0.0
9628,0.0,0,1.142000098973342e-05,3,0,0,0,115.20000989733421,3,0.0
9629,3.8083849210807435e-06,1,3.8066669965778065e-06,1,1,1,0,0.9995604515579641,2,0.0
9630,3.8083849210807435e-06,1,3.8066669965778065e-06,1,0,0,0,0.9995604515579641,2,0.0
9631,3.8083849210807435e-06,1,3.8066669965778065e-06,1,0,0,0,0.9995604515579641,2,0.0
9632,3.8083849210807435e-06,1,3.8066669965778065e-06,1,0,0,0,0.9995604515579641,2,0.0
9633,7.616769842161487e-06,2,0.0,0,0,0,0,0.012958790017766002,2,0.0
9634,3.8083849210807435e-06,1,3.8066669965778065e-06,1,0,0,0,0.9995604515579641,2,0.0
9635,3.8083849210807435e-06,1,7.613333993155613e-06,2,0,0,0,1.9735348868920333,2,0.0
9636,3.8083849210807435e-06,1,3.8066669965778065e-06,1,0,0,0,0.9995604515579641,2,0.0
9637,7.616769842161487e-06,2,3.8066669965778065e-06,1,0,0,0,0.5062567727798837,3,0.0
9638,1.142515476324223e-05,3,3.8066669965778065e-06,1,0,0,0,0.3389687233561098,3,0.0
9639,0.0,0,7.613333993155613e-06,2,0,0,0,77.13333993155614,2,0.0
9640,3.8083849210807435e-06,1,3.8066669965778065e-06,1,0,0,0,0.9995604515579641,2,0.0
9641,3.8083849210807435e-06,1,3.8066669965778065e-06,1,0,0,0,0.9995604515579641,2,0.0
9642,0.0,0,7.613333993155613e-06,2,0,0,0,77.13333993155614,2,0.0
9643,3.8083849210807435e-06,1,3.8066669965778065e-06,1,0,0,0,0.9995604515579641,2,0.0
9644,7.616769842161487e-06,2,0.0,0,0,0,0,0.012958790017766002,2,0.0
9645,7.616769842161487e-06,2,1.5226667986311226e-05,4,0,0,0,1.9861507210662366,6,0.0
9646,3.8083849210807435e-06,1,3.8066669965778065e-06,1,0,0,0,0.9995604515579641,2,0.0
9647,0.0,0,1.5226667986311226e-05,4,0,0,0,153.26667986311224,4,0.0
9648,1.5233539684322974e-05,4,0.0,0,0,0,0,0.006521651364181754,4,0.0
9649,7.616769842161487e-06,2,3.8066669965778065e-06,1,0,0,0,0.5062567727798837,3,0.0
9650,0.0,0,7.613333993155613e-06,2,0,0,0,77.13333993155614,2,0.0
9651,3.8083849210807435e-06,1,3.8066669965778065e-06,1,0,0,0,0.9995604515579641,2,0.0
9652,3.8083849210807435e-06,1,3.8066669965778065e-06,1,0,0,0,0.9995604515579641,2,0.0
9653,3.8083849210807435e-06,1,3.8066669965778065e-06,1,0,0,0,0.9995604515579641,2,0.0
9654,3.8083849210807435e-06,1,3.8066669965778065e-06,1,0,0,0,0.9995604515579641,2,0.0
9655,1.142515476324223e-05,3,1.142000098973342e-05,3,0,0,0,0.9995528239217015,6,0.0
9656,3.8083849210807435e-06,1,3.8066669965778065e-06,1,0,0,0,0.9995604515579641,2,0.0
9657,3.8083849210807435e-06,1,3.8066669965778065e-06,1,0,0,0,0.9995604515579641,2,0.0
9658,3.8083849210807435e-06,1,3.8066669965778065e-06,1,0,0,0,0.9995604515579641,2,0.0
9659,0.0,0,7.613333993155613e-06,2,0,0,0,77.13333993155614,2,0.0
9660,7.616769842161487e-06,2,3.8066669965778065e-06,1,0,0,0,0.5062567727798837,3,0.0
9661,0.0,0,1.142000098973342e-05,3,0,0,0,115.20000989733421,3,0.0
9662,3.8083849210807435e-06,1,3.8066669965778065e-06,1,0,0,0,0.9995604515579641,2,0.0
9663,3.8083849210807435e-06,1,3.8066669965778065e-06,1,0,0,0,0.9995604515579641,2,0.0
9664,0.0,0,1.142000098973342e-05,3,0,0,0,115.20000989733421,3,0.0
9665,7.616769842161487e-06,2,3.8066669965778065e-06,1,0,0,0,0.5062567727798837,3,0.0
9666,3.8083849210807435e-06,1,3.8066669965778065e-06,1,0,0,0,0.9995604515579641,2,0.0
9667,3.8083849210807435e-06,1,3.8066669965778065e-06,1,0,0,0,0.9995604515579641,2,0.0
9668,3.8083849210807435e-06,1,3.8066669965778065e-06,1,0,0,0,0.9995604515579641,2,0.0
9669,3.8083849210807435e-06,1,1.142000098973342e-05,2,0,0,0,2.9475093222261024,3,0.0
9670,3.8083849210807435e-06,1,3.8066669965778065e-06,1,0,0,0,0.9995604515579641,2,0.0
9671,3.8083849210807435e-06,1,3.8066669965778065e-06,1,0,0,0,0.9995604515579641,2,0.0
9672,3.8083849210807435e-06,1,7.613333993155613e-06,2,0,0,0,1.9735348868920333,3,0.0
9673,3.8083849210807435e-06,1,3.8066669965778065e-06,1,0,0,0,0.9995604515579641,2,0.0
9674,0.0,0,7.613333993155613e-06,2,0,0,0,77.13333993155614,2,0.0
9675,0.0,0,7.613333993155613e-06,2,0,0,0,77.13333993155614,2,0.0
9676,0.0,0,7.613333993155613e-06,2,0,0,0,77.13333993155614,2,0.0
9677,3.8083849210807435e-06,1,7.613333993155613e-06,2,0,0,0,1.9735348868920333,3,0.0
9678,0.0,0,7.613333993155613e-06,2,0,0,0,77.13333993155614,2,0.0
9679,3.8083849210807435e-06,1,3.8066669965778065e-06,1,0,0,0,0.9995604515579641,2,0.0
9680,7.616769842161487e-06,2,0.0,0,0,0,0,0.012958790017766002,2,0.0
9681,3.8083849210807435e-06,1,3.8066669965778065e-06,1,0,0,0,0.9995604515579641,2,0.0
9682,7.616769842161487e-06,2,3.8066669965778065e-06,1,0,0,0,0.5062567727798837,3,0.0
9683,7.616769842161487e-06,1,3.8066669965778065e-06,1,0,0,0,0.5062567727798837,2,0.0
9684,3.8083849210807435e-06,1,3.8066669965778065e-06,1,0,0,0,0.9995604515579641,2,0.0
9685,7.616769842161487e-06,2,0.0,0,0,0,0,0.012958790017766002,2,0.0
9686,3.8083849210807435e-06,1,3.8066669965778065e-06,1,0,0,0,0.9995604515579641,2,0.0
9687,3.8083849210807435e-06,1,3.8066669965778065e-06,1,0,0,0,0.9995604515579641,2,0.0
9688,0.0,0,7.613333993155613e-06,2,0,0,0,77.13333993155614,2,0.0
9689,0.0,0,7.613333993155613e-06,2,0,0,0,77.13333993155614,2,0.0
9690,3.8083849210807435e-06,1,3.8066669965778065e-06,1,0,0,0,0.9995604515579641,2,0.0
9691,7.616769842161487e-06,2,5.710000494866709e-06,1,0,0,0,0.7529057641609425,2,0.0
9692,3.8083849210807435e-06,1,3.8066669965778065e-06,1,0,0,0,0.9995604515579641,2,0.0
9693,7.616769842161487e-06,2,0.0,0,0,0,0,0.012958790017766002,2,0.0
9694,7.616769842161487e-06,2,0.0,0,0,0,0,0.012958790017766002,2,0.0
9695,3.8083849210807435e-06,1,1.142000098973342e-05,3,0,0,0,2.9475093222261024,4,0.0
9696,0.0,0,1.142000098973342e-05,3,0,0,0,115.20000989733421,3,0.0
9697,3.8083849210807435e-06,1,3.8066669965778065e-06,1,0,0,0,0.9995604515579641,2,0.0
9698,3.8083849210807435e-06,1,3.8066669965778065e-06,1,0,0,0,0.9995604515579641,2,0.0
9699,7.616769842161487e-06,2,3.8066669965778065e-06,1,0,0,0,0.5062567727798837,3,0.0
9700,3.8083849210807435e-06,1,3.8066669965778065e-06,1,0,0,0,0.9995604515579641,2,0.0
9701,3.8083849210807435e-06,1,3.8066669965778065e-06,1,0,0,0,0.9995604515579641,2,0.0
9702,3.8083849210807435e-06,1,3.8066669965778065e-06,1,0,0,0,0.9995604515579641,2,0.0
9703,7.616769842161487e-06,2,0.0,0,0,0,0,0.012958790017766002,2,0.0
9704,0.0,0,7.613333993155613e-06,2,0,0,0,77.13333993155614,2,0.0
9705,3.8083849210807435e-06,1,3.8066669965778065e-06,1,0,0,0,0.9995604515579641,2,0.0
9706,0.0,0,7.613333993155613e-06,2,0,0,0,77.13333993155614,2,0.0
9707,7.616769842161487e-06,2,0.0,0,0,0,0,0.012958790017766002,2,0.0
9708,7.616769842161487e-06,2,0.0,0,0,0,0,0.012958790017766002,2,0.0
9709,0.0,0,7.613333993155613e-06,2,0,0,0,77.13333993155614,2,0.0
9710,0.0,0,7.613333993155613e-06,2,0,0,0,77.13333993155614,2,0.0
9711,0.0,0,7.613333993155613e-06,2,0,0,0,77.13333993155614,2,0.0
9712,7.616769842161487e-06,2,0.0,0,0,0,0,0.012958790017766002,2,0.0
9713,0.0,0,7.613333993155613e-06,2,0,0,0,77.13333993155614,2,0.0
9714,7.616769842161487e-06,2,0.0,0,0,0,0,0.012958790017766002,2,0.0
9715,7.616769842161487e-06,2,0.0,0,0,0,0,0.012958790017766002,2,0.0
9716,0.0,0,1.142000098973342e-05,3,0,0,0,115.20000989733421,3,0.0
9717,0.0,0,7.613333993155613e-06,2,0,0,0,77.13333993155614,2,0.0
9718,0.0,0,7.613333993155613e-06,2,0,0,0,77.13333993155614,2,0.0
9719,7.616769842161487e-06,2,0.0,0,0,0,0,0.012958790017766002,2,0.0
9720,0.0,0,7.613333993155613e-06,2,0,0,0,77.13333993155614,2,0.0
9721,7.616769842161487e-06,2,0.0,0,0,0,0,0.012958790017766002,2,0.0
9722,0.0,0,7.613333993155613e-06,2,0,0,0,77.13333993155614,2,0.0
9723,7.616769842161487e-06,2,3.8066669965778065e-06,1,0,0,0,0.5062567727798837,2,0.0
9724,0.0,0,7.613333993155613e-06,2,0,0,0,77.13333993155614,2,0.0
9725,7.616769842161487e-06,2,0.0,0,0,0,0,0.012958790017766002,2,0.0
9726,0.0,0,7.613333993155613e-06,2,0,0,0,77.13333993155614,2,0.0
9727,7.616769842161487e-06,2,0.0,0,0,0,0,0.012958790017766002,2,0.0
9728,7.616769842161487e-06,2,0.0,0,0,0,0,0.012958790017766002,2,0.0
9729,7.616769842161487e-06,2,0.0,0,0,0,0,0.012958790017766002,2,0.0
9730,0.0,0,7.613333993155613e-06,2,0,0,0,77.13333993155614,2,0.0
9731,7.616769842161487e-06,2,0.0,0,0,0,0,0.012958790017766002,2,0.0
9732,7.616769842161487e-06,2,5.710000494866709e-06,1,0,0,0,0.7529057641609425,2,0.0
9733,7.616769842161487e-06,2,0.0,0,0,0,0,0.012958790017766002,2,0.0
9734,7.616769842161487e-06,2,0.0,0,0,0,0,0.012958790017766002,2,0.0
9735,7.616769842161487e-06,2,7.613333993155613e-06,1,0,0,0,0.9995547555420015,2,0.0
9736,1.142515476324223e-05,3,0.0,0,0,0,0,0.00867667307331396,3,0.0
9737,7.616769842161487e-06,2,0.0,0,0,0,0,0.012958790017766002,2,0.0
9738,7.616769842161487e-06,2,0.0,0,0,0,0,0.012958790017766002,2,0.0
9739,1.142515476324223e-05,3,0.0,0,0,0,0,0.00867667307331396,3,0.0
9740,7.616769842161487e-06,2,0.0,0,0,0,0,0.012958790017766002,2,0.0
9741,7.616769842161487e-06,2,0.0,0,0,0,0,0.012958790017766002,2,0.0
9742,7.616769842161487e-06,2,0.0,0,0,0,0,0.012958790017766002,2,0.0
9743,7.616769842161487e-06,2,0.0,0,0,0,0,0.012958790017766002,2,0.0
9744,7.616769842161487e-06,2,0.0,0,0,0,0,0.012958790017766002,2,0.0
9745,1.142515476324223e-05,3,0.0,0,0,0,0,0.00867667307331396,3,0.0
9746,7.616769842161487e-06,2,0.0,0,0,0,0,0.012958790017766002,2,0.0
9747,0.0,0,7.613333993155613e-06,2,0,0,0,77.13333993155614,2,0.0
9748,0.0,0,1.142000098973342e-05,3,0,0,0,115.20000989733421,3,0.0
9749,7.616769842161487e-06,2,0.0,0,0,0,0,0.012958790017766002,2,0.0
9750,0.0,0,7.613333993155613e-06,2,0,0,0,77.13333993155614,2,0.0
9751,7.616769842161487e-06,2,0.0,0,0,0,0,0.012958790017766002,2,0.0
9752,0.0,0,7.613333993155613e-06,2,0,0,0,77.13333993155614,2,0.0
9753,0.0,0,7.613333993155613e-06,2,0,0,0,77.13333993155614,2,0.0
9754,0.0,0,7.613333993155613e-06,2,0,0,0,77.13333993155614,2,0.0
9755,7.616769842161487e-06,2,0.0,0,0,0,0,0.012958790017766002,2,0.0
9756,0.0,0,7.613333993155613e-06,2,0,0,0,77.13333993155614,2,0.0
9757,0.0,0,7.613333993155613e-06,2,0,0,0,77.13333993155614,2,0.0
9758,0.0,0,7.613333993155613e-06,2,0,0,0,77.13333993155614,2,0.0
9759,7.616769842161487e-06,2,0.0,0,0,0,0,0.012958790017766002,2,0.0
9760,7.616769842161487e-06,2,0.0,0,0,0,0,0.012958790017766002,2,0.0
9761,1.142515476324223e-05,3,0.0,0,0,0,0,0.00867667307331396,3,0.0
9762,7.616769842161487e-06,2,0.0,0,0,0,0,0.012958790017766002,2,0.0
9763,0.0,0,7.613333993155613e-06,2,0,0,0,77.13333993155614,2,0.0
9764,7.616769842161487e-06,2,0.0,0,0,0,0,0.012958790017766002,2,0.0
9765,1.142515476324223e-05,3,7.613333993155613e-06,1,0,0,0,0.6692607736389057,3,0.0
9766,0.0,0,7.613333993155613e-06,2,0,0,0,77.13333993155614,2,0.0
9767,7.616769842161487e-06,2,0.0,0,0,0,0,0.012958790017766002,2,0.0
9768,0.0,0,7.613333993155613e-06,2,0,0,0,77.13333993155614,2,0.0
9769,0.0,0,1.142000098973342e-05,3,0,0,0,115.20000989733421,3,0.0
9770,0.0,0,7.613333993155613e-06,2,0,0,0,77.13333993155614,2,0.0
9771,0.0,0,7.613333993155613e-06,2,0,0,0,77.13333993155614,2,0.0
9772,7.616769842161487e-06,2,0.0,0,0,0,0,0.012958790017766002,2,0.0
9773,0.0,0,1.142000098973342e-05,3,0,0,0,115.20000989733421,3,0.0
9774,0.0,0,7.613333993155613e-06,2,0,0,0,77.13333993155614,2,0.0
9775,0.0,0,7.613333993155613e-06,2,0,0,0,77.13333993155614,2,0.0
9776,0.0,0,7.613333993155613e-06,2,0,0,0,77.13333993155614,2,0.0
9777,0.0,0,7.613333993155613e-06,2,0,0,0,77.13333993155614,2,0.0
9778,7.616769842161487e-06,2,1.1420000989733419e-05,1,0,0,0,1.492852738304119,2,0.0
9779,7.616769842161487e-06,2,0.0,0,0,0,0,0.012958790017766002,2,0.0
9780,7.616769842161487e-06,2,0.0,0,0,0,0,0.012958790017766002,2,0.0
9781,0.0,0,7.613333993155613e-06,2,0,0,0,77.13333993155614,2,0.0
9782,7.616769842161487e-06,2,0.0,0,0,0,0,0.012958790017766002,2,0.0
9783,0.0,0,7.613333993155613e-06,2,0,0,0,77.13333993155614,2,0.0
9784,7.616769842161487e-06,2,0.0,0,0,0,0,0.012958790017766002,2,0.0
9785,0.0,0,7.613333993155613e-06,2,0,0,0,77.13333993155614,2,0.0
9786,0.0,0,7.613333993155613e-06,2,0,0,0,77.13333993155614,2,0.0
9787,0.0,0,7.613333993155613e-06,2,0,0,0,77.13333993155614,2,0.0
9788,0.0,0,7.613333993155613e-06,2,0,0,0,77.13333993155614,2,0.0
9789,7.616769842161487e-06,2,0.0,0,0,0,0,0.012958790017766002,2,0.0
9790,7.616769842161487e-06,2,0.0,0,0,0,0,0.012958790017766002,2,0.0
9791,1.142515476324223e-05,3,0.0,0,0,0,0,0.00867667307331396,3,0.0
9792,7.616769842161487e-06,2,0.0,0,0,0,0,0.012958790017766002,2,0.0
9793,7.616769842161487e-06,2,0.0,0,0,0,0,0.012958790017766002,2,0.0
9794,7.616769842161487e-06,2,0.0,0,0,0,0,0.012958790017766002,2,0.0
9795,1.142515476324223e-05,3,0.0,0,0,0,0,0.00867667307331396,3,0.0
9796,7.616769842161487e-06,2,0.0,0,0,0,0,0.012958790017766002,2,0.0
9797,7.616769842161487e-06,2,0.0,0,0,0,0,0.012958790017766002,2,0.0
9798,7.616769842161487e-06,2,0.0,0,0,0,0,0.012958790017766002,2,0.0
9799,7.616769842161487e-06,2,0.0,0,0,0,0,0.012958790017766002,2,0.0
9800,7.616769842161487e-06,2,7.613333993155613e-06,1,0,0,0,0.9995547555420015,2,0.0
9801,7.616769842161487e-06,2,0.0,0,0,0,0,0.012958790017766002,2,0.0
9802,7.616769842161487e-06,2,0.0,0,0,0,0,0.012958790017766002,2,0.0
9803,0.0,0,7.613333993155613e-06,2,0,0,0,77.13333993155614,2,0.0
9804,7.616769842161487e-06,2,0.0,0,0,0,0,0.012958790017766002,2,0.0
9805,0.0,0,7.613333993155613e-06,2,0,0,0,77.13333993155614,2,0.0
9806,7.616769842161487e-06,2,0.0,0,0,0,0,0.012958790017766002,2,0.0
9807,0.0,0,7.613333993155613e-06,2,0,0,0,77.13333993155614,2,0.0
9808,0.0,0,7.613333993155613e-06,2,0,0,0,77.13333993155614,2,0.0
9809,7.616769842161487e-06,2,0.0,0,0,0,0,0.012958790017766002,2,0.0
9810,7.616769842161487e-06,2,0.0,0,0,0,0,0.012958790017766002,2,0.0
9811,0.0,0,7.613333993155613e-06,2,0,0,0,77.13333993155614,2,0.0
9812,0.0,0,7.613333993155613e-06,2,0,0,0,77.13333993155614,2,0.0
9813,7.616769842161487e-06,2,0.0,0,0,0,0,0.012958790017766002,2,0.0
9814,7.616769842161487e-06,2,0.0,0,0,0,0,0.012958790017766002,2,0.0
9815,7.616769842161487e-06,2,0.0,0,0,0,0,0.012958790017766002,2,0.0
9816,0.0,0,7.613333993155613e-06,2,0,0,0,77.13333993155614,2,0.0
9817,0.0,0,7.613333993155613e-06,2,0,0,0,77.13333993155614,2,0.0
9818,5.712577381621115e-06,1,1.5226667986311226e-05,2,0,0,0,2.636811001393783,2,0.0
9819,7.616769842161487e-06,2,9.516667491444516e-06,1,0,0,0,1.2462037469230602,2,0.0
9820,7.616769842161487e-06,2,1.142000098973342e-05,2,0,0,0,1.4928527383041192,3,0.0
9821,3.8083849210807435e-06,1,3.8066669965778065e-06,1,1,0,1,0.9995604515579641,2,0.5
9822,3.8083849210807435e-06,1,7.613333993155613e-06,2,0,0,0,1.9735348868920333,3,0.0
9823,3.8083849210807435e-06,1,3.8066669965778065e-06,1,0,0,0,0.9995604515579641,2,0.0
9824,3.8083849210807435e-06,1,3.8066669965778065e-06,1,0,0,0,0.9995604515579641,2,0.0
9825,0.0,0,7.613333993155613e-06,2,0,0,0,77.13333993155614,2,0.0
9826,3.8083849210807435e-06,1,3.8066669965778065e-06,1,0,0,0,0.9995604515579641,2,0.0
9827,0.0,0,7.613333993155613e-06,2,0,0,0,77.13333993155614,2,0.0
9828,0.0,0,7.613333993155613e-06,2,0,0,0,77.13333993155614,2,0.0
9829,3.8083849210807435e-06,1,7.613333993155613e-06,2,0,0,0,1.9735348868920333,2,0.0
9830,0.0,0,7.613333993155613e-06,2,0,0,0,77.13333993155614,2,0.0
9831,3.8083849210807435e-06,1,3.8066669965778065e-06,1,0,0,0,0.9995604515579641,2,0.0
9832,3.8083849210807435e-06,1,3.8066669965778065e-06,1,0,0,0,0.9995604515579641,2,0.0
9833,7.616769842161487e-06,2,0.0,0,0,0,0,0.012958790017766002,2,0.0
9834,3.8083849210807435e-06,1,3.8066669965778065e-06,1,0,0,0,0.9995604515579641,2,0.0
9835,3.8083849210807435e-06,1,3.8066669965778065e-06,1,0,0,0,0.9995604515579641,2,0.0
9836,3.8083849210807435e-06,1,7.613333993155613e-06,2,0,0,0,1.9735348868920333,3,0.0
9837,0.0,0,7.613333993155613e-06,2,0,0,0,77.13333993155614,2,0.0
9838,7.616769842161487e-06,2,0.0,0,0,0,0,0.012958790017766002,2,0.0
9839,3.8083849210807435e-06,1,1.142000098973342e-05,2,0,0,0,2.9475093222261024,2,0.0
9840,3.8083849210807435e-06,1,3.8066669965778065e-06,1,0,0,0,0.9995604515579641,2,0.0
9841,7.616769842161487e-06,2,0.0,0,0,0,0,0.012958790017766002,2,0.0
9842,3.8083849210807435e-06,1,3.8066669965778065e-06,1,0,0,0,0.9995604515579641,2,0.0
9843,7.616769842161487e-06,2,0.0,0,0,0,0,0.012958790017766002,2,0.0
9844,3.8083849210807435e-06,1,1.142000098973342e-05,3,0,0,0,2.9475093222261024,4,0.0
9845,3.8083849210807435e-06,1,7.613333993155613e-06,2,0,0,0,1.9735348868920333,3,0.0
9846,3.8083849210807435e-06,1,3.8066669965778065e-06,1,0,0,0,0.9995604515579641,2,0.0
9847,0.0,0,1.142000098973342e-05,3,0,0,0,115.20000989733421,3,0.0
9848,0.0,0,7.613333993155613e-06,2,0,0,0,77.13333993155614,2,0.0
9849,3.8083849210807435e-06,1,3.8066669965778065e-06,1,0,0,0,0.9995604515579641,2,0.0
9850,1.5233539684322974e-05,4,9.516667491444516e-06,2,0,0,0,0.6271655266446147,5,0.0
9851,7.616769842161487e-06,2,0.0,0,0,0,0,0.012958790017766002,2,0.0
9852,3.8083849210807435e-06,1,3.8066669965778065e-06,1,1,0,1,0.9995604515579641,2,0.5
9853,3.8083849210807435e-06,1,7.613333993155613e-06,2,0,0,0,1.9735348868920333,3,0.0
9854,0.0,0,7.613333993155613e-06,2,0,0,0,77.13333993155614,2,0.0
9855,0.0,0,7.613333993155613e-06,2,0,0,0,77.13333993155614,2,0.0
9856,3.8083849210807435e-06,1,3.8066669965778065e-06,1,0,0,0,0.9995604515579641,2,0.0
9857,3.8083849210807435e-06,1,3.8066669965778065e-06,1,0,0,0,0.9995604515579641,2,0.0
9858,7.616769842161487e-06,2,0.0,0,0,0,0,0.012958790017766002,2,0.0
9859,3.8083849210807435e-06,1,3.8066669965778065e-06,1,0,0,0,0.9995604515579641,2,0.0
9860,7.616769842161487e-06,2,0.0,0,0,0,0,0.012958790017766002,2,0.0
9861,3.8083849210807435e-06,1,3.8066669965778065e-06,1,0,0,0,0.9995604515579641,2,0.0
9862,0.0,0,7.613333993155613e-06,2,0,0,0,77.13333993155614,2,0.0
9863,1.142515476324223e-05,2,0.0,0,0,0,0,0.00867667307331396,2,0.0
9864,3.8083849210807435e-06,1,3.8066669965778065e-06,1,0,0,0,0.9995604515579641,2,0.0
9865,3.8083849210807435e-06,1,3.8066669965778065e-06,1,0,0,0,0.9995604515579641,2,0.0
9866,7.616769842161487e-06,2,0.0,0,0,0,0,0.012958790017766002,2,0.0
9867,3.8083849210807435e-06,1,3.8066669965778065e-06,1,0,0,0,0.9995604515579641,2,0.0
9868,3.8083849210807435e-06,1,3.8066669965778065e-06,1,0,0,0,0.9995604515579641,2,0.0
9869,3.8083849210807435e-06,1,3.8066669965778065e-06,1,0,0,0,0.9995604515579641,2,0.0
9870,3.8083849210807435e-06,1,3.8066669965778065e-06,1,0,0,0,0.9995604515579641,2,0.0
9871,7.616769842161487e-06,2,0.0,0,0,0,0,0.012958790017766002,2,0.0
9872,3.8083849210807435e-06,1,3.8066669965778065e-06,1,0,0,0,0.9995604515579641,2,0.0
9873,1.142515476324223e-05,3,0.0,0,0,0,0,0.00867667307331396,3,0.0
9874,3.8083849210807435e-06,1,9.516667491444516e-06,2,1,0,1,2.4605221045590673,2,0.5
9875,3.8083849210807435e-06,1,3.8066669965778065e-06,1,0,0,0,0.9995604515579641,2,0.0
9876,0.0,0,7.613333993155613e-06,2,0,0,0,77.13333993155614,2,0.0
9877,0.0,0,7.613333993155613e-06,2,0,0,0,77.13333993155614,2,0.0
9878,3.8083849210807435e-06,1,3.8066669965778065e-06,1,0,0,0,0.9995604515579641,2,0.0
9879,3.8083849210807435e-06,1,3.8066669965778065e-06,1,0,0,0,0.9995604515579641,2,0.0
9880,3.8083849210807435e-06,1,7.613333993155613e-06,2,0,0,0,1.9735348868920333,3,0.0
9881,3.8083849210807435e-06,1,9.516667491444516e-06,2,0,0,0,2.4605221045590673,2,0.0
9882,3.8083849210807435e-06,1,3.8066669965778065e-06,1,0,0,0,0.9995604515579641,2,0.0
9883,0.0,0,7.613333993155613e-06,2,0,0,0,77.13333993155614,2,0.0
9884,1.142515476324223e-05,3,0.0,0,0,0,0,0.00867667307331396,3,0.0
9885,0.0,0,7.613333993155613e-06,2,0,0,0,77.13333993155614,2,0.0
9886,3.8083849210807435e-06,1,3.8066669965778065e-06,1,0,0,0,0.9995604515579641,2,0.0
9887,7.616769842161487e-06,2,7.613333993155613e-06,2,2,1,1,0.9995547555420015,4,0.25
9888,0.0,0,7.613333993155613e-06,2,0,0,0,77.13333993155614,2,0.0
9889,3.8083849210807435e-06,1,3.8066669965778065e-06,1,0,0,0,0.9995604515579641,2,0.0
9890,0.0,0,7.613333993155613e-06,2,0,0,0,77.13333993155614,2,0.0
9891,3.8083849210807435e-06,1,7.613333993155613e-06,2,2,0,2,1.9735348868920333,3,0.6666666666666666
9892,7.616769842161487e-06,2,3.8066669965778065e-06,1,0,0,0,0.5062567727798837,3,0.0
9893,0.0,0,7.613333993155613e-06,2,0,0,0,77.13333993155614,2,0.0
9894,7.616769842161487e-06,2,3.8066669965778065e-06,1,0,0,0,0.5062567727798837,3,0.0
9895,3.8083849210807435e-06,1,3.8066669965778065e-06,1,0,0,0,0.9995604515579641,2,0.0
9896,0.0,0,7.613333993155613e-06,2,0,0,0,77.13333993155614,2,0.0
9897,3.8083849210807435e-06,1,7.613333993155613e-06,1,0,0,0,1.9735348868920333,2,0.0
9898,3.8083849210807435e-06,1,7.613333993155613e-06,2,0,0,0,1.9735348868920333,3,0.0
9899,3.8083849210807435e-06,1,3.8066669965778065e-06,1,1,0,1,0.9995604515579641,2,0.5
9900,3.8083849210807435e-06,1,3.8066669965778065e-06,1,1,0,1,0.9995604515579641,2,0.5
9901,0.0,0,7.613333993155613e-06,2,0,0,0,77.13333993155614,2,0.0
9902,3.8083849210807435e-06,1,1.142000098973342e-05,3,0,0,0,2.9475093222261024,4,0.0
9903,0.0,0,7.613333993155613e-06,2,0,0,0,77.13333993155614,2,0.0
9904,0.0,0,1.5226667986311226e-05,4,0,0,0,153.26667986311224,4,0.0
9905,3.8083849210807435e-06,1,3.8066669965778065e-06,1,0,0,0,0.9995604515579641,2,0.0
9906,7.616769842161487e-06,2,0.0,0,0,0,0,0.012958790017766002,2,0.0
9907,0.0,0,7.613333993155613e-06,2,0,0,0,77.13333993155614,2,0.0
9908,7.616769842161487e-06,2,0.0,0,0,0,0,0.012958790017766002,2,0.0
9909,3.8083849210807435e-06,1,3.8066669965778065e-06,1,0,0,0,0.9995604515579641,2,0.0
9910,3.8083849210807435e-06,1,1.142000098973342e-05,3,0,0,0,2.9475093222261024,4,0.0
9911,7.616769842161487e-06,2,0.0,0,0,0,0,0.012958790017766002,2,0.0
9912,0.0,0,7.613333993155613e-06,2,0,0,0,77.13333993155614,2,0.0
9913,3.8083849210807435e-06,1,3.8066669965778065e-06,1,0,0,0,0.9995604515579641,2,0.0
9914,0.0,0,7.613333993155613e-06,2,0,0,0,77.13333993155614,2,0.0
9915,0.0,0,7.613333993155613e-06,2,0,0,0,77.13333993155614,2,0.0
9916,0.0,0,7.613333993155613e-06,2,0,0,0,77.13333993155614,2,0.0
9917,0.0,0,7.613333993155613e-06,2,0,0,0,77.13333993155614,2,0.0
9918,0.0,0,7.613333993155613e-06,2,0,0,0,77.13333993155614,2,0.0
9919,3.8083849210807435e-06,1,7.613333993155613e-06,2,0,0,0,1.9735348868920333,3,0.0
9920,0.0,0,7.613333993155613e-06,2,0,0,0,77.13333993155614,2,0.0
9921,7.616769842161487e-06,2,3.8066669965778065e-06,1,0,0,0,0.5062567727798837,2,0.0
9922,7.616769842161487e-06,2,0.0,0,0,0,0,0.012958790017766002,2,0.0
9923,3.8083849210807435e-06,1,3.8066669965778065e-06,1,0,0,0,0.9995604515579641,2,0.0
9924,7.616769842161487e-06,2,5.710000494866709e-06,1,0,0,0,0.7529057641609425,2,0.0
9925,7.616769842161487e-06,2,7.613333993155613e-06,2,0,0,0,0.9995547555420015,4,0.0
9926,7.616769842161487e-06,2,3.8066669965778065e-06,1,0,0,0,0.5062567727798837,2,0.0
9927,0.0,0,7.613333993155613e-06,2,0,0,0,77.13333993155614,2,0.0
9928,3.8083849210807435e-06,1,3.8066669965778065e-06,1,0,0,0,0.9995604515579641,2,0.0
9929,3.8083849210807435e-06,1,3.8066669965778065e-06,1,1,0,1,0.9995604515579641,2,0.5
9930,0.0,0,7.613333993155613e-06,2,1,0,1,77.13333993155614,2,0.5
9931,7.616769842161487e-06,2,0.0,0,0,0,0,0.012958790017766002,2,0.0
9932,7.616769842161487e-06,2,0.0,0,0,0,0,0.012958790017766002,2,0.0
9933,1.142515476324223e-05,3,3.8066669965778065e-06,1,0,0,0,0.3389687233561098,4,0.0
9934,3.8083849210807435e-06,1,3.8066669965778065e-06,1,0,0,0,0.9995604515579641,2,0.0
9935,3.8083849210807435e-06,1,3.8066669965778065e-06,1,0,0,0,0.9995604515579641,2,0.0
9936,3.8083849210807435e-06,1,1.5226667986311226e-05,4,4,1,3,3.9214837575601704,5,0.6
9937,7.616769842161487e-06,2,7.613333993155613e-06,2,0,0,0,0.9995547555420015,4,0.0
9938,3.8083849210807435e-06,1,3.8066669965778065e-06,1,0,0,0,0.9995604515579641,2,0.0
9939,3.8083849210807435e-06,1,3.8066669965778065e-06,1,0,0,0,0.9995604515579641,2,0.0
9940,3.8083849210807435e-06,1,3.8066669965778065e-06,1,0,0,0,0.9995604515579641,2,0.0
9941,0.0,0,7.613333993155613e-06,2,0,0,0,77.13333993155614,2,0.0
9942,3.8083849210807435e-06,1,3.8066669965778065e-06,1,0,0,0,0.9995604515579641,2,0.0
9943,3.8083849210807435e-06,1,3.8066669965778065e-06,1,0,0,0,0.9995604515579641,2,0.0
9944,7.616769842161487e-06,2,0.0,0,0,0,0,0.012958790017766002,2,0.0
9945,0.0,0,7.613333993155613e-06,2,0,0,0,77.13333993155614,2,0.0
9946,3.8083849210807435e-06,1,3.8066669965778065e-06,1,0,0,0,0.9995604515579641,2,0.0
9947,3.8083849210807435e-06,1,3.8066669965778065e-06,1,0,0,0,0.9995604515579641,2,0.0
9948,3.8083849210807435e-06,1,1.3323334488022323e-05,3,0,0,0,3.4344965398931366,3,0.0
9949,3.8083849210807435e-06,1,3.8066669965778065e-06,1,0,0,0,0.9995604515579641,2,0.0
9950,3.8083849210807435e-06,1,3.8066669965778065e-06,1,0,0,0,0.9995604515579641,2,0.0
9951,7.616769842161487e-06,2,3.8066669965778065e-06,1,0,0,0,0.5062567727798837,3,0.0
9952,1.142515476324223e-05,3,3.8066669965778065e-06,1,1,1,0,0.3389687233561098,4,0.0
9953,3.8083849210807435e-06,1,3.8066669965778065e-06,1,0,0,0,0.9995604515579641,2,0.0
9954,3.8083849210807435e-06,1,3.8066669965778065e-06,1,0,0,0,0.9995604515579641,2,0.0
9955,0.0,0,7.613333993155613e-06,2,0,0,0,77.13333993155614,2,0.0
9956,0.0,0,7.613333993155613e-06,2,0,0,0,77.13333993155614,2,0.0
9957,7.616769842161487e-06,2,0.0,0,0,0,0,0.012958790017766002,2,0.0
9958,3.8083849210807435e-06,1,7.613333993155613e-06,2,1,0,1,1.9735348868920333,3,0.3333333333333333
9959,3.8083849210807435e-06,1,3.8066669965778065e-06,1,0,0,0,0.9995604515579641,2,0.0
9960,3.8083849210807435e-06,1,3.8066669965778065e-06,1,0,0,0,0.9995604515579641,2,0.0
9961,3.8083849210807435e-06,1,7.613333993155613e-06,2,0,0,0,1.9735348868920333,2,0.0
9962,7.616769842161487e-06,2,7.613333993155613e-06,2,0,0,0,0.9995547555420015,3,0.0
9963,7.616769842161487e-06,2,3.8066669965778065e-06,1,0,0,0,0.5062567727798837,3,0.0
9964,3.8083849210807435e-06,1,3.8066669965778065e-06,1,0,0,0,0.9995604515579641,2,0.0
9965,3.8083849210807435e-06,1,7.613333993155613e-06,2,0,0,0,1.9735348868920333,2,0.0
9966,3.8083849210807435e-06,1,3.8066669965778065e-06,1,0,0,0,0.9995604515579641,2,0.0
9967,0.0,0,7.613333993155613e-06,2,0,0,0,77.13333993155614,2,0.0
9968,3.8083849210807435e-06,1,7.613333993155613e-06,2,0,0,0,1.9735348868920333,3,0.0
9969,3.8083849210807435e-06,1,3.8066669965778065e-06,1,0,0,0,0.9995604515579641,2,0.0
9970,3.8083849210807435e-06,1,7.613333993155613e-06,2,0,0,0,1.9735348868920333,3,0.0
9971,3.8083849210807435e-06,1,3.8066669965778065e-06,1,0,0,0,0.9995604515579641,2,0.0
9972,3.8083849210807435e-06,1,3.8066669965778065e-06,1,0,0,0,0.9995604515579641,2,0.0
9973,3.8083849210807435e-06,1,3.8066669965778065e-06,1,0,0,0,0.9995604515579641,2,0.0
9974,7.616769842161487e-06,2,7.613333993155613e-06,2,0,0,0,0.9995547555420015,4,0.0
9975,3.8083849210807435e-06,1,3.8066669965778065e-06,1,0,0,0,0.9995604515579641,2,0.0
9976,3.8083849210807435e-06,1,3.8066669965778065e-06,1,0,0,0,0.9995604515579641,2,0.0
9977,0.0,0,7.613333993155613e-06,2,0,0,0,77.13333993155614,2,0.0
9978,7.616769842161487e-06,2,3.8066669965778065e-06,1,0,0,0,0.5062567727798837,3,0.0
9979,0.0,0,7.613333993155613e-06,2,0,0,0,77.13333993155614,2,0.0
9980,3.8083849210807435e-06,1,3.8066669965778065e-06,1,0,0,0,0.9995604515579641,2,0.0
9981,0.0,0,7.613333993155613e-06,2,0,0,0,77.13333993155614,2,0.0
9982,3.8083849210807435e-06,1,3.8066669965778065e-06,1,0,0,0,0.9995604515579641,2,0.0
9983,3.8083849210807435e-06,1,3.8066669965778065e-06,1,0,0,0,0.9995604515579641,2,0.0
9984,3.8083849210807435e-06,1,3.8066669965778065e-06,1,0,0,0,0.9995604515579641,2,0.0
9985,3.8083849210807435e-06,1,7.613333993155613e-06,2,2,0,2,1.9735348868920333,3,0.6666666666666666
9986,0.0,0,7.613333993155613e-06,2,0,0,0,77.13333993155614,2,0.0
9987,3.8083849210807435e-06,1,3.8066669965778065e-06,1,0,0,0,0.9995604515579641,2,0.0
9988,3.8083849210807435e-06,1,7.613333993155613e-06,2,0,0,0,1.9735348868920333,2,0.0
9989,3.8083849210807435e-06,1,3.8066669965778065e-06,1,0,0,0,0.9995604515579641,2,0.0
9990,3.8083849210807435e-06,1,7.613333993155613e-06,2,0,0,0,1.9735348868920333,3,0.0
9991,0.0,0,7.613333993155613e-06,2,0,0,0,77.13333993155614,2,0.0
9992,3.8083849210807435e-06,1,3.8066669965778065e-06,1,0,0,0,0.9995604515579641,2,0.0
9993,0.0,0,7.613333993155613e-06,2,0,0,0,77.13333993155614,2,0.0
9994,3.8083849210807435e-06,1,7.613333993155613e-06,2,0,0,0,1.9735348868920333,3,0.0
9995,3.8083849210807435e-06,1,3.8066669965778065e-06,1,0,0,0,0.9995604515579641,2,0.0
9996,3.8083849210807435e-06,1,3.8066669965778065e-06,1,0,0,0,0.9995604515579641,2,0.0
9997,3.8083849210807435e-06,1,3.8066669965778065e-06,1,0,0,0,0.9995604515579641,2,0.0
9998,3.8083849210807435e-06,1,7.613333993155613e-06,2,0,0,0,1.9735348868920333,3,0.0
9999,3.8083849210807435e-06,1,3.8066669965778065e-06,1,0,0,0,0.9995604515579641,2,0.0
10000,0.0,0,7.613333993155613e-06,2,0,0,0,77.13333993155614,2,0.0
10001,3.8083849210807435e-06,1,3.8066669965778065e-06,1,0,0,0,0.9995604515579641,2,0.0
10002,0.0,0,7.613333993155613e-06,2,0,0,0,77.13333993155614,2,0.0
10003,0.0,0,7.613333993155613e-06,2,0,0,0,77.13333993155614,2,0.0
10004,3.8083849210807435e-06,1,3.8066669965778065e-06,1,0,0,0,0.9995604515579641,2,0.0
10005,3.8083849210807435e-06,1,3.8066669965778065e-06,1,0,0,0,0.9995604515579641,2,0.0
10006,0.0,0,7.613333993155613e-06,2,0,0,0,77.13333993155614,2,0.0
10007,3.8083849210807435e-06,1,3.8066669965778065e-06,1,0,0,0,0.9995604515579641,2,0.0
10008,0.0,0,7.613333993155613e-06,2,0,0,0,77.13333993155614,2,0.0
10009,7.616769842161487e-06,2,0.0,0,0,0,0,0.012958790017766002,2,0.0
10010,0.0,0,7.613333993155613e-06,2,0,0,0,77.13333993155614,2,0.0
10011,3.8083849210807435e-06,1,3.8066669965778065e-06,1,0,0,0,0.9995604515579641,2,0.0
10012,7.616769842161487e-06,2,0.0,0,0,0,0,0.012958790017766002,2,0.0
10013,3.8083849210807435e-06,1,3.8066669965778065e-06,1,0,0,0,0.9995604515579641,2,0.0
10014,3.8083849210807435e-06,1,3.8066669965778065e-06,1,0,0,0,0.9995604515579641,2,0.0
10015,3.8083849210807435e-06,1,3.8066669965778065e-06,1,0,0,0,0.9995604515579641,2,0.0
10016,0.0,0,7.613333993155613e-06,2,0,0,0,77.13333993155614,2,0.0
10017,3.8083849210807435e-06,1,7.613333993155613e-06,2,0,0,0,1.9735348868920333,3,0.0
10018,3.8083849210807435e-06,1,3.8066669965778065e-06,1,0,0,0,0.9995604515579641,2,0.0
10019,3.8083849210807435e-06,1,7.613333993155613e-06,2,0,0,0,1.9735348868920333,3,0.0
10020,3.8083849210807435e-06,1,3.8066669965778065e-06,1,0,0,0,0.9995604515579641,2,0.0
10021,3.8083849210807435e-06,1,3.8066669965778065e-06,1,0,0,0,0.9995604515579641,2,0.0
10022,0.0,0,7.613333993155613e-06,2,0,0,0,77.13333993155614,2,0.0
10023,7.616769842161487e-06,2,3.8066669965778065e-06,1,0,0,0,0.5062567727798837,3,0.0
10024,7.616769842161487e-06,2,7.613333993155613e-06,2,0,0,0,0.9995547555420015,4,0.0
10025,3.8083849210807435e-06,1,1.3323334488022323e-05,2,0,0,0,3.4344965398931366,2,0.0
10026,3.8083849210807435e-06,1,3.8066669965778065e-06,1,0,0,0,0.9995604515579641,2,0.0
10027,3.8083849210807435e-06,1,3.8066669965778065e-06,1,0,0,0,0.9995604515579641,2,0.0
10028,7.616769842161487e-06,2,0.0,0,0,0,0,0.012958790017766002,2,0.0
10029,7.616769842161487e-06,2,7.613333993155613e-06,2,0,0,0,0.9995547555420015,3,0.0
10030,7.616769842161487e-06,2,0.0,0,0,0,0,0.012958790017766002,2,0.0
10031,3.8083849210807435e-06,1,3.8066669965778065e-06,1,0,0,0,0.9995604515579641,2,0.0
10032,3.8083849210807435e-06,1,3.8066669965778065e-06,1,0,0,0,0.9995604515579641,2,0.0
10033,7.616769842161487e-06,2,2.2840001979466837e-05,2,0,0,0,2.9727466865904715,3,0.0
10034,3.8083849210807435e-06,1,3.8066669965778065e-06,1,0,0,0,0.9995604515579641,2,0.0
10035,3.8083849210807435e-06,1,7.613333993155613e-06,2,0,0,0,1.9735348868920333,3,0.0
10036,3.8083849210807435e-06,1,3.8066669965778065e-06,1,0,0,0,0.9995604515579641,2,0.0
10037,3.8083849210807435e-06,1,3.8066669965778065e-06,1,0,0,0,0.9995604515579641,2,0.0
10038,3.8083849210807435e-06,1,7.613333993155613e-06,2,0,0,0,1.9735348868920333,3,0.0
10039,3.8083849210807435e-06,1,3.8066669965778065e-06,1,0,0,0,0.9995604515579641,2,0.0
10040,3.8083849210807435e-06,1,3.8066669965778065e-06,1,0,0,0,0.9995604515579641,2,0.0
10041,3.8083849210807435e-06,1,3.8066669965778065e-06,1,0,0,0,0.9995604515579641,2,0.0
10042,3.8083849210807435e-06,1,3.8066669965778065e-06,1,0,0,0,0.9995604515579641,2,0.0
10043,3.8083849210807435e-06,1,3.8066669965778065e-06,1,0,0,0,0.9995604515579641,2,0.0
10044,7.616769842161487e-06,2,0.0,0,0,0,0,0.012958790017766002,2,0.0
10045,7.616769842161487e-06,2,3.8066669965778065e-06,1,0,0,0,0.5062567727798837,3,0.0
10046,3.8083849210807435e-06,1,3.8066669965778065e-06,1,0,0,0,0.9995604515579641,2,0.0
10047,0.0,0,7.613333993155613e-06,2,0,0,0,77.13333993155614,2,0.0
10048,7.616769842161487e-06,2,0.0,0,0,0,0,0.012958790017766002,2,0.0
10049,0.0,0,7.613333993155613e-06,2,0,0,0,77.13333993155614,2,0.0
10050,0.0,0,7.613333993155613e-06,2,0,0,0,77.13333993155614,2,0.0
10051,0.0,0,7.613333993155613e-06,2,0,0,0,77.13333993155614,2,0.0
10052,0.0,0,1.142000098973342e-05,3,0,0,0,115.20000989733421,3,0.0
10053,0.0,0,7.613333993155613e-06,2,0,0,0,77.13333993155614,2,0.0
10054,3.8083849210807435e-06,1,7.613333993155613e-06,2,0,0,0,1.9735348868920333,3,0.0
10055,0.0,0,7.613333993155613e-06,2,0,0,0,77.13333993155614,2,0.0
10056,3.8083849210807435e-06,1,3.8066669965778065e-06,1,0,0,0,0.9995604515579641,2,0.0
10057,0.0,0,7.613333993155613e-06,2,0,0,0,77.13333993155614,2,0.0
10058,3.8083849210807435e-06,1,7.613333993155613e-06,2,0,0,0,1.9735348868920333,3,0.0
10059,3.8083849210807435e-06,1,3.8066669965778065e-06,1,0,0,0,0.9995604515579641,2,0.0
10060,7.616769842161487e-06,2,0.0,0,0,0,0,0.012958790017766002,2,0.0
10061,1.142515476324223e-05,3,1.142000098973342e-05,3,2,0,2,0.9995528239217015,6,0.3333333333333333
10062,0.0,0,7.613333993155613e-06,2,0,0,0,77.13333993155614,2,0.0
10063,3.8083849210807435e-06,1,3.8066669965778065e-06,1,0,0,0,0.9995604515579641,2,0.0
10064,7.616769842161487e-06,2,0.0,0,0,0,0,0.012958790017766002,2,0.0
10065,7.616769842161487e-06,2,0.0,0,0,0,0,0.012958790017766002,2,0.0
10066,0.0,0,7.613333993155613e-06,2,2,0,2,77.13333993155614,2,1.0
10067,7.616769842161487e-06,2,0.0,0,0,0,0,0.012958790017766002,2,0.0
10068,3.8083849210807435e-06,1,3.8066669965778065e-06,1,0,0,0,0.9995604515579641,2,0.0
10069,0.0,0,1.142000098973342e-05,3,1,0,1,115.20000989733421,3,0.3333333333333333
10070,3.8083849210807435e-06,1,3.8066669965778065e-06,1,0,0,0,0.9995604515579641,2,0.0
10071,3.8083849210807435e-06,1,3.8066669965778065e-06,1,0,0,0,0.9995604515579641,2,0.0
10072,7.616769842161487e-06,2,0.0,0,0,0,0,0.012958790017766002,2,0.0
10073,7.616769842161487e-06,2,5.710000494866709e-06,1,0,0,0,0.7529057641609425,2,0.0
10074,3.8083849210807435e-06,1,3.8066669965778065e-06,1,0,0,0,0.9995604515579641,2,0.0
10075,3.8083849210807435e-06,1,7.613333993155613e-06,2,0,0,0,1.9735348868920333,3,0.0
10076,3.8083849210807435e-06,1,3.8066669965778065e-06,1,0,0,0,0.9995604515579641,2,0.0
10077,3.8083849210807435e-06,1,3.8066669965778065e-06,1,0,0,0,0.9995604515579641,2,0.0
10078,3.8083849210807435e-06,1,3.8066669965778065e-06,1,0,0,0,0.9995604515579641,2,0.0
10079,0.0,0,7.613333993155613e-06,2,0,0,0,77.13333993155614,2,0.0
10080,7.616769842161487e-06,2,3.8066669965778065e-06,1,0,0,0,0.5062567727798837,3,0.0
10081,3.8083849210807435e-06,1,3.8066669965778065e-06,1,0,0,0,0.9995604515579641,2,0.0
10082,0.0,0,7.613333993155613e-06,2,0,0,0,77.13333993155614,2,0.0
10083,3.8083849210807435e-06,1,3.8066669965778065e-06,1,0,0,0,0.9995604515579641,2,0.0
10084,3.8083849210807435e-06,1,3.8066669965778065e-06,1,0,0,0,0.9995604515579641,2,0.0
10085,3.8083849210807435e-06,1,3.8066669965778065e-06,1,0,0,0,0.9995604515579641,2,0.0
10086,0.0,0,7.613333993155613e-06,2,0,0,0,77.13333993155614,2,0.0
10087,3.8083849210807435e-06,1,3.8066669965778065e-06,1,0,0,0,0.9995604515579641,2,0.0
10088,3.8083849210807435e-06,1,3.8066669965778065e-06,1,0,0,0,0.9995604515579641,2,0.0
10089,7.616769842161487e-06,2,0.0,0,0,0,0,0.012958790017766002,2,0.0
10090,3.8083849210807435e-06,1,3.8066669965778065e-06,1,0,0,0,0.9995604515579641,2,0.0
10091,7.616769842161487e-06,2,0.0,0,0,0,0,0.012958790017766002,2,0.0
10092,3.8083849210807435e-06,1,7.613333993155613e-06,2,0,0,0,1.9735348868920333,3,0.0
10093,7.616769842161487e-06,2,0.0,0,0,0,0,0.012958790017766002,2,0.0
10094,1.142515476324223e-05,3,3.8066669965778065e-06,1,0,0,0,0.3389687233561098,4,0.0
10095,3.8083849210807435e-06,1,7.613333993155613e-06,2,0,0,0,1.9735348868920333,2,0.0
10096,7.616769842161487e-06,2,0.0,0,0,0,0,0.012958790017766002,2,0.0
10097,7.616769842161487e-06,2,0.0,0,0,0,0,0.012958790017766002,2,0.0
10098,3.8083849210807435e-06,1,3.8066669965778065e-06,1,0,0,0,0.9995604515579641,2,0.0
10099,3.8083849210807435e-06,1,3.8066669965778065e-06,1,0,0,0,0.9995604515579641,2,0.0
10100,7.616769842161487e-06,2,0.0,0,0,0,0,0.012958790017766002,2,0.0
10101,3.8083849210807435e-06,1,3.8066669965778065e-06,1,0,0,0,0.9995604515579641,2,0.0
10102,7.616769842161487e-06,2,0.0,0,0,0,0,0.012958790017766002,2,0.0
10103,3.8083849210807435e-06,1,7.613333993155613e-06,2,0,0,0,1.9735348868920333,3,0.0
10104,0.0,0,7.613333993155613e-06,2,0,0,0,77.13333993155614,2,0.0
10105,3.8083849210807435e-06,1,3.8066669965778065e-06,1,0,0,0,0.9995604515579641,2,0.0
10106,7.616769842161487e-06,2,0.0,0,0,0,0,0.012958790017766002,2,0.0
10107,1.142515476324223e-05,3,1.142000098973342e-05,3,0,0,0,0.9995528239217015,6,0.0
10108,7.616769842161487e-06,2,5.710000494866709e-06,1,0,0,0,0.7529057641609425,2,0.0
10109,3.8083849210807435e-06,1,1.5226667986311226e-05,4,0,0,0,3.9214837575601704,4,0.0
10110,7.616769842161487e-06,2,3.8066669965778065e-06,1,0,0,0,0.5062567727798837,3,0.0
10111,3.8083849210807435e-06,1,3.8066669965778065e-06,1,0,0,0,0.9995604515579641,2,0.0
10112,3.8083849210807435e-06,1,7.613333993155613e-06,2,0,0,0,1.9735348868920333,3,0.0
10113,0.0,0,7.613333993155613e-06,2,0,0,0,77.13333993155614,2,0.0
10114,3.8083849210807435e-06,1,3.8066669965778065e-06,1,0,0,0,0.9995604515579641,2,0.0
10115,3.8083849210807435e-06,1,3.8066669965778065e-06,1,0,0,0,0.9995604515579641,2,0.0
10116,1.142515476324223e-05,1,1.713000148460013e-05,2,0,0,0,1.494990899345895,2,0.0
10117,1.5233539684322974e-05,4,7.613333993155613e-06,2,0,0,0,0.5030367515885281,6,0.0
10118,0.0,0,7.613333993155613e-06,2,0,0,0,77.13333993155614,2,0.0
10119,3.8083849210807435e-06,1,7.613333993155613e-06,2,0,0,0,1.9735348868920333,3,0.0
10120,3.8083849210807435e-06,1,3.8066669965778065e-06,1,0,0,0,0.9995604515579641,2,0.0
10121,0.0,0,7.613333993155613e-06,2,0,0,0,77.13333993155614,2,0.0
10122,0.0,0,1.142000098973342e-05,3,0,0,0,115.20000989733421,3,0.0
10123,3.8083849210807435e-06,1,3.8066669965778065e-06,1,0,0,0,0.9995604515579641,2,0.0
10124,3.8083849210807435e-06,1,3.8066669965778065e-06,1,0,0,0,0.9995604515579641,2,0.0
10125,3.8083849210807435e-06,1,3.8066669965778065e-06,1,0,0,0,0.9995604515579641,2,0.0
10126,1.142515476324223e-05,3,1.3323334488022323e-05,3,0,0,0,1.1646988490630994,5,0.0
10127,7.616769842161487e-06,2,0.0,0,0,0,0,0.012958790017766002,2,0.0
10128,0.0,0,7.613333993155613e-06,2,0,0,0,77.13333993155614,2,0.0
10129,3.8083849210807435e-06,1,3.8066669965778065e-06,1,0,0,0,0.9995604515579641,2,0.0
10130,3.8083849210807435e-06,1,3.8066669965778065e-06,1,0,0,0,0.9995604515579641,2,0.0
10131,3.8083849210807435e-06,1,3.8066669965778065e-06,1,0,0,0,0.9995604515579641,2,0.0
10132,3.8083849210807435e-06,1,3.8066669965778065e-06,1,0,0,0,0.9995604515579641,2,0.0
10133,3.8083849210807435e-06,1,3.8066669965778065e-06,1,0,0,0,0.9995604515579641,2,0.0
10134,3.8083849210807435e-06,1,3.8066669965778065e-06,1,0,0,0,0.9995604515579641,2,0.0
10135,3.8083849210807435e-06,1,3.8066669965778065e-06,1,0,0,0,0.9995604515579641,2,0.0
10136,3.8083849210807435e-06,1,3.8066669965778065e-06,1,0,0,0,0.9995604515579641,2,0.0
10137,3.8083849210807435e-06,1,3.8066669965778065e-06,1,0,0,0,0.9995604515579641,2,0.0
10138,3.8083849210807435e-06,1,3.8066669965778065e-06,1,0,0,0,0.9995604515579641,2,0.0
10139,3.8083849210807435e-06,1,3.8066669965778065e-06,1,0,0,0,0.9995604515579641,2,0.0
10140,3.8083849210807435e-06,1,3.8066669965778065e-06,1,0,0,0,0.9995604515579641,2,0.0
10141,7.616769842161487e-06,2,3.8066669965778065e-06,1,1,1,1,0.5062567727798837,2,0.5
10142,3.8083849210807435e-06,1,3.8066669965778065e-06,1,0,0,0,0.9995604515579641,2,0.0
10143,7.616769842161487e-06,2,7.613333993155613e-06,2,0,0,0,0.9995547555420015,4,0.0
10144,7.616769842161487e-06,2,0.0,0,0,0,0,0.012958790017766002,2,0.0
10145,3.8083849210807435e-06,1,3.8066669965778065e-06,1,0,0,0,0.9995604515579641,2,0.0
10146,3.8083849210807435e-06,1,3.8066669965778065e-06,1,0,0,0,0.9995604515579641,2,0.0
10147,7.616769842161487e-06,2,0.0,0,0,0,0,0.012958790017766002,2,0.0
10148,3.8083849210807435e-06,1,3.8066669965778065e-06,1,0,0,0,0.9995604515579641,2,0.0
10149,3.8083849210807435e-06,1,3.8066669965778065e-06,1,0,0,0,0.9995604515579641,2,0.0
10150,0.0,0,7.613333993155613e-06,2,0,0,0,77.13333993155614,2,0.0
10151,7.616769842161487e-06,2,3.8066669965778065e-06,1,0,0,0,0.5062567727798837,2,0.0
10152,7.616769842161487e-06,2,0.0,0,0,0,0,0.012958790017766002,2,0.0
10153,3.8083849210807435e-06,1,3.8066669965778065e-06,1,0,0,0,0.9995604515579641,2,0.0
10154,3.8083849210807435e-06,1,3.8066669965778065e-06,1,0,0,0,0.9995604515579641,2,0.0
10155,3.8083849210807435e-06,1,3.8066669965778065e-06,1,0,0,0,0.9995604515579641,2,0.0
10156,7.616769842161487e-06,2,0.0,0,0,0,0,0.012958790017766002,2,0.0
10157,3.8083849210807435e-06,1,3.8066669965778065e-06,1,0,0,0,0.9995604515579641,2,0.0
10158,7.616769842161487e-06,2,0.0,0,0,0,0,0.012958790017766002,2,0.0
10159,0.0,0,7.613333993155613e-06,2,0,0,0,77.13333993155614,2,0.0
10160,3.8083849210807435e-06,1,3.8066669965778065e-06,1,0,0,0,0.9995604515579641,2,0.0
10161,3.8083849210807435e-06,1,3.8066669965778065e-06,1,0,0,0,0.9995604515579641,2,0.0
10162,3.8083849210807435e-06,1,7.613333993155613e-06,2,0,0,0,1.9735348868920333,3,0.0
10163,3.8083849210807435e-06,1,1.5226667986311226e-05,3,0,0,0,3.9214837575601704,4,0.0
10164,7.616769842161487e-06,2,7.613333993155613e-06,2,0,0,0,0.9995547555420015,3,0.0
10165,3.8083849210807435e-06,1,3.8066669965778065e-06,1,0,0,0,0.9995604515579641,2,0.0
10166,3.8083849210807435e-06,1,3.8066669965778065e-06,1,0,0,0,0.9995604515579641,2,0.0
10167,3.8083849210807435e-06,1,3.8066669965778065e-06,1,0,0,0,0.9995604515579641,2,0.0
10168,1.142515476324223e-05,3,3.8066669965778065e-06,1,0,0,0,0.3389687233561098,4,0.0
10169,3.8083849210807435e-06,1,3.8066669965778065e-06,1,0,0,0,0.9995604515579641,2,0.0
10170,3.8083849210807435e-06,1,1.142000098973342e-05,2,0,0,0,2.9475093222261024,2,0.0
10171,0.0,0,7.613333993155613e-06,2,0,0,0,77.13333993155614,2,0.0
10172,3.8083849210807435e-06,1,3.8066669965778065e-06,1,0,0,0,0.9995604515579641,2,0.0
10173,7.616769842161487e-06,2,0.0,0,0,0,0,0.012958790017766002,2,0.0
10174,7.616769842161487e-06,2,0.0,0,0,0,0,0.012958790017766002,2,0.0
10175,0.0,0,7.613333993155613e-06,2,0,0,0,77.13333993155614,2,0.0
10176,1.142515476324223e-05,3,0.0,0,0,0,0,0.00867667307331396,3,0.0
10177,7.616769842161487e-06,2,3.8066669965778065e-06,1,0,0,0,0.5062567727798837,3,0.0
10178,7.616769842161487e-06,2,5.710000494866709e-06,1,0,0,0,0.7529057641609425,2,0.0
10179,0.0,0,7.613333993155613e-06,2,0,0,0,77.13333993155614,2,0.0
10180,3.8083849210807435e-06,1,3.8066669965778065e-06,1,0,0,0,0.9995604515579641,2,0.0
10181,3.8083849210807435e-06,1,3.8066669965778065e-06,1,0,0,0,0.9995604515579641,2,0.0
10182,3.8083849210807435e-06,1,3.8066669965778065e-06,1,0,0,0,0.9995604515579641,2,0.0
10183,7.616769842161487e-06,2,0.0,0,0,0,0,0.012958790017766002,2,0.0
10184,3.8083849210807435e-06,1,3.8066669965778065e-06,1,0,0,0,0.9995604515579641,2,0.0
10185,3.8083849210807435e-06,1,3.8066669965778065e-06,1,0,0,0,0.9995604515579641,2,0.0
10186,7.616769842161487e-06,2,0.0,0,0,0,0,0.012958790017766002,2,0.0
10187,3.8083849210807435e-06,1,7.613333993155613e-06,2,0,0,0,1.9735348868920333,2,0.0
10188,3.8083849210807435e-06,1,3.8066669965778065e-06,1,0,0,0,0.9995604515579641,2,0.0
10189,3.8083849210807435e-06,1,3.8066669965778065e-06,1,0,0,0,0.9995604515579641,2,0.0
10190,0.0,0,7.613333993155613e-06,2,0,0,0,77.13333993155614,2,0.0
10191,3.8083849210807435e-06,1,3.8066669965778065e-06,1,0,0,0,0.9995604515579641,2,0.0
10192,0.0,0,7.613333993155613e-06,2,0,0,0,77.13333993155614,2,0.0
10193,3.8083849210807435e-06,1,3.8066669965778065e-06,1,0,0,0,0.9995604515579641,2,0.0
10194,7.616769842161487e-06,2,0.0,0,0,0,0,0.012958790017766002,2,0.0
10195,3.8083849210807435e-06,1,3.8066669965778065e-06,1,0,0,0,0.9995604515579641,2,0.0
10196,0.0,0,1.142000098973342e-05,3,0,0,0,115.20000989733421,3,0.0
10197,0.0,0,7.613333993155613e-06,2,0,0,0,77.13333993155614,2,0.0
10198,3.8083849210807435e-06,1,3.8066669965778065e-06,1,0,0,0,0.9995604515579641,2,0.0
10199,3.8083849210807435e-06,1,3.8066669965778065e-06,1,0,0,0,0.9995604515579641,2,0.0
10200,7.616769842161487e-06,2,0.0,0,0,0,0,0.012958790017766002,2,0.0
10201,1.142515476324223e-05,2,0.0,0,0,0,0,0.00867667307331396,2,0.0
10202,7.616769842161487e-06,2,0.0,0,0,0,0,0.012958790017766002,2,0.0
10203,7.616769842161487e-06,2,0.0,0,0,0,0,0.012958790017766002,2,0.0
10204,7.616769842161487e-06,2,0.0,0,0,0,0,0.012958790017766002,2,0.0
10205,1.142515476324223e-05,3,0.0,0,0,0,0,0.00867667307331396,3,0.0
10206,3.8083849210807435e-06,1,7.613333993155613e-06,2,0,0,0,1.9735348868920333,2,0.0
10207,7.616769842161487e-06,2,0.0,0,0,0,0,0.012958790017766002,2,0.0
10208,7.616769842161487e-06,2,0.0,0,0,0,0,0.012958790017766002,2,0.0
10209,0.0,0,7.613333993155613e-06,2,0,0,0,77.13333993155614,2,0.0
10210,3.8083849210807435e-06,1,3.8066669965778065e-06,1,0,0,0,0.9995604515579641,2,0.0
10211,3.8083849210807435e-06,1,3.8066669965778065e-06,1,0,0,0,0.9995604515579641,2,0.0
10212,3.8083849210807435e-06,1,3.8066669965778065e-06,1,0,0,0,0.9995604515579641,2,0.0
10213,7.616769842161487e-06,2,3.8066669965778065e-06,1,0,0,0,0.5062567727798837,3,0.0
10214,7.616769842161487e-06,2,0.0,0,0,0,0,0.012958790017766002,2,0.0
10215,3.8083849210807435e-06,1,3.8066669965778065e-06,1,0,0,0,0.9995604515579641,2,0.0
10216,7.616769842161487e-06,2,0.0,0,0,0,0,0.012958790017766002,2,0.0
10217,1.142515476324223e-05,3,3.8066669965778065e-06,1,0,0,0,0.3389687233561098,3,0.0
10218,3.8083849210807435e-06,1,3.8066669965778065e-06,1,0,0,0,0.9995604515579641,2,0.0
10219,1.142515476324223e-05,2,1.5226667986311226e-05,2,0,0,0,1.329844874204497,2,0.0
10220,7.616769842161487e-06,2,0.0,0,0,0,0,0.012958790017766002,2,0.0
10221,3.8083849210807435e-06,1,3.8066669965778065e-06,1,0,0,0,0.9995604515579641,2,0.0
10222,7.616769842161487e-06,2,0.0,0,0,0,0,0.012958790017766002,2,0.0
10223,7.616769842161487e-06,2,0.0,0,0,0,0,0.012958790017766002,2,0.0
10224,7.616769842161487e-06,2,0.0,0,0,0,0,0.012958790017766002,2,0.0
10225,7.616769842161487e-06,2,0.0,0,0,0,0,0.012958790017766002,2,0.0
10226,7.616769842161487e-06,2,0.0,0,0,0,0,0.012958790017766002,2,0.0
10227,7.616769842161487e-06,2,1.9033334982889032e-05,3,0,0,0,2.479448703828354,4,0.0
10228,3.8083849210807435e-06,1,3.8066669965778065e-06,1,0,0,0,0.9995604515579641,2,0.0
10229,0.0,0,7.613333993155613e-06,2,0,0,0,77.13333993155614,2,0.0
10230,7.616769842161487e-06,2,0.0,0,0,0,0,0.012958790017766002,2,0.0
10231,3.8083849210807435e-06,1,3.8066669965778065e-06,1,0,0,0,0.9995604515579641,2,0.0
10232,7.616769842161487e-06,2,7.613333993155613e-06,2,0,0,0,0.9995547555420015,4,0.0
10233,3.8083849210807435e-06,1,3.8066669965778065e-06,1,0,0,0,0.9995604515579641,2,0.0
10234,7.616769842161487e-06,2,0.0,0,0,0,0,0.012958790017766002,2,0.0
10235,3.8083849210807435e-06,1,3.8066669965778065e-06,1,0,0,0,0.9995604515579641,2,0.0
10236,7.616769842161487e-06,2,0.0,0,0,0,0,0.012958790017766002,2,0.0
10237,3.8083849210807435e-06,1,1.142000098973342e-05,3,0,0,0,2.9475093222261024,3,0.0
10238,7.616769842161487e-06,2,0.0,0,0,0,0,0.012958790017766002,2,0.0
10239,3.8083849210807435e-06,1,3.8066669965778065e-06,1,1,1,0,0.9995604515579641,2,0.0
10240,3.8083849210807435e-06,1,7.613333993155613e-06,2,0,0,0,1.9735348868920333,3,0.0
10241,7.616769842161487e-06,2,0.0,0,0,0,0,0.012958790017766002,2,0.0
10242,3.8083849210807435e-06,1,3.8066669965778065e-06,1,0,0,0,0.9995604515579641,2,0.0
10243,0.0,0,7.613333993155613e-06,2,0,0,0,77.13333993155614,2,0.0
10244,0.0,0,7.613333993155613e-06,2,0,0,0,77.13333993155614,2,0.0
10245,3.8083849210807435e-06,1,7.613333993155613e-06,2,0,0,0,1.9735348868920333,3,0.0
10246,0.0,0,7.613333993155613e-06,2,0,0,0,77.13333993155614,2,0.0
10247,0.0,0,7.613333993155613e-06,2,0,0,0,77.13333993155614,2,0.0
10248,0.0,0,7.613333993155613e-06,2,0,0,0,77.13333993155614,2,0.0
10249,0.0,0,7.613333993155613e-06,2,0,0,0,77.13333993155614,2,0.0
10250,3.8083849210807435e-06,1,3.8066669965778065e-06,1,0,0,0,0.9995604515579641,2,0.0
10251,3.8083849210807435e-06,1,3.8066669965778065e-06,1,0,0,0,0.9995604515579641,2,0.0
10252,3.8083849210807435e-06,1,3.8066669965778065e-06,1,0,0,0,0.9995604515579641,2,0.0
10253,3.8083849210807435e-06,1,3.8066669965778065e-06,1,0,0,0,0.9995604515579641,2,0.0
10254,3.8083849210807435e-06,1,1.142000098973342e-05,3,0,0,0,2.9475093222261024,4,0.0
10255,7.616769842161487e-06,2,0.0,0,0,0,0,0.012958790017766002,2,0.0
10256,0.0,0,7.613333993155613e-06,2,0,0,0,77.13333993155614,2,0.0
10257,3.8083849210807435e-06,1,1.9033334982889032e-05,2,0,0,0,4.895458192894239,2,0.0
10258,0.0,0,7.613333993155613e-06,2,0,0,0,77.13333993155614,2,0.0
10259,0.0,0,7.613333993155613e-06,2,0,0,0,77.13333993155614,2,0.0
10260,0.0,0,7.613333993155613e-06,2,0,0,0,77.13333993155614,2,0.0
10261,0.0,0,7.613333993155613e-06,2,0,0,0,77.13333993155614,2,0.0
10262,3.8083849210807435e-06,1,3.8066669965778065e-06,1,0,0,0,0.9995604515579641,2,0.0
10263,3.8083849210807435e-06,1,3.8066669965778065e-06,1,0,0,0,0.9995604515579641,2,0.0
10264,3.8083849210807435e-06,1,3.8066669965778065e-06,1,0,0,0,0.9995604515579641,2,0.0
10265,0.0,0,7.613333993155613e-06,2,0,0,0,77.13333993155614,2,0.0
10266,0.0,0,7.613333993155613e-06,2,0,0,0,77.13333993155614,2,0.0
10267,0.0,0,7.613333993155613e-06,2,0,0,0,77.13333993155614,2,0.0
10268,0.0,0,7.613333993155613e-06,2,0,0,0,77.13333993155614,2,0.0
10269,3.8083849210807435e-06,1,3.8066669965778065e-06,1,0,0,0,0.9995604515579641,2,0.0
10270,0.0,0,7.613333993155613e-06,2,0,0,0,77.13333993155614,2,0.0
10271,0.0,0,7.613333993155613e-06,2,0,0,0,77.13333993155614,2,0.0
10272,3.8083849210807435e-06,1,7.613333993155613e-06,2,0,0,0,1.9735348868920333,3,0.0
10273,3.8083849210807435e-06,1,3.8066669965778065e-06,1,0,0,0,0.9995604515579641,2,0.0
10274,1.142515476324223e-05,3,3.8066669965778065e-06,1,0,0,0,0.3389687233561098,3,0.0
10275,3.8083849210807435e-06,1,3.8066669965778065e-06,1,0,0,0,0.9995604515579641,2,0.0
10276,3.8083849210807435e-06,1,3.8066669965778065e-06,1,0,0,0,0.9995604515579641,2,0.0
10277,3.8083849210807435e-06,1,3.8066669965778065e-06,1,0,0,0,0.9995604515579641,2,0.0
10278,3.8083849210807435e-06,1,3.8066669965778065e-06,1,0,0,0,0.9995604515579641,2,0.0
10279,0.0,0,1.142000098973342e-05,3,0,0,0,115.20000989733421,3,0.0
10280,3.8083849210807435e-06,1,3.8066669965778065e-06,1,0,0,0,0.9995604515579641,2,0.0
10281,1.142515476324223e-05,3,1.142000098973342e-05,3,0,0,0,0.9995528239217015,5,0.0
10282,7.616769842161487e-06,2,0.0,0,0,0,0,0.012958790017766002,2,0.0
10283,0.0,0,7.613333993155613e-06,2,0,0,0,77.13333993155614,2,0.0
10284,7.616769842161487e-06,2,0.0,0,0,0,0,0.012958790017766002,2,0.0
10285,7.616769842161487e-06,2,3.8066669965778065e-06,1,0,0,0,0.5062567727798837,3,0.0
10286,3.8083849210807435e-06,1,7.613333993155613e-06,2,0,0,0,1.9735348868920333,2,0.0
10287,3.8083849210807435e-06,1,3.8066669965778065e-06,1,0,0,0,0.9995604515579641,2,0.0
10288,3.8083849210807435e-06,1,7.613333993155613e-06,2,0,0,0,1.9735348868920333,3,0.0
10289,7.616769842161487e-06,2,0.0,0,0,0,0,0.012958790017766002,2,0.0
10290,7.616769842161487e-06,2,9.516667491444516e-06,2,0,0,0,1.2462037469230602,3,0.0
10291,7.616769842161487e-06,2,0.0,0,0,0,0,0.012958790017766002,2,0.0
10292,7.616769842161487e-06,2,0.0,0,0,0,0,0.012958790017766002,2,0.0
10293,3.8083849210807435e-06,1,3.8066669965778065e-06,1,0,0,0,0.9995604515579641,2,0.0
10294,7.616769842161487e-06,2,3.8066669965778065e-06,1,0,0,0,0.5062567727798837,2,0.0
10295,3.8083849210807435e-06,1,3.8066669965778065e-06,1,0,0,0,0.9995604515579641,2,0.0
10296,0.0,0,7.613333993155613e-06,2,0,0,0,77.13333993155614,2,0.0
10297,7.616769842161487e-06,2,0.0,0,0,0,0,0.012958790017766002,2,0.0
10298,3.8083849210807435e-06,1,3.8066669965778065e-06,1,2,1,1,0.9995604515579641,2,0.5
10299,3.8083849210807435e-06,1,3.8066669965778065e-06,1,0,0,0,0.9995604515579641,2,0.0
10300,7.616769842161487e-06,2,2.474333547775574e-05,1,0,0,0,3.2193956779715305,2,0.0
10301,0.0,0,7.613333993155613e-06,2,0,0,0,77.13333993155614,2,0.0
10302,0.0,0,7.613333993155613e-06,2,0,0,0,77.13333993155614,2,0.0
10303,7.616769842161487e-06,2,0.0,0,0,0,0,0.012958790017766002,2,0.0
10304,3.8083849210807435e-06,1,3.8066669965778065e-06,1,0,0,0,0.9995604515579641,2,0.0
10305,1.142515476324223e-05,3,3.8066669965778065e-06,1,0,0,0,0.3389687233561098,4,0.0
10306,0.0,0,7.613333993155613e-06,2,0,0,0,77.13333993155614,2,0.0
10307,3.8083849210807435e-06,1,3.8066669965778065e-06,1,0,0,0,0.9995604515579641,2,0.0
10308,1.142515476324223e-05,3,3.8066669965778065e-06,1,0,0,0,0.3389687233561098,4,0.0
10309,0.0,0,1.142000098973342e-05,3,0,0,0,115.20000989733421,3,0.0
10310,0.0,0,7.613333993155613e-06,2,0,0,0,77.13333993155614,2,0.0
10311,7.616769842161487e-06,2,0.0,0,0,0,0,0.012958790017766002,2,0.0
10312,7.616769842161487e-06,2,3.8066669965778065e-06,1,0,0,0,0.5062567727798837,3,0.0
10313,0.0,0,7.613333993155613e-06,2,0,0,0,77.13333993155614,2,0.0
10314,7.616769842161487e-06,2,0.0,0,0,0,0,0.012958790017766002,2,0.0
10315,3.8083849210807435e-06,1,1.142000098973342e-05,2,0,0,0,2.9475093222261024,2,0.0
10316,3.8083849210807435e-06,1,3.8066669965778065e-06,1,0,0,0,0.9995604515579641,2,0.0
10317,3.8083849210807435e-06,1,3.8066669965778065e-06,1,0,0,0,0.9995604515579641,2,0.0
10318,3.8083849210807435e-06,1,3.8066669965778065e-06,1,0,0,0,0.9995604515579641,2,0.0
10319,3.8083849210807435e-06,1,3.8066669965778065e-06,1,0,0,0,0.9995604515579641,2,0.0
10320,7.616769842161487e-06,2,7.613333993155613e-06,1,0,0,0,0.9995547555420015,2,0.0
10321,7.616769842161487e-06,2,0.0,0,0,0,0,0.012958790017766002,2,0.0
10322,3.8083849210807435e-06,1,3.8066669965778065e-06,1,0,0,0,0.9995604515579641,2,0.0
10323,3.8083849210807435e-06,1,3.8066669965778065e-06,1,0,0,0,0.9995604515579641,2,0.0
10324,3.8083849210807435e-06,1,7.613333993155613e-06,2,0,0,0,1.9735348868920333,3,0.0
10325,0.0,0,7.613333993155613e-06,2,0,0,0,77.13333993155614,2,0.0
10326,3.8083849210807435e-06,1,3.8066669965778065e-06,1,0,0,0,0.9995604515579641,2,0.0
10327,3.8083849210807435e-06,1,3.8066669965778065e-06,1,0,0,0,0.9995604515579641,2,0.0
10328,0.0,0,7.613333993155613e-06,2,0,0,0,77.13333993155614,2,0.0
10329,0.0,0,7.613333993155613e-06,2,0,0,0,77.13333993155614,2,0.0
10330,0.0,0,7.613333993155613e-06,2,0,0,0,77.13333993155614,2,0.0
10331,3.8083849210807435e-06,1,3.8066669965778065e-06,1,1,1,0,0.9995604515579641,2,0.0
10332,3.8083849210807435e-06,1,3.8066669965778065e-06,1,0,0,0,0.9995604515579641,2,0.0
10333,3.8083849210807435e-06,1,3.8066669965778065e-06,1,0,0,0,0.9995604515579641,2,0.0
10334,0.0,0,7.613333993155613e-06,2,0,0,0,77.13333993155614,2,0.0
10335,3.8083849210807435e-06,1,9.516667491444516e-06,2,0,0,0,2.4605221045590673,2,0.0
10336,3.8083849210807435e-06,1,7.613333993155613e-06,2,0,0,0,1.9735348868920333,3,0.0
10337,3.8083849210807435e-06,1,3.8066669965778065e-06,1,0,0,0,0.9995604515579641,2,0.0
10338,0.0,0,7.613333993155613e-06,2,0,0,0,77.13333993155614,2,0.0
10339,3.8083849210807435e-06,1,3.8066669965778065e-06,1,0,0,0,0.9995604515579641,2,0.0
10340,0.0,0,7.613333993155613e-06,2,0,0,0,77.13333993155614,2,0.0
10341,7.616769842161487e-06,2,7.613333993155613e-06,2,0,0,0,0.9995547555420015,4,0.0
10342,7.616769842161487e-06,2,0.0,0,0,0,0,0.012958790017766002,2,0.0
10343,3.8083849210807435e-06,1,3.8066669965778065e-06,1,1,0,1,0.9995604515579641,2,0.5
10344,3.8083849210807435e-06,1,3.8066669965778065e-06,1,0,0,0,0.9995604515579641,2,0.0
10345,7.616769842161487e-06,2,0.0,0,0,0,0,0.012958790017766002,2,0.0
10346,0.0,0,7.613333993155613e-06,2,0,0,0,77.13333993155614,2,0.0
10347,7.616769842161487e-06,2,3.8066669965778065e-06,1,0,0,0,0.5062567727798837,3,0.0
10348,0.0,0,1.142000098973342e-05,3,0,0,0,115.20000989733421,3,0.0
10349,7.616769842161487e-06,2,0.0,0,0,0,0,0.012958790017766002,2,0.0
10350,3.8083849210807435e-06,1,3.8066669965778065e-06,1,0,0,0,0.9995604515579641,2,0.0
10351,0.0,0,7.613333993155613e-06,2,0,0,0,77.13333993155614,2,0.0
10352,7.616769842161487e-06,2,0.0,0,0,0,0,0.012958790017766002,2,0.0
10353,0.0,0,7.613333993155613e-06,2,0,0,0,77.13333993155614,2,0.0
10354,0.0,0,7.613333993155613e-06,2,2,0,2,77.13333993155614,2,1.0
10355,7.616769842161487e-06,2,7.613333993155613e-06,2,0,0,0,0.9995547555420015,4,0.0
10356,0.0,0,7.613333993155613e-06,2,0,0,0,77.13333993155614,2,0.0
10357,3.8083849210807435e-06,1,3.8066669965778065e-06,1,0,0,0,0.9995604515579641,2,0.0
10358,7.616769842161487e-06,2,0.0,0,0,0,0,0.012958790017766002,2,0.0
10359,3.8083849210807435e-06,1,3.8066669965778065e-06,1,0,0,0,0.9995604515579641,2,0.0
10360,3.8083849210807435e-06,1,3.8066669965778065e-06,1,0,0,0,0.9995604515579641,2,0.0
10361,0.0,0,7.613333993155613e-06,2,0,0,0,77.13333993155614,2,0.0
10362,3.8083849210807435e-06,1,3.8066669965778065e-06,1,0,0,0,0.9995604515579641,2,0.0
10363,3.8083849210807435e-06,1,3.8066669965778065e-06,1,0,0,0,0.9995604515579641,2,0.0
10364,7.616769842161487e-06,2,3.8066669965778065e-06,1,0,0,0,0.5062567727798837,3,0.0
10365,3.8083849210807435e-06,1,3.8066669965778065e-06,1,0,0,0,0.9995604515579641,2,0.0
10366,3.8083849210807435e-06,1,3.8066669965778065e-06,1,2,1,1,0.9995604515579641,2,0.5
10367,3.8083849210807435e-06,1,3.8066669965778065e-06,1,0,0,0,0.9995604515579641,2,0.0
10368,7.616769842161487e-06,2,0.0,0,0,0,0,0.012958790017766002,2,0.0
10369,3.8083849210807435e-06,1,3.8066669965778065e-06,1,0,0,0,0.9995604515579641,2,0.0
10370,7.616769842161487e-06,2,0.0,0,0,0,0,0.012958790017766002,2,0.0
10371,0.0,0,7.613333993155613e-06,2,0,0,0,77.13333993155614,2,0.0
10372,0.0,0,7.613333993155613e-06,2,0,0,0,77.13333993155614,2,0.0
10373,7.616769842161487e-06,1,3.8066669965778065e-06,1,0,0,0,0.5062567727798837,2,0.0
10374,3.8083849210807435e-06,1,3.8066669965778065e-06,1,0,0,0,0.9995604515579641,2,0.0
10375,3.8083849210807435e-06,1,3.8066669965778065e-06,1,0,0,0,0.9995604515579641,2,0.0
10376,7.616769842161487e-06,2,0.0,0,0,0,0,0.012958790017766002,2,0.0
10377,0.0,0,7.613333993155613e-06,2,0,0,0,77.13333993155614,2,0.0
10378,3.8083849210807435e-06,1,7.613333993155613e-06,2,0,0,0,1.9735348868920333,3,0.0
10379,7.616769842161487e-06,2,0.0,0,0,0,0,0.012958790017766002,2,0.0
10380,1.142515476324223e-05,3,7.613333993155613e-06,2,0,0,0,0.6692607736389057,5,0.0
10381,7.616769842161487e-06,2,0.0,0,0,0,0,0.012958790017766002,2,0.0
10382,0.0,0,7.613333993155613e-06,2,0,0,0,77.13333993155614,2,0.0
10383,3.8083849210807435e-06,1,3.8066669965778065e-06,1,0,0,0,0.9995604515579641,2,0.0
10384,1.142515476324223e-05,3,3.8066669965778065e-06,1,0,0,0,0.3389687233561098,3,0.0
10385,3.8083849210807435e-06,1,3.8066669965778065e-06,1,0,0,0,0.9995604515579641,2,0.0
10386,3.8083849210807435e-06,1,3.8066669965778065e-06,1,0,0,0,0.9995604515579641,2,0.0
10387,7.616769842161487e-06,2,3.8066669965778065e-06,1,0,0,0,0.5062567727798837,3,0.0
10388,3.8083849210807435e-06,1,3.8066669965778065e-06,1,0,0,0,0.9995604515579641,2,0.0
10389,3.8083849210807435e-06,1,7.613333993155613e-06,2,0,0,0,1.9735348868920333,2,0.0
10390,7.616769842161487e-06,2,0.0,0,0,0,0,0.012958790017766002,2,0.0
10391,0.0,0,7.613333993155613e-06,2,0,0,0,77.13333993155614,2,0.0
10392,3.8083849210807435e-06,1,1.142000098973342e-05,2,0,0,0,2.9475093222261024,3,0.0
10393,3.8083849210807435e-06,1,3.8066669965778065e-06,1,0,0,0,0.9995604515579641,2,0.0
10394,7.616769842161487e-06,2,0.0,0,0,0,0,0.012958790017766002,2,0.0
10395,3.8083849210807435e-06,1,3.8066669965778065e-06,1,0,0,0,0.9995604515579641,2,0.0
10396,3.8083849210807435e-06,1,7.613333993155613e-06,2,0,0,0,1.9735348868920333,3,0.0
10397,7.616769842161487e-06,2,0.0,0,0,0,0,0.012958790017766002,2,0.0
10398,3.8083849210807435e-06,1,3.8066669965778065e-06,1,0,0,0,0.9995604515579641,2,0.0
10399,3.8083849210807435e-06,1,7.613333993155613e-06,2,0,0,0,1.9735348868920333,3,0.0
10400,3.8083849210807435e-06,1,3.8066669965778065e-06,1,0,0,0,0.9995604515579641,2,0.0
10401,7.616769842161487e-06,2,0.0,0,0,0,0,0.012958790017766002,2,0.0
10402,3.8083849210807435e-06,1,3.8066669965778065e-06,1,0,0,0,0.9995604515579641,2,0.0
10403,3.8083849210807435e-06,1,3.8066669965778065e-06,1,0,0,0,0.9995604515579641,2,0.0
10404,3.8083849210807435e-06,1,3.8066669965778065e-06,1,0,0,0,0.9995604515579641,2,0.0
10405,3.8083849210807435e-06,1,3.8066669965778065e-06,1,0,0,0,0.9995604515579641,2,0.0
10406,3.8083849210807435e-06,1,7.613333993155613e-06,2,0,0,0,1.9735348868920333,2,0.0
10407,3.8083849210807435e-06,1,3.8066669965778065e-06,1,0,0,0,0.9995604515579641,2,0.0
10408,7.616769842161487e-06,2,3.8066669965778065e-06,1,0,0,0,0.5062567727798837,3,0.0
10409,3.8083849210807435e-06,1,3.8066669965778065e-06,1,0,0,0,0.9995604515579641,2,0.0
10410,3.8083849210807435e-06,1,3.8066669965778065e-06,1,0,0,0,0.9995604515579641,2,0.0
10411,7.616769842161487e-06,2,0.0,0,0,0,0,0.012958790017766002,2,0.0
10412,3.8083849210807435e-06,1,3.8066669965778065e-06,1,0,0,0,0.9995604515579641,2,0.0
10413,3.8083849210807435e-06,1,3.8066669965778065e-06,1,0,0,0,0.9995604515579641,2,0.0
10414,3.8083849210807435e-06,1,3.8066669965778065e-06,1,0,0,0,0.9995604515579641,2,0.0
10415,1.142515476324223e-05,3,3.8066669965778065e-06,1,0,0,0,0.3389687233561098,3,0.0
10416,7.616769842161487e-06,2,3.8066669965778065e-06,1,1,1,1,0.5062567727798837,2,0.5
10417,7.616769842161487e-06,2,0.0,0,0,0,0,0.012958790017766002,2,0.0
10418,3.8083849210807435e-06,1,3.8066669965778065e-06,1,0,0,0,0.9995604515579641,2,0.0
10419,7.616769842161487e-06,2,0.0,0,0,0,0,0.012958790017766002,2,0.0
10420,3.8083849210807435e-06,1,3.8066669965778065e-06,1,0,0,0,0.9995604515579641,2,0.0
10421,3.8083849210807435e-06,1,3.8066669965778065e-06,1,0,0,0,0.9995604515579641,2,0.0
10422,0.0,0,7.613333993155613e-06,2,0,0,0,77.13333993155614,2,0.0
10423,7.616769842161487e-06,2,0.0,0,0,0,0,0.012958790017766002,2,0.0
10424,3.8083849210807435e-06,1,3.8066669965778065e-06,1,0,0,0,0.9995604515579641,2,0.0
10425,0.0,0,7.613333993155613e-06,2,0,0,0,77.13333993155614,2,0.0
10426,3.8083849210807435e-06,1,3.8066669965778065e-06,1,0,0,0,0.9995604515579641,2,0.0
10427,0.0,0,7.613333993155613e-06,2,0,0,0,77.13333993155614,2,0.0
10428,3.8083849210807435e-06,1,3.8066669965778065e-06,1,0,0,0,0.9995604515579641,2,0.0
10429,7.616769842161487e-06,2,3.8066669965778065e-06,1,0,0,0,0.5062567727798837,3,0.0
10430,1.142515476324223e-05,3,3.8066669965778065e-06,1,0,0,0,0.3389687233561098,4,0.0
10431,3.8083849210807435e-06,1,3.8066669965778065e-06,1,0,0,0,0.9995604515579641,2,0.0
10432,7.616769842161487e-06,2,0.0,0,0,0,0,0.012958790017766002,2,0.0
10433,0.0,0,7.613333993155613e-06,2,0,0,0,77.13333993155614,2,0.0
10434,7.616769842161487e-06,2,0.0,0,0,0,0,0.012958790017766002,2,0.0
10435,3.8083849210807435e-06,1,3.8066669965778065e-06,1,0,0,0,0.9995604515579641,2,0.0
10436,7.616769842161487e-06,2,0.0,0,0,0,0,0.012958790017766002,2,0.0
10437,3.8083849210807435e-06,1,3.8066669965778065e-06,1,0,0,0,0.9995604515579641,2,0.0
10438,3.8083849210807435e-06,1,3.8066669965778065e-06,1,0,0,0,0.9995604515579641,2,0.0
10439,7.616769842161487e-06,2,0.0,0,0,0,0,0.012958790017766002,2,0.0
10440,3.8083849210807435e-06,1,7.613333993155613e-06,2,0,0,0,1.9735348868920333,3,0.0
10441,0.0,0,7.613333993155613e-06,2,0,0,0,77.13333993155614,2,0.0
10442,7.616769842161487e-06,2,0.0,0,0,0,0,0.012958790017766002,2,0.0
10443,3.8083849210807435e-06,1,3.8066669965778065e-06,1,0,0,0,0.9995604515579641,2,0.0
10444,7.616769842161487e-06,2,0.0,0,0,0,0,0.012958790017766002,2,0.0
10445,3.8083849210807435e-06,1,3.8066669965778065e-06,1,0,0,0,0.9995604515579641,2,0.0
10446,7.616769842161487e-06,2,0.0,0,0,0,0,0.012958790017766002,2,0.0
10447,7.616769842161487e-06,2,0.0,0,0,0,0,0.012958790017766002,2,0.0
10448,7.616769842161487e-06,2,0.0,0,0,0,0,0.012958790017766002,2,0.0
10449,7.616769842161487e-06,2,3.8066669965778065e-06,1,0,0,0,0.5062567727798837,3,0.0
10450,7.616769842161487e-06,1,3.8066669965778065e-06,1,0,0,0,0.5062567727798837,2,0.0
10451,3.8083849210807435e-06,1,3.8066669965778065e-06,1,0,0,0,0.9995604515579641,2,0.0
10452,0.0,0,7.613333993155613e-06,2,0,0,0,77.13333993155614,2,0.0
10453,3.8083849210807435e-06,1,3.8066669965778065e-06,1,0,0,0,0.9995604515579641,2,0.0
10454,3.8083849210807435e-06,1,3.8066669965778065e-06,1,0,0,0,0.9995604515579641,2,0.0
10455,7.616769842161487e-06,2,0.0,0,0,0,0,0.012958790017766002,2,0.0
10456,7.616769842161487e-06,2,3.8066669965778065e-06,1,0,0,0,0.5062567727798837,2,0.0
10457,3.8083849210807435e-06,1,3.8066669965778065e-06,1,0,0,0,0.9995604515579641,2,0.0
10458,7.616769842161487e-06,2,7.613333993155613e-06,2,0,0,0,0.9995547555420015,4,0.0
10459,1.142515476324223e-05,3,3.8066669965778065e-06,1,0,0,0,0.3389687233561098,4,0.0
10460,7.616769842161487e-06,2,0.0,0,0,0,0,0.012958790017766002,2,0.0
10461,7.616769842161487e-06,2,3.8066669965778065e-06,1,0,0,0,0.5062567727798837,3,0.0
10462,7.616769842161487e-06,2,0.0,0,0,0,0,0.012958790017766002,2,0.0
10463,7.616769842161487e-06,2,0.0,0,0,0,0,0.012958790017766002,2,0.0
10464,0.0,0,7.613333993155613e-06,2,0,0,0,77.13333993155614,2,0.0
10465,7.616769842161487e-06,2,0.0,0,0,0,0,0.012958790017766002,2,0.0
10466,0.0,0,7.613333993155613e-06,2,0,0,0,77.13333993155614,2,0.0
10467,7.616769842161487e-06,2,3.8066669965778065e-06,1,0,0,0,0.5062567727798837,2,0.0
10468,3.8083849210807435e-06,1,3.8066669965778065e-06,1,0,0,0,0.9995604515579641,2,0.0
10469,3.8083849210807435e-06,1,3.8066669965778065e-06,1,0,0,0,0.9995604515579641,2,0.0
10470,3.8083849210807435e-06,1,3.8066669965778065e-06,1,0,0,0,0.9995604515579641,2,0.0
10471,1.142515476324223e-05,3,3.8066669965778065e-06,1,0,0,0,0.3389687233561098,3,0.0
10472,1.142515476324223e-05,3,0.0,0,1,1,0,0.00867667307331396,3,0.0
10473,1.142515476324223e-05,2,0.0,0,0,0,0,0.00867667307331396,2,0.0
10474,3.8083849210807435e-06,1,3.8066669965778065e-06,1,0,0,0,0.9995604515579641,2,0.0
10475,0.0,0,7.613333993155613e-06,2,0,0,0,77.13333993155614,2,0.0
10476,1.142515476324223e-05,3,0.0,0,0,0,0,0.00867667307331396,3,0.0
10477,7.616769842161487e-06,2,0.0,0,0,0,0,0.012958790017766002,2,0.0
10478,3.8083849210807435e-06,1,3.8066669965778065e-06,1,0,0,0,0.9995604515579641,2,0.0
10479,3.8083849210807435e-06,1,3.8066669965778065e-06,1,0,0,0,0.9995604515579641,2,0.0
10480,7.616769842161487e-06,2,0.0,0,0,0,0,0.012958790017766002,2,0.0
10481,3.8083849210807435e-06,1,7.613333993155613e-06,2,0,0,0,1.9735348868920333,3,0.0
10482,7.616769842161487e-06,2,0.0,0,0,0,0,0.012958790017766002,2,0.0
10483,0.0,0,7.613333993155613e-06,2,0,0,0,77.13333993155614,2,0.0
10484,3.8083849210807435e-06,1,3.8066669965778065e-06,1,0,0,0,0.9995604515579641,2,0.0
10485,7.616769842161487e-06,2,0.0,0,0,0,0,0.012958790017766002,2,0.0
10486,7.616769842161487e-06,2,0.0,0,0,0,0,0.012958790017766002,2,0.0
10487,3.8083849210807435e-06,1,3.8066669965778065e-06,1,0,0,0,0.9995604515579641,2,0.0
10488,7.616769842161487e-06,2,3.8066669965778065e-06,1,0,0,0,0.5062567727798837,2,0.0
10489,3.8083849210807435e-06,1,3.8066669965778065e-06,1,0,0,0,0.9995604515579641,2,0.0
10490,3.8083849210807435e-06,1,3.8066669965778065e-06,1,0,0,0,0.9995604515579641,2,0.0
10491,3.8083849210807435e-06,1,3.8066669965778065e-06,1,0,0,0,0.9995604515579641,2,0.0
10492,3.8083849210807435e-06,1,3.8066669965778065e-06,1,0,0,0,0.9995604515579641,2,0.0
10493,7.616769842161487e-06,2,0.0,0,0,0,0,0.012958790017766002,2,0.0
10494,1.142515476324223e-05,3,0.0,0,0,0,0,0.00867667307331396,3,0.0
10495,7.616769842161487e-06,2,0.0,0,0,0,0,0.012958790017766002,2,0.0
10496,0.0,0,7.613333993155613e-06,2,0,0,0,77.13333993155614,2,0.0
10497,3.8083849210807435e-06,1,3.8066669965778065e-06,1,0,0,0,0.9995604515579641,2,0.0
10498,3.8083849210807435e-06,1,3.8066669965778065e-06,1,0,0,0,0.9995604515579641,2,0.0
10499,7.616769842161487e-06,2,0.0,0,0,0,0,0.012958790017766002,2,0.0
10500,3.8083849210807435e-06,1,3.8066669965778065e-06,1,0,0,0,0.9995604515579641,2,0.0
10501,3.8083849210807435e-06,1,3.8066669965778065e-06,1,0,0,0,0.9995604515579641,2,0.0
10502,3.8083849210807435e-06,1,3.8066669965778065e-06,1,0,0,0,0.9995604515579641,2,0.0
10503,3.8083849210807435e-06,1,3.8066669965778065e-06,1,0,0,0,0.9995604515579641,2,0.0
10504,3.8083849210807435e-06,1,3.8066669965778065e-06,1,0,0,0,0.9995604515579641,2,0.0
10505,7.616769842161487e-06,2,3.8066669965778065e-06,1,0,0,0,0.5062567727798837,3,0.0
10506,7.616769842161487e-06,2,5.710000494866709e-06,1,0,0,0,0.7529057641609425,2,0.0
10507,3.8083849210807435e-06,1,3.8066669965778065e-06,1,0,0,0,0.9995604515579641,2,0.0
10508,1.142515476324223e-05,3,3.8066669965778065e-06,1,0,0,0,0.3389687233561098,4,0.0
10509,3.8083849210807435e-06,1,7.613333993155613e-06,2,0,0,0,1.9735348868920333,3,0.0
10510,7.616769842161487e-06,2,0.0,0,0,0,0,0.012958790017766002,2,0.0
10511,3.8083849210807435e-06,1,3.8066669965778065e-06,1,0,0,0,0.9995604515579641,2,0.0
10512,3.8083849210807435e-06,1,7.613333993155613e-06,1,0,0,0,1.9735348868920333,2,0.0
10513,7.616769842161487e-06,2,0.0,0,0,0,0,0.012958790017766002,2,0.0
10514,0.0,0,7.613333993155613e-06,2,0,0,0,77.13333993155614,2,0.0
10515,1.142515476324223e-05,3,3.8066669965778065e-06,1,0,0,0,0.3389687233561098,3,0.0
10516,7.616769842161487e-06,2,1.713000148460013e-05,4,0,0,0,2.2327997124472954,4,0.0
10517,0.0,0,7.613333993155613e-06,2,0,0,0,77.13333993155614,2,0.0
10518,3.8083849210807435e-06,1,3.8066669965778065e-06,1,0,0,0,0.9995604515579641,2,0.0
10519,3.8083849210807435e-06,1,3.8066669965778065e-06,1,0,0,0,0.9995604515579641,2,0.0
10520,7.616769842161487e-06,2,9.516667491444516e-06,1,0,0,0,1.2462037469230602,2,0.0
10521,0.0,0,1.142000098973342e-05,3,0,0,0,115.20000989733421,3,0.0
10522,0.0,0,7.613333993155613e-06,2,0,0,0,77.13333993155614,2,0.0
10523,3.8083849210807435e-06,1,3.8066669965778065e-06,1,0,0,0,0.9995604515579641,2,0.0
10524,7.616769842161487e-06,2,0.0,0,0,0,0,0.012958790017766002,2,0.0
10525,3.8083849210807435e-06,1,3.8066669965778065e-06,1,0,0,0,0.9995604515579641,2,0.0
10526,7.616769842161487e-06,2,0.0,0,0,0,0,0.012958790017766002,2,0.0
10527,3.8083849210807435e-06,1,7.613333993155613e-06,2,0,0,0,1.9735348868920333,3,0.0
10528,3.8083849210807435e-06,1,3.8066669965778065e-06,1,0,0,0,0.9995604515579641,2,0.0
10529,3.8083849210807435e-06,1,3.8066669965778065e-06,1,0,0,0,0.9995604515579641,2,0.0
10530,7.616769842161487e-06,2,0.0,0,0,0,0,0.012958790017766002,2,0.0
10531,0.0,0,7.613333993155613e-06,2,0,0,0,77.13333993155614,2,0.0
10532,0.0,0,7.613333993155613e-06,2,0,0,0,77.13333993155614,2,0.0
10533,7.616769842161487e-06,2,0.0,0,0,0,0,0.012958790017766002,2,0.0
10534,7.616769842161487e-06,2,7.613333993155613e-06,2,0,0,0,0.9995547555420015,4,0.0
10535,7.616769842161487e-06,2,3.8066669965778065e-06,1,0,0,0,0.5062567727798837,3,0.0
10536,3.8083849210807435e-06,1,7.613333993155613e-06,2,0,0,0,1.9735348868920333,3,0.0
10537,0.0,0,7.613333993155613e-06,2,0,0,0,77.13333993155614,2,0.0
10538,3.8083849210807435e-06,1,7.613333993155613e-06,2,0,0,0,1.9735348868920333,3,0.0
10539,3.8083849210807435e-06,1,3.8066669965778065e-06,1,0,0,0,0.9995604515579641,2,0.0
10540,3.8083849210807435e-06,1,3.8066669965778065e-06,1,0,0,0,0.9995604515579641,2,0.0
10541,3.8083849210807435e-06,1,3.8066669965778065e-06,1,0,0,0,0.9995604515579641,2,0.0
10542,7.616769842161487e-06,2,1.142000098973342e-05,2,0,0,0,1.4928527383041192,3,0.0
10543,7.616769842161487e-06,2,1.9033334982889032e-05,4,0,0,0,2.479448703828354,6,0.0
10544,3.8083849210807435e-06,1,1.9033334982889032e-05,5,0,0,0,4.895458192894239,6,0.0
10545,0.0,0,1.9033334982889032e-05,5,0,0,0,191.3333498288903,5,0.0
10546,7.616769842161487e-06,2,0.0,0,0,0,0,0.012958790017766002,2,0.0
10547,7.616769842161487e-06,2,0.0,0,0,0,0,0.012958790017766002,2,0.0
10548,3.8083849210807435e-06,1,7.613333993155613e-06,2,0,0,0,1.9735348868920333,3,0.0
10549,3.8083849210807435e-06,1,3.8066669965778065e-06,1,0,0,0,0.9995604515579641,2,0.0
10550,3.8083849210807435e-06,1,3.8066669965778065e-06,1,0,0,0,0.9995604515579641,2,0.0
10551,0.0,0,7.613333993155613e-06,2,0,0,0,77.13333993155614,2,0.0
10552,3.8083849210807435e-06,1,1.142000098973342e-05,3,0,0,0,2.9475093222261024,3,0.0
10553,3.8083849210807435e-06,1,3.8066669965778065e-06,1,0,0,0,0.9995604515579641,2,0.0
10554,3.8083849210807435e-06,1,3.8066669965778065e-06,1,0,0,0,0.9995604515579641,2,0.0
10555,3.8083849210807435e-06,1,3.8066669965778065e-06,1,0,0,0,0.9995604515579641,2,0.0
10556,3.8083849210807435e-06,1,3.8066669965778065e-06,1,0,0,0,0.9995604515579641,2,0.0
10557,3.8083849210807435e-06,1,3.8066669965778065e-06,1,0,0,0,0.9995604515579641,2,0.0
10558,7.616769842161487e-06,2,7.613333993155613e-06,2,0,0,0,0.9995547555420015,4,0.0
10559,7.616769842161487e-06,2,3.8066669965778065e-06,1,0,0,0,0.5062567727798837,3,0.0
10560,3.8083849210807435e-06,1,3.8066669965778065e-06,1,0,0,0,0.9995604515579641,2,0.0
10561,7.616769842161487e-06,2,0.0,0,0,0,0,0.012958790017766002,2,0.0
10562,7.616769842161487e-06,2,3.8066669965778065e-06,1,0,0,0,0.5062567727798837,2,0.0
10563,0.0,0,7.613333993155613e-06,2,0,0,0,77.13333993155614,2,0.0
10564,3.8083849210807435e-06,1,7.613333993155613e-06,2,0,0,0,1.9735348868920333,3,0.0
10565,7.616769842161487e-06,2,0.0,0,0,0,0,0.012958790017766002,2,0.0
10566,7.616769842161487e-06,2,0.0,0,0,0,0,0.012958790017766002,2,0.0
10567,3.8083849210807435e-06,1,3.8066669965778065e-06,1,0,0,0,0.9995604515579641,2,0.0
10568,3.8083849210807435e-06,1,3.8066669965778065e-06,1,0,0,0,0.9995604515579641,2,0.0
10569,3.8083849210807435e-06,1,3.8066669965778065e-06,1,0,0,0,0.9995604515579641,2,0.0
10570,7.616769842161487e-06,2,0.0,0,0,0,0,0.012958790017766002,2,0.0
10571,3.8083849210807435e-06,1,3.8066669965778065e-06,1,0,0,0,0.9995604515579641,2,0.0
10572,7.616769842161487e-06,2,3.8066669965778065e-06,1,0,0,0,0.5062567727798837,3,0.0
10573,7.616769842161487e-06,2,0.0,0,0,0,0,0.012958790017766002,2,0.0
10574,0.0,0,7.613333993155613e-06,2,0,0,0,77.13333993155614,2,0.0
10575,3.8083849210807435e-06,1,3.8066669965778065e-06,1,0,0,0,0.9995604515579641,2,0.0
10576,3.8083849210807435e-06,1,3.8066669965778065e-06,1,0,0,0,0.9995604515579641,2,0.0
10577,3.8083849210807435e-06,1,3.8066669965778065e-06,1,0,0,0,0.9995604515579641,2,0.0
10578,3.8083849210807435e-06,1,3.8066669965778065e-06,1,0,0,0,0.9995604515579641,2,0.0
10579,7.616769842161487e-06,2,0.0,0,0,0,0,0.012958790017766002,2,0.0
10580,0.0,0,7.613333993155613e-06,2,0,0,0,77.13333993155614,2,0.0
10581,0.0,0,7.613333993155613e-06,2,0,0,0,77.13333993155614,2,0.0
10582,1.5233539684322974e-05,4,3.8066669965778065e-06,1,0,0,0,0.2547792014763549,4,0.0
10583,3.8083849210807435e-06,1,3.8066669965778065e-06,1,0,0,0,0.9995604515579641,2,0.0
10584,7.616769842161487e-06,2,0.0,0,0,0,0,0.012958790017766002,2,0.0
10585,3.8083849210807435e-06,1,3.8066669965778065e-06,1,0,0,0,0.9995604515579641,2,0.0
10586,3.8083849210807435e-06,1,7.613333993155613e-06,2,0,0,0,1.9735348868920333,3,0.0
10587,0.0,0,7.613333993155613e-06,2,0,0,0,77.13333993155614,2,0.0
10588,0.0,0,1.142000098973342e-05,3,1,0,1,115.20000989733421,3,0.3333333333333333
10589,3.8083849210807435e-06,1,3.8066669965778065e-06,1,0,0,0,0.9995604515579641,2,0.0
10590,0.0,0,7.613333993155613e-06,2,0,0,0,77.13333993155614,2,0.0
10591,7.616769842161487e-06,2,0.0,0,0,0,0,0.012958790017766002,2,0.0
10592,0.0,0,7.613333993155613e-06,2,0,0,0,77.13333993155614,2,0.0
10593,3.8083849210807435e-06,1,3.8066669965778065e-06,1,0,0,0,0.9995604515579641,2,0.0
10594,7.616769842161487e-06,2,0.0,0,1,1,0,0.012958790017766002,2,0.0
10595,7.616769842161487e-06,2,0.0,0,0,0,0,0.012958790017766002,2,0.0
10596,7.616769842161487e-06,2,0.0,0,0,0,0,0.012958790017766002,2,0.0
10597,7.616769842161487e-06,2,0.0,0,0,0,0,0.012958790017766002,2,0.0
10598,7.616769842161487e-06,2,0.0,0,0,0,0,0.012958790017766002,2,0.0
10599,1.142515476324223e-05,3,3.8066669965778065e-06,1,0,0,0,0.3389687233561098,3,0.0
10600,7.616769842161487e-06,2,0.0,0,0,0,0,0.012958790017766002,2,0.0
10601,0.0,0,7.613333993155613e-06,2,0,0,0,77.13333993155614,2,0.0
10602,7.616769842161487e-06,2,0.0,0,0,0,0,0.012958790017766002,2,0.0
10603,3.8083849210807435e-06,1,3.8066669965778065e-06,1,0,0,0,0.9995604515579641,2,0.0
10604,7.616769842161487e-06,2,0.0,0,0,0,0,0.012958790017766002,2,0.0
10605,7.616769842161487e-06,2,0.0,0,0,0,0,0.012958790017766002,2,0.0
10606,3.8083849210807435e-06,1,3.8066669965778065e-06,1,0,0,0,0.9995604515579641,2,0.0
10607,7.616769842161487e-06,2,0.0,0,0,0,0,0.012958790017766002,2,0.0
10608,3.8083849210807435e-06,1,3.8066669965778065e-06,1,0,0,0,0.9995604515579641,2,0.0
10609,3.8083849210807435e-06,1,1.142000098973342e-05,3,0,0,0,2.9475093222261024,4,0.0
10610,3.8083849210807435e-06,1,3.8066669965778065e-06,1,0,0,0,0.9995604515579641,2,0.0
10611,7.616769842161487e-06,2,0.0,0,0,0,0,0.012958790017766002,2,0.0
10612,7.616769842161487e-06,2,7.613333993155613e-06,1,0,0,0,0.9995547555420015,3,0.0
10613,0.0,0,7.613333993155613e-06,2,0,0,0,77.13333993155614,2,0.0
10614,0.0,0,1.142000098973342e-05,2,0,0,0,115.20000989733421,2,0.0
10615,7.616769842161487e-06,2,3.8066669965778065e-06,1,0,0,0,0.5062567727798837,3,0.0
10616,0.0,0,7.613333993155613e-06,2,0,0,0,77.13333993155614,2,0.0
10617,0.0,0,7.613333993155613e-06,2,0,0,0,77.13333993155614,2,0.0
10618,3.8083849210807435e-06,1,3.8066669965778065e-06,1,0,0,0,0.9995604515579641,2,0.0
10619,3.8083849210807435e-06,1,3.8066669965778065e-06,1,0,0,0,0.9995604515579641,2,0.0
10620,7.616769842161487e-06,2,3.8066669965778065e-06,1,0,0,0,0.5062567727798837,3,0.0
10621,7.616769842161487e-06,2,0.0,0,0,0,0,0.012958790017766002,2,0.0
10622,3.8083849210807435e-06,1,3.8066669965778065e-06,1,0,0,0,0.9995604515579641,2,0.0
10623,7.616769842161487e-06,2,0.0,0,0,0,0,0.012958790017766002,2,0.0
10624,0.0,0,7.613333993155613e-06,2,0,0,0,77.13333993155614,2,0.0
10625,3.8083849210807435e-06,1,3.8066669965778065e-06,1,0,0,0,0.9995604515579641,2,0.0
10626,3.8083849210807435e-06,1,3.8066669965778065e-06,1,0,0,0,0.9995604515579641,2,0.0
10627,0.0,0,7.613333993155613e-06,2,0,0,0,77.13333993155614,2,0.0
10628,0.0,0,7.613333993155613e-06,2,0,0,0,77.13333993155614,2,0.0
10629,3.8083849210807435e-06,1,3.8066669965778065e-06,1,0,0,0,0.9995604515579641,2,0.0
10630,7.616769842161487e-06,2,0.0,0,0,0,0,0.012958790017766002,2,0.0
10631,3.8083849210807435e-06,1,3.8066669965778065e-06,1,0,0,0,0.9995604515579641,2,0.0
10632,3.8083849210807435e-06,1,3.8066669965778065e-06,1,0,0,0,0.9995604515579641,2,0.0
10633,3.8083849210807435e-06,1,9.516667491444516e-06,2,0,0,0,2.4605221045590673,2,0.0
10634,7.616769842161487e-06,2,3.8066669965778065e-06,1,0,0,0,0.5062567727798837,3,0.0
10635,7.616769842161487e-06,2,7.613333993155613e-06,2,0,0,0,0.9995547555420015,3,0.0
10636,0.0,0,7.613333993155613e-06,2,0,0,0,77.13333993155614,2,0.0
10637,3.8083849210807435e-06,1,3.8066669965778065e-06,1,0,0,0,0.9995604515579641,2,0.0
10638,0.0,0,7.613333993155613e-06,2,0,0,0,77.13333993155614,2,0.0
10639,0.0,0,7.613333993155613e-06,2,0,0,0,77.13333993155614,2,0.0
10640,3.8083849210807435e-06,1,3.8066669965778065e-06,1,0,0,0,0.9995604515579641,2,0.0
10641,3.8083849210807435e-06,1,3.8066669965778065e-06,1,0,0,0,0.9995604515579641,2,0.0
10642,7.616769842161487e-06,2,0.0,0,0,0,0,0.012958790017766002,2,0.0
10643,7.616769842161487e-06,2,0.0,0,0,0,0,0.012958790017766002,2,0.0
10644,7.616769842161487e-06,2,5.710000494866709e-06,1,0,0,0,0.7529057641609425,2,0.0
10645,7.616769842161487e-06,2,0.0,0,0,0,0,0.012958790017766002,2,0.0
10646,7.616769842161487e-06,2,0.0,0,0,0,0,0.012958790017766002,2,0.0
10647,7.616769842161487e-06,2,0.0,0,0,0,0,0.012958790017766002,2,0.0
10648,0.0,0,7.613333993155613e-06,2,0,0,0,77.13333993155614,2,0.0
10649,0.0,0,7.613333993155613e-06,2,0,0,0,77.13333993155614,2,0.0
10650,0.0,0,7.613333993155613e-06,2,0,0,0,77.13333993155614,2,0.0
10651,7.616769842161487e-06,2,0.0,0,0,0,0,0.012958790017766002,2,0.0
10652,0.0,0,7.613333993155613e-06,2,0,0,0,77.13333993155614,2,0.0
10653,3.8083849210807435e-06,1,7.613333993155613e-06,2,0,0,0,1.9735348868920333,3,0.0
10654,3.8083849210807435e-06,1,3.8066669965778065e-06,1,0,0,0,0.9995604515579641,2,0.0
10655,1.142515476324223e-05,3,3.8066669965778065e-06,1,0,0,0,0.3389687233561098,4,0.0
10656,7.616769842161487e-06,2,1.142000098973342e-05,3,0,0,0,1.4928527383041192,4,0.0
10657,3.8083849210807435e-06,1,7.613333993155613e-06,2,0,0,0,1.9735348868920333,3,0.0
10658,3.8083849210807435e-06,1,3.8066669965778065e-06,1,0,0,0,0.9995604515579641,2,0.0
10659,0.0,0,7.613333993155613e-06,2,0,0,0,77.13333993155614,2,0.0
10660,3.8083849210807435e-06,1,7.613333993155613e-06,2,0,0,0,1.9735348868920333,3,0.0
10661,3.8083849210807435e-06,1,7.613333993155613e-06,2,0,0,0,1.9735348868920333,3,0.0
10662,0.0,0,7.613333993155613e-06,2,0,0,0,77.13333993155614,2,0.0
10663,3.8083849210807435e-06,1,7.613333993155613e-06,2,0,0,0,1.9735348868920333,3,0.0
10664,7.616769842161487e-06,2,0.0,0,0,0,0,0.012958790017766002,2,0.0
10665,3.8083849210807435e-06,1,3.8066669965778065e-06,1,2,1,1,0.9995604515579641,2,0.5
10666,7.616769842161487e-06,2,7.613333993155613e-06,2,1,0,1,0.9995547555420015,4,0.25
10667,0.0,0,1.142000098973342e-05,3,0,0,0,115.20000989733421,3,0.0
10668,3.8083849210807435e-06,1,7.613333993155613e-06,2,2,0,2,1.9735348868920333,3,0.6666666666666666
10669,0.0,0,7.613333993155613e-06,2,0,0,0,77.13333993155614,2,0.0
10670,3.8083849210807435e-06,1,3.8066669965778065e-06,1,0,0,0,0.9995604515579641,2,0.0
10671,3.8083849210807435e-06,1,3.8066669965778065e-06,1,0,0,0,0.9995604515579641,2,0.0
10672,0.0,0,7.613333993155613e-06,2,0,0,0,77.13333993155614,2,0.0
10673,3.8083849210807435e-06,1,3.8066669965778065e-06,1,2,1,1,0.9995604515579641,2,0.5
10674,7.616769842161487e-06,2,0.0,0,0,0,0,0.012958790017766002,2,0.0
10675,7.616769842161487e-06,2,0.0,0,0,0,0,0.012958790017766002,2,0.0
10676,0.0,0,7.613333993155613e-06,2,0,0,0,77.13333993155614,2,0.0
10677,3.8083849210807435e-06,1,3.8066669965778065e-06,1,0,0,0,0.9995604515579641,2,0.0
10678,3.8083849210807435e-06,1,3.8066669965778065e-06,1,0,0,0,0.9995604515579641,2,0.0
10679,3.8083849210807435e-06,1,3.8066669965778065e-06,1,0,0,0,0.9995604515579641,2,0.0
10680,3.8083849210807435e-06,1,7.613333993155613e-06,2,0,0,0,1.9735348868920333,3,0.0
10681,0.0,0,7.613333993155613e-06,2,0,0,0,77.13333993155614,2,0.0
10682,0.0,0,7.613333993155613e-06,2,0,0,0,77.13333993155614,2,0.0
10683,3.8083849210807435e-06,1,1.5226667986311226e-05,4,0,0,0,3.9214837575601704,5,0.0
10684,0.0,0,7.613333993155613e-06,2,0,0,0,77.13333993155614,2,0.0
10685,7.616769842161487e-06,2,0.0,0,0,0,0,0.012958790017766002,2,0.0
10686,7.616769842161487e-06,2,0.0,0,0,0,0,0.012958790017766002,2,0.0
10687,3.8083849210807435e-06,1,3.8066669965778065e-06,1,0,0,0,0.9995604515579641,2,0.0
10688,7.616769842161487e-06,2,7.613333993155613e-06,2,0,0,0,0.9995547555420015,4,0.0
10689,3.8083849210807435e-06,1,7.613333993155613e-06,2,0,0,0,1.9735348868920333,3,0.0
10690,3.8083849210807435e-06,1,3.8066669965778065e-06,1,0,0,0,0.9995604515579641,2,0.0
10691,3.8083849210807435e-06,1,1.142000098973342e-05,3,1,0,1,2.9475093222261024,4,0.25
10692,7.616769842161487e-06,2,3.8066669965778065e-06,1,2,2,0,0.5062567727798837,3,0.0
10693,7.616769842161487e-06,2,3.8066669965778065e-06,1,1,1,0,0.5062567727798837,3,0.0
10694,0.0,0,1.142000098973342e-05,3,0,0,0,115.20000989733421,3,0.0
10695,1.142515476324223e-05,3,0.0,0,0,0,0,0.00867667307331396,3,0.0
10696,7.616769842161487e-06,2,0.0,0,0,0,0,0.012958790017766002,2,0.0
10697,3.8083849210807435e-06,1,7.613333993155613e-06,1,0,0,0,1.9735348868920333,2,0.0
10698,1.142515476324223e-05,2,3.8066669965778065e-06,1,0,0,0,0.3389687233561098,3,0.0
10699,1.5233539684322974e-05,4,1.713000148460013e-05,3,0,0,0,1.1236806268689608,6,0.0
10700,3.8083849210807435e-06,1,3.8066669965778065e-06,1,0,0,0,0.9995604515579641,2,0.0
10701,3.8083849210807435e-06,1,3.8066669965778065e-06,1,0,0,0,0.9995604515579641,2,0.0
10702,1.142515476324223e-05,3,1.142000098973342e-05,2,0,0,0,0.9995528239217015,4,0.0
10703,7.616769842161487e-06,2,0.0,0,0,0,0,0.012958790017766002,2,0.0
10704,0.0,0,7.613333993155613e-06,2,0,0,0,77.13333993155614,2,0.0
10705,7.616769842161487e-06,2,0.0,0,0,0,0,0.012958790017766002,2,0.0
10706,0.0,0,7.613333993155613e-06,2,0,0,0,77.13333993155614,2,0.0
10707,3.8083849210807435e-06,1,3.8066669965778065e-06,1,0,0,0,0.9995604515579641,2,0.0
10708,7.616769842161487e-06,2,5.710000494866709e-06,1,0,0,0,0.7529057641609425,2,0.0
10709,0.0,0,7.613333993155613e-06,2,0,0,0,77.13333993155614,2,0.0
10710,7.616769842161487e-06,2,5.710000494866709e-06,1,0,0,0,0.7529057641609425,2,0.0
10711,7.616769842161487e-06,2,0.0,0,0,0,0,0.012958790017766002,2,0.0
10712,7.616769842161487e-06,2,1.3323334488022322e-05,1,0,0,0,1.7395017296851778,2,0.0
10713,0.0,0,7.613333993155613e-06,2,0,0,0,77.13333993155614,2,0.0
10714,0.0,0,7.613333993155613e-06,2,0,0,0,77.13333993155614,2,0.0
10715,0.0,0,7.613333993155613e-06,2,0,0,0,77.13333993155614,2,0.0
10716,7.616769842161487e-06,2,0.0,0,0,0,0,0.012958790017766002,2,0.0
10717,3.8083849210807435e-06,1,3.8066669965778065e-06,1,0,0,0,0.9995604515579641,2,0.0
10718,7.616769842161487e-06,2,0.0,0,0,0,0,0.012958790017766002,2,0.0
10719,7.616769842161487e-06,2,0.0,0,0,0,0,0.012958790017766002,2,0.0
10720,7.616769842161487e-06,2,0.0,0,0,0,0,0.012958790017766002,2,0.0
10721,3.8083849210807435e-06,1,3.8066669965778065e-06,1,0,0,0,0.9995604515579641,2,0.0
10722,0.0,0,7.613333993155613e-06,2,0,0,0,77.13333993155614,2,0.0
10723,3.8083849210807435e-06,1,3.8066669965778065e-06,1,0,0,0,0.9995604515579641,2,0.0
10724,3.8083849210807435e-06,1,3.8066669965778065e-06,1,0,0,0,0.9995604515579641,2,0.0
10725,7.616769842161487e-06,2,3.8066669965778065e-06,1,0,0,0,0.5062567727798837,3,0.0
10726,0.0,0,7.613333993155613e-06,2,0,0,0,77.13333993155614,2,0.0
10727,0.0,0,7.613333993155613e-06,2,0,0,0,77.13333993155614,2,0.0
10728,3.8083849210807435e-06,1,3.8066669965778065e-06,1,0,0,0,0.9995604515579641,2,0.0
10729,3.8083849210807435e-06,1,3.8066669965778065e-06,1,0,0,0,0.9995604515579641,2,0.0
10730,3.8083849210807435e-06,1,3.8066669965778065e-06,1,0,0,0,0.9995604515579641,2,0.0
10731,3.8083849210807435e-06,1,3.8066669965778065e-06,1,0,0,0,0.9995604515579641,2,0.0
10732,3.8083849210807435e-06,1,3.8066669965778065e-06,1,0,0,0,0.9995604515579641,2,0.0
10733,0.0,0,7.613333993155613e-06,2,0,0,0,77.13333993155614,2,0.0
10734,0.0,0,7.613333993155613e-06,2,0,0,0,77.13333993155614,2,0.0
10735,0.0,0,7.613333993155613e-06,2,0,0,0,77.13333993155614,2,0.0
10736,3.8083849210807435e-06,1,3.8066669965778065e-06,1,0,0,0,0.9995604515579641,2,0.0
10737,0.0,0,7.613333993155613e-06,2,0,0,0,77.13333993155614,2,0.0
10738,3.8083849210807435e-06,1,3.8066669965778065e-06,1,0,0,0,0.9995604515579641,2,0.0
10739,3.8083849210807435e-06,1,3.8066669965778065e-06,1,0,0,0,0.9995604515579641,2,0.0
10740,0.0,0,7.613333993155613e-06,2,0,0,0,77.13333993155614,2,0.0
10741,3.8083849210807435e-06,1,3.8066669965778065e-06,1,0,0,0,0.9995604515579641,2,0.0
10742,3.8083849210807435e-06,1,7.613333993155613e-06,2,0,0,0,1.9735348868920333,3,0.0
10743,0.0,0,7.613333993155613e-06,2,0,0,0,77.13333993155614,2,0.0
10744,7.616769842161487e-06,2,0.0,0,0,0,0,0.012958790017766002,2,0.0
10745,3.8083849210807435e-06,1,3.8066669965778065e-06,1,0,0,0,0.9995604515579641,2,0.0
10746,7.616769842161487e-06,2,7.613333993155613e-06,2,0,0,0,0.9995547555420015,3,0.0
10747,3.8083849210807435e-06,1,9.516667491444516e-06,2,0,0,0,2.4605221045590673,2,0.0
10748,3.8083849210807435e-06,1,3.8066669965778065e-06,1,0,0,0,0.9995604515579641,2,0.0
10749,7.616769842161487e-06,2,0.0,0,0,0,0,0.012958790017766002,2,0.0
10750,7.616769842161487e-06,2,1.142000098973342e-05,3,0,0,0,1.4928527383041192,5,0.0
10751,3.8083849210807435e-06,1,7.613333993155613e-06,2,0,0,0,1.9735348868920333,3,0.0
10752,3.8083849210807435e-06,1,3.8066669965778065e-06,1,0,0,0,0.9995604515579641,2,0.0
10753,0.0,0,7.613333993155613e-06,2,0,0,0,77.13333993155614,2,0.0
10754,0.0,0,7.613333993155613e-06,2,0,0,0,77.13333993155614,2,0.0
10755,0.0,0,7.613333993155613e-06,2,0,0,0,77.13333993155614,2,0.0
10756,3.8083849210807435e-06,1,3.8066669965778065e-06,1,0,0,0,0.9995604515579641,2,0.0
10757,3.8083849210807435e-06,1,7.613333993155613e-06,2,0,0,0,1.9735348868920333,2,0.0
10758,3.8083849210807435e-06,1,3.8066669965778065e-06,1,0,0,0,0.9995604515579641,2,0.0
10759,7.616769842161487e-06,2,0.0,0,0,0,0,0.012958790017766002,2,0.0
10760,0.0,0,7.613333993155613e-06,2,0,0,0,77.13333993155614,2,0.0
10761,7.616769842161487e-06,2,3.8066669965778065e-06,1,0,0,0,0.5062567727798837,3,0.0
10762,0.0,0,7.613333993155613e-06,2,0,0,0,77.13333993155614,2,0.0
10763,0.0,0,7.613333993155613e-06,2,0,0,0,77.13333993155614,2,0.0
10764,7.616769842161487e-06,2,0.0,0,0,0,0,0.012958790017766002,2,0.0
10765,0.0,0,1.142000098973342e-05,3,0,0,0,115.20000989733421,3,0.0
10766,3.8083849210807435e-06,1,3.8066669965778065e-06,1,0,0,0,0.9995604515579641,2,0.0
10767,0.0,0,7.613333993155613e-06,2,1,0,1,77.13333993155614,2,0.5
10768,7.616769842161487e-06,2,0.0,0,0,0,0,0.012958790017766002,2,0.0
10769,7.616769842161487e-06,2,0.0,0,0,0,0,0.012958790017766002,2,0.0
10770,7.616769842161487e-06,2,0.0,0,0,0,0,0.012958790017766002,2,0.0
10771,3.8083849210807435e-06,1,3.8066669965778065e-06,1,0,0,0,0.9995604515579641,2,0.0
10772,3.8083849210807435e-06,1,3.8066669965778065e-06,1,0,0,0,0.9995604515579641,2,0.0
10773,3.8083849210807435e-06,1,3.8066669965778065e-06,1,0,0,0,0.9995604515579641,2,0.0
10774,0.0,0,7.613333993155613e-06,2,0,0,0,77.13333993155614,2,0.0
10775,3.8083849210807435e-06,1,3.8066669965778065e-06,1,0,0,0,0.9995604515579641,2,0.0
10776,3.8083849210807435e-06,1,7.613333993155613e-06,2,2,0,2,1.9735348868920333,3,0.6666666666666666
10777,3.8083849210807435e-06,1,3.8066669965778065e-06,1,0,0,0,0.9995604515579641,2,0.0
10778,0.0,0,1.5226667986311226e-05,4,0,0,0,153.26667986311224,4,0.0
10779,3.8083849210807435e-06,1,3.8066669965778065e-06,1,0,0,0,0.9995604515579641,2,0.0
10780,0.0,0,7.613333993155613e-06,2,0,0,0,77.13333993155614,2,0.0
10781,3.8083849210807435e-06,1,3.8066669965778065e-06,1,0,0,0,0.9995604515579641,2,0.0
10782,0.0,0,1.142000098973342e-05,3,0,0,0,115.20000989733421,3,0.0
10783,3.8083849210807435e-06,1,3.8066669965778065e-06,1,0,0,0,0.9995604515579641,2,0.0
10784,0.0,0,7.613333993155613e-06,2,0,0,0,77.13333993155614,2,0.0
10785,7.616769842161487e-06,2,0.0,0,0,0,0,0.012958790017766002,2,0.0
10786,3.8083849210807435e-06,1,3.8066669965778065e-06,1,0,0,0,0.9995604515579641,2,0.0
10787,1.142515476324223e-05,2,5.710000494866709e-06,1,0,0,0,0.5041147484975076,2,0.0
10788,3.8083849210807435e-06,1,3.8066669965778065e-06,1,0,0,0,0.9995604515579641,2,0.0
10789,3.8083849210807435e-06,1,3.8066669965778065e-06,1,0,0,0,0.9995604515579641,2,0.0
10790,7.616769842161487e-06,2,0.0,0,0,0,0,0.012958790017766002,2,0.0
10791,0.0,0,7.613333993155613e-06,2,0,0,0,77.13333993155614,2,0.0
10792,0.0,0,7.613333993155613e-06,2,0,0,0,77.13333993155614,2,0.0
10793,7.616769842161487e-06,2,3.8066669965778065e-06,1,0,0,0,0.5062567727798837,3,0.0
10794,3.8083849210807435e-06,1,3.8066669965778065e-06,1,0,0,0,0.9995604515579641,2,0.0
10795,3.8083849210807435e-06,1,3.8066669965778065e-06,1,0,0,0,0.9995604515579641,2,0.0
10796,7.616769842161487e-06,2,0.0,0,0,0,0,0.012958790017766002,2,0.0
10797,3.8083849210807435e-06,1,3.8066669965778065e-06,1,0,0,0,0.9995604515579641,2,0.0
10798,0.0,0,7.613333993155613e-06,2,0,0,0,77.13333993155614,2,0.0
10799,0.0,0,7.613333993155613e-06,2,0,0,0,77.13333993155614,2,0.0
10800,0.0,0,7.613333993155613e-06,2,0,0,0,77.13333993155614,2,0.0
10801,3.8083849210807435e-06,1,7.613333993155613e-06,2,0,0,0,1.9735348868920333,3,0.0
10802,3.8083849210807435e-06,1,3.8066669965778065e-06,1,1,0,1,0.9995604515579641,2,0.5
10803,0.0,0,7.613333993155613e-06,2,0,0,0,77.13333993155614,2,0.0
10804,7.616769842161487e-06,2,0.0,0,0,0,0,0.012958790017766002,2,0.0
10805,3.8083849210807435e-06,1,3.8066669965778065e-06,1,0,0,0,0.9995604515579641,2,0.0
10806,3.8083849210807435e-06,1,3.8066669965778065e-06,1,0,0,0,0.9995604515579641,2,0.0
10807,3.8083849210807435e-06,1,3.8066669965778065e-06,1,0,0,0,0.9995604515579641,2,0.0
10808,3.8083849210807435e-06,1,3.8066669965778065e-06,1,0,0,0,0.9995604515579641,2,0.0
10809,0.0,0,7.613333993155613e-06,2,0,0,0,77.13333993155614,2,0.0
10810,0.0,0,1.142000098973342e-05,3,1,0,1,115.20000989733421,3,0.3333333333333333
10811,0.0,0,7.613333993155613e-06,2,1,0,1,77.13333993155614,2,0.5
10812,3.8083849210807435e-06,1,3.8066669965778065e-06,1,0,0,0,0.9995604515579641,2,0.0
10813,3.8083849210807435e-06,1,3.8066669965778065e-06,1,1,0,1,0.9995604515579641,2,0.5
10814,7.616769842161487e-06,2,1.5226667986311226e-05,4,0,0,0,1.9861507210662366,6,0.0
10815,3.8083849210807435e-06,1,3.8066669965778065e-06,1,0,0,0,0.9995604515579641,2,0.0
10816,0.0,0,7.613333993155613e-06,2,0,0,0,77.13333993155614,2,0.0
10817,0.0,0,7.613333993155613e-06,2,0,0,0,77.13333993155614,2,0.0
10818,3.8083849210807435e-06,1,3.8066669965778065e-06,1,0,0,0,0.9995604515579641,2,0.0
10819,0.0,0,7.613333993155613e-06,2,0,0,0,77.13333993155614,2,0.0
10820,0.0,0,1.142000098973342e-05,3,0,0,0,115.20000989733421,3,0.0
10821,0.0,0,7.613333993155613e-06,2,0,0,0,77.13333993155614,2,0.0
10822,3.8083849210807435e-06,1,1.142000098973342e-05,3,0,0,0,2.9475093222261024,4,0.0
10823,3.8083849210807435e-06,1,3.8066669965778065e-06,1,0,0,0,0.9995604515579641,2,0.0
10824,3.8083849210807435e-06,1,3.8066669965778065e-06,1,0,0,0,0.9995604515579641,2,0.0
10825,3.8083849210807435e-06,1,3.8066669965778065e-06,1,0,0,0,0.9995604515579641,2,0.0
10826,0.0,0,7.613333993155613e-06,2,0,0,0,77.13333993155614,2,0.0
10827,0.0,0,7.613333993155613e-06,2,0,0,0,77.13333993155614,2,0.0
10828,0.0,0,7.613333993155613e-06,2,0,0,0,77.13333993155614,2,0.0
10829,3.8083849210807435e-06,1,3.8066669965778065e-06,1,0,0,0,0.9995604515579641,2,0.0
10830,3.8083849210807435e-06,1,3.8066669965778065e-06,1,0,0,0,0.9995604515579641,2,0.0
10831,3.8083849210807435e-06,1,3.8066669965778065e-06,1,0,0,0,0.9995604515579641,2,0.0
10832,0.0,0,7.613333993155613e-06,2,0,0,0,77.13333993155614,2,0.0
10833,3.8083849210807435e-06,1,3.8066669965778065e-06,1,0,0,0,0.9995604515579641,2,0.0
10834,7.616769842161487e-06,2,3.8066669965778065e-06,1,0,0,0,0.5062567727798837,2,0.0
10835,3.8083849210807435e-06,1,3.8066669965778065e-06,1,0,0,0,0.9995604515579641,2,0.0
10836,3.8083849210807435e-06,1,3.8066669965778065e-06,1,0,0,0,0.9995604515579641,2,0.0
10837,3.8083849210807435e-06,1,3.8066669965778065e-06,1,0,0,0,0.9995604515579641,2,0.0
10838,3.8083849210807435e-06,1,3.8066669965778065e-06,1,0,0,0,0.9995604515579641,2,0.0
10839,0.0,0,7.613333993155613e-06,2,0,0,0,77.13333993155614,2,0.0
10840,3.8083849210807435e-06,1,3.8066669965778065e-06,1,0,0,0,0.9995604515579641,2,0.0
10841,3.8083849210807435e-06,1,3.8066669965778065e-06,1,0,0,0,0.9995604515579641,2,0.0
10842,3.8083849210807435e-06,1,3.8066669965778065e-06,1,0,0,0,0.9995604515579641,2,0.0
10843,3.8083849210807435e-06,1,3.8066669965778065e-06,1,0,0,0,0.9995604515579641,2,0.0
10844,3.8083849210807435e-06,1,3.8066669965778065e-06,1,0,0,0,0.9995604515579641,2,0.0
10845,3.8083849210807435e-06,1,7.613333993155613e-06,2,2,1,1,1.9735348868920333,3,0.3333333333333333
10846,7.616769842161487e-06,2,3.8066669965778065e-06,1,0,0,0,0.5062567727798837,3,0.0
10847,3.8083849210807435e-06,1,3.8066669965778065e-06,1,0,0,0,0.9995604515579641,2,0.0
10848,3.8083849210807435e-06,1,3.8066669965778065e-06,1,0,0,0,0.9995604515579641,2,0.0
10849,3.8083849210807435e-06,1,3.8066669965778065e-06,1,0,0,0,0.9995604515579641,2,0.0
10850,7.616769842161487e-06,2,0.0,0,0,0,0,0.012958790017766002,2,0.0
10851,0.0,0,1.5226667986311226e-05,4,0,0,0,153.26667986311224,4,0.0
10852,3.8083849210807435e-06,1,3.8066669965778065e-06,1,0,0,0,0.9995604515579641,2,0.0
10853,7.616769842161487e-06,2,0.0,0,0,0,0,0.012958790017766002,2,0.0
10854,0.0,0,1.142000098973342e-05,3,0,0,0,115.20000989733421,3,0.0
10855,7.616769842161487e-06,2,3.8066669965778065e-06,1,0,0,0,0.5062567727798837,3,0.0
10856,3.8083849210807435e-06,1,3.8066669965778065e-06,1,0,0,0,0.9995604515579641,2,0.0
10857,3.8083849210807435e-06,1,7.613333993155613e-06,2,0,0,0,1.9735348868920333,3,0.0
10858,7.616769842161487e-06,2,3.8066669965778065e-06,1,0,0,0,0.5062567727798837,2,0.0
10859,7.616769842161487e-06,2,7.613333993155613e-06,2,0,0,0,0.9995547555420015,3,0.0
10860,0.0,0,7.613333993155613e-06,2,0,0,0,77.13333993155614,2,0.0
10861,7.616769842161487e-06,2,0.0,0,0,0,0,0.012958790017766002,2,0.0
10862,7.616769842161487e-06,2,0.0,0,0,0,0,0.012958790017766002,2,0.0
10863,0.0,0,7.613333993155613e-06,2,0,0,0,77.13333993155614,2,0.0
10864,1.142515476324223e-05,3,3.8066669965778065e-06,1,4,3,1,0.3389687233561098,4,0.25
10865,0.0,0,7.613333993155613e-06,2,1,0,1,77.13333993155614,2,0.5
10866,3.8083849210807435e-06,1,3.8066669965778065e-06,1,0,0,0,0.9995604515579641,2,0.0
10867,7.616769842161487e-06,2,0.0,0,0,0,0,0.012958790017766002,2,0.0
10868,3.8083849210807435e-06,1,3.8066669965778065e-06,1,0,0,0,0.9995604515579641,2,0.0
10869,7.616769842161487e-06,2,0.0,0,0,0,0,0.012958790017766002,2,0.0
10870,3.8083849210807435e-06,1,3.8066669965778065e-06,1,0,0,0,0.9995604515579641,2,0.0
10871,3.8083849210807435e-06,1,3.8066669965778065e-06,1,0,0,0,0.9995604515579641,2,0.0
10872,3.8083849210807435e-06,1,7.613333993155613e-06,2,0,0,0,1.9735348868920333,3,0.0
10873,1.142515476324223e-05,3,0.0,0,0,0,0,0.00867667307331396,3,0.0
10874,7.616769842161487e-06,2,0.0,0,0,0,0,0.012958790017766002,2,0.0
10875,0.0,0,7.613333993155613e-06,2,0,0,0,77.13333993155614,2,0.0
10876,3.8083849210807435e-06,1,3.8066669965778065e-06,1,1,0,1,0.9995604515579641,2,0.5
10877,0.0,0,7.613333993155613e-06,2,0,0,0,77.13333993155614,2,0.0
10878,3.8083849210807435e-06,1,3.8066669965778065e-06,1,0,0,0,0.9995604515579641,2,0.0
10879,3.8083849210807435e-06,1,1.142000098973342e-05,3,1,0,1,2.9475093222261024,4,0.25
10880,7.616769842161487e-06,2,0.0,0,0,0,0,0.012958790017766002,2,0.0
10881,3.8083849210807435e-06,1,3.8066669965778065e-06,1,0,0,0,0.9995604515579641,2,0.0
10882,1.5233539684322974e-05,4,0.0,0,0,0,0,0.006521651364181754,4,0.0
10883,7.616769842161487e-06,2,5.710000494866709e-06,1,0,0,0,0.7529057641609425,2,0.0
10884,3.8083849210807435e-06,1,3.8066669965778065e-06,1,0,0,0,0.9995604515579641,2,0.0
10885,7.616769842161487e-06,2,0.0,0,0,0,0,0.012958790017766002,2,0.0
10886,7.616769842161487e-06,2,0.0,0,0,0,0,0.012958790017766002,2,0.0
10887,0.0,0,7.613333993155613e-06,2,0,0,0,77.13333993155614,2,0.0
10888,0.0,0,7.613333993155613e-06,2,0,0,0,77.13333993155614,2,0.0
10889,3.8083849210807435e-06,1,3.8066669965778065e-06,1,0,0,0,0.9995604515579641,2,0.0
10890,3.8083849210807435e-06,1,3.8066669965778065e-06,1,1,0,1,0.9995604515579641,2,0.5
10891,7.616769842161487e-06,2,0.0,0,0,0,0,0.012958790017766002,2,0.0
10892,3.8083849210807435e-06,1,3.8066669965778065e-06,1,0,0,0,0.9995604515579641,2,0.0
10893,3.8083849210807435e-06,1,3.8066669965778065e-06,1,0,0,0,0.9995604515579641,2,0.0
10894,3.8083849210807435e-06,1,3.8066669965778065e-06,1,0,0,0,0.9995604515579641,2,0.0
10895,0.0,0,7.613333993155613e-06,2,0,0,0,77.13333993155614,2,0.0
10896,3.8083849210807435e-06,1,3.8066669965778065e-06,1,0,0,0,0.9995604515579641,2,0.0
10897,3.8083849210807435e-06,1,3.8066669965778065e-06,1,0,0,0,0.9995604515579641,2,0.0
10898,7.616769842161487e-06,2,0.0,0,0,0,0,0.012958790017766002,2,0.0
10899,0.0,0,7.613333993155613e-06,2,0,0,0,77.13333993155614,2,0.0
10900,3.8083849210807435e-06,1,3.8066669965778065e-06,1,0,0,0,0.9995604515579641,2,0.0
10901,7.616769842161487e-06,2,3.8066669965778065e-06,1,0,0,0,0.5062567727798837,3,0.0
10902,7.616769842161487e-06,2,0.0,0,0,0,0,0.012958790017766002,2,0.0
10903,0.0,0,7.613333993155613e-06,2,0,0,0,77.13333993155614,2,0.0
10904,0.0,0,1.5226667986311226e-05,3,2,0,2,153.26667986311224,3,0.6666666666666666
10905,7.616769842161487e-06,2,0.0,0,0,0,0,0.012958790017766002,2,0.0
10906,7.616769842161487e-06,2,0.0,0,0,0,0,0.012958790017766002,2,0.0
10907,3.8083849210807435e-06,1,7.613333993155613e-06,2,0,0,0,1.9735348868920333,3,0.0
10908,3.8083849210807435e-06,1,3.8066669965778065e-06,1,0,0,0,0.9995604515579641,2,0.0
10909,0.0,0,7.613333993155613e-06,2,0,0,0,77.13333993155614,2,0.0
10910,3.8083849210807435e-06,1,3.8066669965778065e-06,1,0,0,0,0.9995604515579641,2,0.0
10911,3.8083849210807435e-06,1,3.8066669965778065e-06,1,1,0,1,0.9995604515579641,2,0.5
10912,3.8083849210807435e-06,1,7.613333993155613e-06,2,0,0,0,1.9735348868920333,3,0.0
10913,3.8083849210807435e-06,1,3.8066669965778065e-06,1,0,0,0,0.9995604515579641,2,0.0
10914,0.0,0,7.613333993155613e-06,2,0,0,0,77.13333993155614,2,0.0
10915,3.8083849210807435e-06,1,3.8066669965778065e-06,1,0,0,0,0.9995604515579641,2,0.0
10916,3.8083849210807435e-06,1,3.8066669965778065e-06,1,0,0,0,0.9995604515579641,2,0.0
10917,0.0,0,7.613333993155613e-06,2,0,0,0,77.13333993155614,2,0.0
10918,3.8083849210807435e-06,1,3.8066669965778065e-06,1,0,0,0,0.9995604515579641,2,0.0
10919,0.0,0,7.613333993155613e-06,2,0,0,0,77.13333993155614,2,0.0
10920,1.142515476324223e-05,3,1.142000098973342e-05,3,0,0,0,0.9995528239217015,6,0.0
10921,7.616769842161487e-06,2,7.613333993155613e-06,2,0,0,0,0.9995547555420015,4,0.0
10922,0.0,0,7.613333993155613e-06,2,0,0,0,77.13333993155614,2,0.0
10923,1.5233539684322974e-05,4,0.0,0,0,0,0,0.006521651364181754,4,0.0
10924,7.616769842161487e-06,2,0.0,0,0,0,0,0.012958790017766002,2,0.0
10925,7.616769842161487e-06,2,0.0,0,0,0,0,0.012958790017766002,2,0.0
10926,0.0,0,7.613333993155613e-06,2,0,0,0,77.13333993155614,2,0.0
10927,3.8083849210807435e-06,1,3.8066669965778065e-06,1,0,0,0,0.9995604515579641,2,0.0
10928,0.0,0,7.613333993155613e-06,2,0,0,0,77.13333993155614,2,0.0
10929,3.8083849210807435e-06,1,7.613333993155613e-06,2,0,0,0,1.9735348868920333,3,0.0
10930,3.8083849210807435e-06,1,3.8066669965778065e-06,1,0,0,0,0.9995604515579641,2,0.0
10931,3.8083849210807435e-06,1,3.8066669965778065e-06,1,1,1,0,0.9995604515579641,2,0.0
10932,0.0,0,7.613333993155613e-06,2,1,0,1,77.13333993155614,2,0.5
10933,3.8083849210807435e-06,1,3.8066669965778065e-06,1,0,0,0,0.9995604515579641,2,0.0
10934,0.0,0,7.613333993155613e-06,2,0,0,0,77.13333993155614,2,0.0
10935,7.616769842161487e-06,2,0.0,0,0,0,0,0.012958790017766002,2,0.0
10936,1.142515476324223e-05,3,3.8066669965778065e-06,1,0,0,0,0.3389687233561098,4,0.0
10937,3.8083849210807435e-06,1,3.8066669965778065e-06,1,0,0,0,0.9995604515579641,2,0.0
10938,3.8083849210807435e-06,1,3.8066669965778065e-06,1,2,1,1,0.9995604515579641,2,0.5
10939,7.616769842161487e-06,2,0.0,0,0,0,0,0.012958790017766002,2,0.0
10940,7.616769842161487e-06,2,3.8066669965778065e-06,1,0,0,0,0.5062567727798837,3,0.0
10941,0.0,0,7.613333993155613e-06,2,1,0,1,77.13333993155614,2,0.5
10942,3.8083849210807435e-06,1,7.613333993155613e-06,2,0,0,0,1.9735348868920333,3,0.0
10943,3.8083849210807435e-06,1,3.8066669965778065e-06,1,0,0,0,0.9995604515579641,2,0.0
10944,3.8083849210807435e-06,1,1.5226667986311226e-05,4,1,1,0,3.9214837575601704,5,0.0
10945,7.616769842161487e-06,2,0.0,0,0,0,0,0.012958790017766002,2,0.0
10946,7.616769842161487e-06,2,3.8066669965778065e-06,1,0,0,0,0.5062567727798837,3,0.0
10947,3.8083849210807435e-06,1,7.613333993155613e-06,2,1,1,0,1.9735348868920333,3,0.0
10948,0.0,0,7.613333993155613e-06,2,0,0,0,77.13333993155614,2,0.0
10949,3.8083849210807435e-06,1,3.8066669965778065e-06,1,0,0,0,0.9995604515579641,2,0.0
10950,3.8083849210807435e-06,1,7.613333993155613e-06,2,0,0,0,1.9735348868920333,3,0.0
10951,3.8083849210807435e-06,1,3.8066669965778065e-06,1,0,0,0,0.9995604515579641,2,0.0
10952,7.616769842161487e-06,2,0.0,0,0,0,0,0.012958790017766002,2,0.0
10953,3.8083849210807435e-06,1,3.8066669965778065e-06,1,0,0,0,0.9995604515579641,2,0.0
10954,3.8083849210807435e-06,1,7.613333993155613e-06,2,0,0,0,1.9735348868920333,3,0.0
10955,1.142515476324223e-05,3,3.8066669965778065e-06,1,1,1,0,0.3389687233561098,4,0.0
10956,3.8083849210807435e-06,1,1.5226667986311226e-05,4,0,0,0,3.9214837575601704,5,0.0
10957,3.8083849210807435e-06,1,3.8066669965778065e-06,1,1,1,0,0.9995604515579641,2,0.0
10958,7.616769842161487e-06,2,0.0,0,0,0,0,0.012958790017766002,2,0.0
10959,7.616769842161487e-06,2,1.3323334488022322e-05,1,0,0,0,1.7395017296851778,2,0.0
10960,3.8083849210807435e-06,1,3.8066669965778065e-06,1,0,0,0,0.9995604515579641,2,0.0
10961,3.8083849210807435e-06,1,3.8066669965778065e-06,1,0,0,0,0.9995604515579641,2,0.0
10962,7.616769842161487e-06,2,7.613333993155613e-06,2,0,0,0,0.9995547555420015,4,0.0
10963,3.8083849210807435e-06,1,3.8066669965778065e-06,1,0,0,0,0.9995604515579641,2,0.0
10964,3.8083849210807435e-06,1,3.8066669965778065e-06,1,0,0,0,0.9995604515579641,2,0.0
10965,3.8083849210807435e-06,1,7.613333993155613e-06,2,0,0,0,1.9735348868920333,3,0.0
10966,7.616769842161487e-06,2,0.0,0,0,0,0,0.012958790017766002,2,0.0
10967,7.616769842161487e-06,2,0.0,0,0,0,0,0.012958790017766002,2,0.0
10968,3.8083849210807435e-06,1,3.8066669965778065e-06,1,0,0,0,0.9995604515579641,2,0.0
10969,3.8083849210807435e-06,1,7.613333993155613e-06,2,0,0,0,1.9735348868920333,3,0.0
10970,3.8083849210807435e-06,1,7.613333993155613e-06,2,0,0,0,1.9735348868920333,3,0.0
10971,3.8083849210807435e-06,1,3.8066669965778065e-06,1,0,0,0,0.9995604515579641,2,0.0
10972,3.8083849210807435e-06,1,7.613333993155613e-06,2,0,0,0,1.9735348868920333,3,0.0
10973,7.616769842161487e-06,2,0.0,0,0,0,0,0.012958790017766002,2,0.0
10974,7.616769842161487e-06,2,0.0,0,0,0,0,0.012958790017766002,2,0.0
10975,3.8083849210807435e-06,1,3.8066669965778065e-06,1,0,0,0,0.9995604515579641,2,0.0
10976,0.0,0,1.142000098973342e-05,3,0,0,0,115.20000989733421,3,0.0
10977,1.142515476324223e-05,3,7.613333993155613e-06,2,0,0,0,0.6692607736389057,5,0.0
10978,7.616769842161487e-06,2,7.613333993155613e-06,1,0,0,0,0.9995547555420015,3,0.0
10979,3.8083849210807435e-06,1,3.8066669965778065e-06,1,0,0,0,0.9995604515579641,2,0.0
10980,3.8083849210807435e-06,1,3.8066669965778065e-06,1,0,0,0,0.9995604515579641,2,0.0
10981,3.8083849210807435e-06,1,3.8066669965778065e-06,1,0,0,0,0.9995604515579641,2,0.0
10982,1.142515476324223e-05,3,3.8066669965778065e-06,1,0,0,0,0.3389687233561098,3,0.0
10983,7.616769842161487e-06,2,0.0,0,0,0,0,0.012958790017766002,2,0.0
10984,3.8083849210807435e-06,1,3.8066669965778065e-06,1,0,0,0,0.9995604515579641,2,0.0
10985,3.8083849210807435e-06,1,3.8066669965778065e-06,1,0,0,0,0.9995604515579641,2,0.0
10986,3.8083849210807435e-06,1,3.8066669965778065e-06,1,0,0,0,0.9995604515579641,2,0.0
10987,7.616769842161487e-06,2,0.0,0,0,0,0,0.012958790017766002,2,0.0
10988,7.616769842161487e-06,2,0.0,0,0,0,0,0.012958790017766002,2,0.0
10989,3.8083849210807435e-06,1,3.8066669965778065e-06,1,0,0,0,0.9995604515579641,2,0.0
10990,3.8083849210807435e-06,1,3.8066669965778065e-06,1,0,0,0,0.9995604515579641,2,0.0
10991,3.8083849210807435e-06,1,3.8066669965778065e-06,1,0,0,0,0.9995604515579641,2,0.0
10992,3.8083849210807435e-06,1,3.8066669965778065e-06,1,0,0,0,0.9995604515579641,2,0.0
10993,1.9041924605403718e-05,5,1.1420000989733419e-05,1,0,0,0,0.6018204139452807,5,0.0
10994,3.8083849210807435e-06,1,7.613333993155613e-06,2,0,0,0,1.9735348868920333,2,0.0
10995,0.0,0,7.613333993155613e-06,2,0,0,0,77.13333993155614,2,0.0
10996,3.8083849210807435e-06,1,3.8066669965778065e-06,1,0,0,0,0.9995604515579641,2,0.0
10997,3.8083849210807435e-06,1,7.613333993155613e-06,2,2,1,1,1.9735348868920333,3,0.3333333333333333
10998,7.616769842161487e-06,2,0.0,0,0,0,0,0.012958790017766002,2,0.0
10999,3.8083849210807435e-06,1,3.8066669965778065e-06,1,0,0,0,0.9995604515579641,2,0.0
11000,3.8083849210807435e-06,1,7.613333993155613e-06,2,0,0,0,1.9735348868920333,3,0.0
11001,7.616769842161487e-06,2,0.0,0,0,0,0,0.012958790017766002,2,0.0
11002,3.8083849210807435e-06,1,3.8066669965778065e-06,1,0,0,0,0.9995604515579641,2,0.0
11003,3.8083849210807435e-06,1,3.8066669965778065e-06,1,0,0,0,0.9995604515579641,2,0.0
11004,7.616769842161487e-06,2,0.0,0,0,0,0,0.012958790017766002,2,0.0
11005,0.0,0,7.613333993155613e-06,2,0,0,0,77.13333993155614,2,0.0
11006,3.8083849210807435e-06,1,7.613333993155613e-06,2,0,0,0,1.9735348868920333,3,0.0
11007,3.8083849210807435e-06,1,3.8066669965778065e-06,1,0,0,0,0.9995604515579641,2,0.0
11008,7.616769842161487e-06,2,0.0,0,0,0,0,0.012958790017766002,2,0.0
11009,7.616769842161487e-06,2,0.0,0,0,0,0,0.012958790017766002,2,0.0
11010,3.8083849210807435e-06,1,3.8066669965778065e-06,1,0,0,0,0.9995604515579641,2,0.0
11011,0.0,0,7.613333993155613e-06,2,0,0,0,77.13333993155614,2,0.0
11012,3.8083849210807435e-06,1,3.8066669965778065e-06,1,0,0,0,0.9995604515579641,2,0.0
11013,7.616769842161487e-06,2,0.0,0,0,0,0,0.012958790017766002,2,0.0
11014,0.0,0,7.613333993155613e-06,2,1,0,1,77.13333993155614,2,0.5
11015,0.0,0,7.613333993155613e-06,2,0,0,0,77.13333993155614,2,0.0
11016,3.8083849210807435e-06,1,3.8066669965778065e-06,1,0,0,0,0.9995604515579641,2,0.0
11017,7.616769842161487e-06,2,0.0,0,0,0,0,0.012958790017766002,2,0.0
11018,7.616769842161487e-06,2,0.0,0,0,0,0,0.012958790017766002,2,0.0
11019,3.8083849210807435e-06,1,3.8066669965778065e-06,1,0,0,0,0.9995604515579641,2,0.0
11020,3.8083849210807435e-06,1,3.8066669965778065e-06,1,0,0,0,0.9995604515579641,2,0.0
11021,3.8083849210807435e-06,1,3.8066669965778065e-06,1,0,0,0,0.9995604515579641,2,0.0
11022,7.616769842161487e-06,2,0.0,0,0,0,0,0.012958790017766002,2,0.0
11023,3.8083849210807435e-06,1,3.8066669965778065e-06,1,0,0,0,0.9995604515579641,2,0.0
11024,7.616769842161487e-06,2,0.0,0,0,0,0,0.012958790017766002,2,0.0
11025,3.8083849210807435e-06,1,3.8066669965778065e-06,1,0,0,0,0.9995604515579641,2,0.0
11026,7.616769842161487e-06,1,3.8066669965778065e-06,1,1,1,0,0.5062567727798837,2,0.0
11027,3.8083849210807435e-06,1,3.8066669965778065e-06,1,0,0,0,0.9995604515579641,2,0.0
11028,3.8083849210807435e-06,1,3.8066669965778065e-06,1,0,0,0,0.9995604515579641,2,0.0
11029,7.616769842161487e-06,2,0.0,0,0,0,0,0.012958790017766002,2,0.0
11030,3.8083849210807435e-06,1,3.8066669965778065e-06,1,0,0,0,0.9995604515579641,2,0.0
11031,3.8083849210807435e-06,1,3.8066669965778065e-06,1,0,0,0,0.9995604515579641,2,0.0
11032,3.8083849210807435e-06,1,3.8066669965778065e-06,1,0,0,0,0.9995604515579641,2,0.0
11033,3.8083849210807435e-06,1,3.8066669965778065e-06,1,0,0,0,0.9995604515579641,2,0.0
11034,3.8083849210807435e-06,1,3.8066669965778065e-06,1,0,0,0,0.9995604515579641,2,0.0
11035,3.8083849210807435e-06,1,3.8066669965778065e-06,1,0,0,0,0.9995604515579641,2,0.0
11036,1.142515476324223e-05,3,5.710000494866709e-06,1,0,0,0,0.5041147484975076,3,0.0
11037,3.8083849210807435e-06,1,3.8066669965778065e-06,1,0,0,0,0.9995604515579641,2,0.0
11038,3.8083849210807435e-06,1,3.8066669965778065e-06,1,0,0,0,0.9995604515579641,2,0.0
11039,0.0,0,7.613333993155613e-06,2,0,0,0,77.13333993155614,2,0.0
11040,3.8083849210807435e-06,1,3.8066669965778065e-06,1,0,0,0,0.9995604515579641,2,0.0
11041,3.8083849210807435e-06,1,3.8066669965778065e-06,1,0,0,0,0.9995604515579641,2,0.0
11042,7.616769842161487e-06,2,7.613333993155613e-06,2,0,0,0,0.9995547555420015,3,0.0
11043,3.8083849210807435e-06,1,3.8066669965778065e-06,1,0,0,0,0.9995604515579641,2,0.0
11044,3.8083849210807435e-06,1,3.8066669965778065e-06,1,0,0,0,0.9995604515579641,2,0.0
11045,3.8083849210807435e-06,1,7.613333993155613e-06,2,0,0,0,1.9735348868920333,3,0.0
11046,3.8083849210807435e-06,1,3.8066669965778065e-06,1,0,0,0,0.9995604515579641,2,0.0
11047,0.0,0,7.613333993155613e-06,2,0,0,0,77.13333993155614,2,0.0
11048,0.0,0,7.613333993155613e-06,2,0,0,0,77.13333993155614,2,0.0
11049,0.0,0,7.613333993155613e-06,2,2,0,2,77.13333993155614,2,1.0
11050,3.8083849210807435e-06,1,1.713000148460013e-05,2,0,0,0,4.408470975227205,2,0.0
11051,1.5233539684322974e-05,4,3.8066669965778065e-06,1,0,0,0,0.2547792014763549,5,0.0
11052,0.0,0,7.613333993155613e-06,2,0,0,0,77.13333993155614,2,0.0
11053,3.8083849210807435e-06,1,3.8066669965778065e-06,1,0,0,0,0.9995604515579641,2,0.0
11054,3.8083849210807435e-06,1,3.8066669965778065e-06,1,0,0,0,0.9995604515579641,2,0.0
11055,3.8083849210807435e-06,1,7.613333993155613e-06,2,0,0,0,1.9735348868920333,2,0.0
11056,7.616769842161487e-06,2,3.8066669965778065e-06,1,0,0,0,0.5062567727798837,3,0.0
11057,3.8083849210807435e-06,1,3.8066669965778065e-06,1,0,0,0,0.9995604515579641,2,0.0
11058,3.8083849210807435e-06,1,3.8066669965778065e-06,1,0,0,0,0.9995604515579641,2,0.0
11059,3.8083849210807435e-06,1,3.8066669965778065e-06,1,0,0,0,0.9995604515579641,2,0.0
11060,0.0,0,7.613333993155613e-06,2,0,0,0,77.13333993155614,2,0.0
11061,7.616769842161487e-06,1,7.613333993155613e-06,2,0,0,0,0.9995547555420015,3,0.0
11062,3.8083849210807435e-06,1,3.8066669965778065e-06,1,0,0,0,0.9995604515579641,2,0.0
11063,1.5233539684322974e-05,4,0.0,0,0,0,0,0.006521651364181754,4,0.0
11064,7.616769842161487e-06,2,0.0,0,0,0,0,0.012958790017766002,2,0.0
11065,3.8083849210807435e-06,1,3.8066669965778065e-06,1,0,0,0,0.9995604515579641,2,0.0
11066,3.8083849210807435e-06,1,3.8066669965778065e-06,1,0,0,0,0.9995604515579641,2,0.0
11067,3.8083849210807435e-06,1,3.8066669965778065e-06,1,0,0,0,0.9995604515579641,2,0.0
11068,7.616769842161487e-06,2,3.8066669965778065e-06,1,0,0,0,0.5062567727798837,2,0.0
11069,3.8083849210807435e-06,1,7.613333993155613e-06,2,1,1,0,1.9735348868920333,3,0.0
11070,3.8083849210807435e-06,1,3.8066669965778065e-06,1,0,0,0,0.9995604515579641,2,0.0
11071,3.8083849210807435e-06,1,3.8066669965778065e-06,1,0,0,0,0.9995604515579641,2,0.0
11072,7.616769842161487e-06,2,0.0,0,0,0,0,0.012958790017766002,2,0.0
11073,3.8083849210807435e-06,1,3.8066669965778065e-06,1,0,0,0,0.9995604515579641,2,0.0
11074,0.0,0,7.613333993155613e-06,2,0,0,0,77.13333993155614,2,0.0
11075,3.8083849210807435e-06,1,3.8066669965778065e-06,1,0,0,0,0.9995604515579641,2,0.0
11076,3.8083849210807435e-06,1,3.8066669965778065e-06,1,0,0,0,0.9995604515579641,2,0.0
11077,3.8083849210807435e-06,1,3.8066669965778065e-06,1,0,0,0,0.9995604515579641,2,0.0
11078,0.0,0,7.613333993155613e-06,2,0,0,0,77.13333993155614,2,0.0
11079,0.0,0,7.613333993155613e-06,2,0,0,0,77.13333993155614,2,0.0
11080,3.8083849210807435e-06,1,3.8066669965778065e-06,1,0,0,0,0.9995604515579641,2,0.0
11081,3.8083849210807435e-06,1,7.613333993155613e-06,2,0,0,0,1.9735348868920333,3,0.0
11082,0.0,0,7.613333993155613e-06,2,0,0,0,77.13333993155614,2,0.0
11083,7.616769842161487e-06,2,0.0,0,0,0,0,0.012958790017766002,2,0.0
11084,7.616769842161487e-06,2,0.0,0,0,0,0,0.012958790017766002,2,0.0
11085,7.616769842161487e-06,2,3.8066669965778065e-06,1,0,0,0,0.5062567727798837,3,0.0
11086,0.0,0,7.613333993155613e-06,2,0,0,0,77.13333993155614,2,0.0
11087,7.616769842161487e-06,2,0.0,0,0,0,0,0.012958790017766002,2,0.0
11088,7.616769842161487e-06,2,0.0,0,0,0,0,0.012958790017766002,2,0.0
11089,3.8083849210807435e-06,1,3.8066669965778065e-06,1,0,0,0,0.9995604515579641,2,0.0
11090,0.0,0,7.613333993155613e-06,2,0,0,0,77.13333993155614,2,0.0
11091,0.0,0,7.613333993155613e-06,2,0,0,0,77.13333993155614,2,0.0
11092,7.616769842161487e-06,2,0.0,0,0,0,0,0.012958790017766002,2,0.0
11093,3.8083849210807435e-06,1,7.613333993155613e-06,2,1,1,0,1.9735348868920333,3,0.0
11094,7.616769842161487e-06,2,0.0,0,0,0,0,0.012958790017766002,2,0.0
11095,7.616769842161487e-06,2,9.516667491444516e-06,2,1,1,0,1.2462037469230602,3,0.0
11096,0.0,0,7.613333993155613e-06,2,0,0,0,77.13333993155614,2,0.0
11097,7.616769842161487e-06,2,3.8066669965778065e-06,1,0,0,0,0.5062567727798837,3,0.0
11098,3.8083849210807435e-06,1,3.8066669965778065e-06,1,0,0,0,0.9995604515579641,2,0.0
11099,0.0,0,7.613333993155613e-06,2,0,0,0,77.13333993155614,2,0.0
11100,3.8083849210807435e-06,1,1.5226667986311226e-05,2,0,0,0,3.9214837575601704,2,0.0
11101,0.0,0,7.613333993155613e-06,2,0,0,0,77.13333993155614,2,0.0
11102,7.616769842161487e-06,2,5.710000494866709e-06,1,0,0,0,0.7529057641609425,2,0.0
11103,7.616769842161487e-06,2,0.0,0,0,0,0,0.012958790017766002,2,0.0
11104,7.616769842161487e-06,2,7.613333993155613e-06,2,0,0,0,0.9995547555420015,3,0.0
11105,7.616769842161487e-06,2,0.0,0,0,0,0,0.012958790017766002,2,0.0
11106,3.8083849210807435e-06,1,3.8066669965778065e-06,1,0,0,0,0.9995604515579641,2,0.0
11107,0.0,0,7.613333993155613e-06,2,0,0,0,77.13333993155614,2,0.0
11108,3.8083849210807435e-06,1,3.8066669965778065e-06,1,0,0,0,0.9995604515579641,2,0.0
11109,0.0,0,7.613333993155613e-06,2,0,0,0,77.13333993155614,2,0.0
11110,0.0,0,7.613333993155613e-06,2,0,0,0,77.13333993155614,2,0.0
11111,7.616769842161487e-06,2,0.0,0,0,0,0,0.012958790017766002,2,0.0
11112,1.142515476324223e-05,3,0.0,0,0,0,0,0.00867667307331396,3,0.0
11113,3.8083849210807435e-06,1,3.8066669965778065e-06,1,0,0,0,0.9995604515579641,2,0.0
11114,7.616769842161487e-06,2,0.0,0,0,0,0,0.012958790017766002,2,0.0
11115,3.8083849210807435e-06,1,3.8066669965778065e-06,1,0,0,0,0.9995604515579641,2,0.0
11116,1.142515476324223e-05,3,5.710000494866709e-06,1,0,0,0,0.5041147484975076,3,0.0
11117,3.8083849210807435e-06,1,3.8066669965778065e-06,1,0,0,0,0.9995604515579641,2,0.0
11118,7.616769842161487e-06,2,0.0,0,0,0,0,0.012958790017766002,2,0.0
11119,3.8083849210807435e-06,1,7.613333993155613e-06,2,0,0,0,1.9735348868920333,3,0.0
11120,7.616769842161487e-06,2,9.516667491444516e-06,1,0,0,0,1.2462037469230602,2,0.0
11121,3.8083849210807435e-06,1,7.613333993155613e-06,2,0,0,0,1.9735348868920333,3,0.0
11122,7.616769842161487e-06,2,7.613333993155613e-06,2,2,1,1,0.9995547555420015,4,0.25
11123,1.142515476324223e-05,3,5.710000494866709e-06,1,0,0,0,0.5041147484975076,3,0.0
11124,3.8083849210807435e-06,1,7.613333993155613e-06,2,0,0,0,1.9735348868920333,3,0.0
11125,7.616769842161487e-06,2,0.0,0,0,0,0,0.012958790017766002,2,0.0
11126,3.8083849210807435e-06,1,3.8066669965778065e-06,1,0,0,0,0.9995604515579641,2,0.0
11127,7.616769842161487e-06,2,0.0,0,0,0,0,0.012958790017766002,2,0.0
11128,0.0,0,7.613333993155613e-06,2,0,0,0,77.13333993155614,2,0.0
11129,3.8083849210807435e-06,1,3.8066669965778065e-06,1,0,0,0,0.9995604515579641,2,0.0
11130,3.8083849210807435e-06,1,7.613333993155613e-06,2,0,0,0,1.9735348868920333,2,0.0
11131,1.142515476324223e-05,2,3.8066669965778065e-06,1,0,0,0,0.3389687233561098,2,0.0
11132,0.0,0,7.613333993155613e-06,2,0,0,0,77.13333993155614,2,0.0
11133,3.8083849210807435e-06,1,3.8066669965778065e-06,1,0,0,0,0.9995604515579641,2,0.0
11134,7.616769842161487e-06,2,0.0,0,0,0,0,0.012958790017766002,2,0.0
11135,3.8083849210807435e-06,1,3.8066669965778065e-06,1,0,0,0,0.9995604515579641,2,0.0
11136,3.8083849210807435e-06,1,7.613333993155613e-06,2,1,0,1,1.9735348868920333,3,0.3333333333333333
11137,3.8083849210807435e-06,1,3.8066669965778065e-06,1,0,0,0,0.9995604515579641,2,0.0
11138,7.616769842161487e-06,2,0.0,0,0,0,0,0.012958790017766002,2,0.0
11139,0.0,0,7.613333993155613e-06,2,1,0,1,77.13333993155614,2,0.5
11140,3.8083849210807435e-06,1,3.8066669965778065e-06,1,0,0,0,0.9995604515579641,2,0.0
11141,7.616769842161487e-06,2,0.0,0,0,0,0,0.012958790017766002,2,0.0
11142,3.8083849210807435e-06,1,3.8066669965778065e-06,1,0,0,0,0.9995604515579641,2,0.0
11143,7.616769842161487e-06,2,0.0,0,0,0,0,0.012958790017766002,2,0.0
11144,7.616769842161487e-06,2,0.0,0,0,0,0,0.012958790017766002,2,0.0
11145,7.616769842161487e-06,2,5.710000494866709e-06,1,0,0,0,0.7529057641609425,2,0.0
11146,7.616769842161487e-06,2,0.0,0,0,0,0,0.012958790017766002,2,0.0
11147,7.616769842161487e-06,2,0.0,0,0,0,0,0.012958790017766002,2,0.0
11148,3.8083849210807435e-06,1,3.8066669965778065e-06,1,0,0,0,0.9995604515579641,2,0.0
11149,7.616769842161487e-06,2,0.0,0,0,0,0,0.012958790017766002,2,0.0
11150,1.5233539684322974e-05,4,0.0,0,0,0,0,0.006521651364181754,4,0.0
11151,3.8083849210807435e-06,1,3.8066669965778065e-06,1,0,0,0,0.9995604515579641,2,0.0
11152,3.8083849210807435e-06,1,3.8066669965778065e-06,1,0,0,0,0.9995604515579641,2,0.0
11153,7.616769842161487e-06,2,3.8066669965778065e-06,1,0,0,0,0.5062567727798837,3,0.0
11154,7.616769842161487e-06,2,3.8066669965778065e-06,1,0,0,0,0.5062567727798837,3,0.0
11155,3.8083849210807435e-06,1,3.8066669965778065e-06,1,0,0,0,0.9995604515579641,2,0.0
11156,7.616769842161487e-06,2,3.8066669965778065e-06,1,0,0,0,0.5062567727798837,3,0.0
11157,0.0,0,7.613333993155613e-06,2,0,0,0,77.13333993155614,2,0.0
11158,3.8083849210807435e-06,1,3.8066669965778065e-06,1,0,0,0,0.9995604515579641,2,0.0
11159,3.8083849210807435e-06,1,3.8066669965778065e-06,1,0,0,0,0.9995604515579641,2,0.0
11160,3.8083849210807435e-06,1,3.8066669965778065e-06,1,0,0,0,0.9995604515579641,2,0.0
11161,0.0,0,7.613333993155613e-06,2,0,0,0,77.13333993155614,2,0.0
11162,0.0,0,7.613333993155613e-06,2,1,0,1,77.13333993155614,2,0.5
11163,3.8083849210807435e-06,1,3.8066669965778065e-06,1,0,0,0,0.9995604515579641,2,0.0
11164,3.8083849210807435e-06,1,3.8066669965778065e-06,1,0,0,0,0.9995604515579641,2,0.0
11165,0.0,0,7.613333993155613e-06,2,0,0,0,77.13333993155614,2,0.0
11166,0.0,0,7.613333993155613e-06,2,0,0,0,77.13333993155614,2,0.0
11167,3.8083849210807435e-06,1,3.8066669965778065e-06,1,0,0,0,0.9995604515579641,2,0.0
11168,0.0,0,7.613333993155613e-06,2,0,0,0,77.13333993155614,2,0.0
11169,0.0,0,7.613333993155613e-06,2,0,0,0,77.13333993155614,2,0.0
11170,0.0,0,7.613333993155613e-06,2,0,0,0,77.13333993155614,2,0.0
11171,3.8083849210807435e-06,1,3.8066669965778065e-06,1,0,0,0,0.9995604515579641,2,0.0
11172,0.0,0,7.613333993155613e-06,2,0,0,0,77.13333993155614,2,0.0
11173,7.616769842161487e-06,1,3.8066669965778065e-06,1,0,0,0,0.5062567727798837,2,0.0
11174,3.8083849210807435e-06,1,3.8066669965778065e-06,1,0,0,0,0.9995604515579641,2,0.0
11175,3.8083849210807435e-06,1,3.8066669965778065e-06,1,0,0,0,0.9995604515579641,2,0.0
11176,3.8083849210807435e-06,1,3.8066669965778065e-06,1,0,0,0,0.9995604515579641,2,0.0
11177,3.8083849210807435e-06,1,3.8066669965778065e-06,1,0,0,0,0.9995604515579641,2,0.0
11178,7.616769842161487e-06,2,0.0,0,0,0,0,0.012958790017766002,2,0.0
11179,3.8083849210807435e-06,1,3.8066669965778065e-06,1,0,0,0,0.9995604515579641,2,0.0
11180,7.616769842161487e-06,2,0.0,0,0,0,0,0.012958790017766002,2,0.0
11181,3.8083849210807435e-06,1,3.8066669965778065e-06,1,0,0,0,0.9995604515579641,2,0.0
11182,3.8083849210807435e-06,1,3.8066669965778065e-06,1,0,0,0,0.9995604515579641,2,0.0
11183,7.616769842161487e-06,2,0.0,0,0,0,0,0.012958790017766002,2,0.0
11184,3.8083849210807435e-06,1,3.8066669965778065e-06,1,0,0,0,0.9995604515579641,2,0.0
11185,7.616769842161487e-06,2,0.0,0,0,0,0,0.012958790017766002,2,0.0
11186,7.616769842161487e-06,2,0.0,0,0,0,0,0.012958790017766002,2,0.0
11187,7.616769842161487e-06,2,0.0,0,0,0,0,0.012958790017766002,2,0.0
11188,1.142515476324223e-05,3,0.0,0,0,0,0,0.00867667307331396,3,0.0
11189,3.8083849210807435e-06,1,3.8066669965778065e-06,1,0,0,0,0.9995604515579641,2,0.0
11190,7.616769842161487e-06,2,0.0,0,0,0,0,0.012958790017766002,2,0.0
11191,7.616769842161487e-06,2,0.0,0,0,0,0,0.012958790017766002,2,0.0
11192,7.616769842161487e-06,2,0.0,0,0,0,0,0.012958790017766002,2,0.0
11193,0.0,0,7.613333993155613e-06,2,0,0,0,77.13333993155614,2,0.0
11194,3.8083849210807435e-06,1,3.8066669965778065e-06,1,0,0,0,0.9995604515579641,2,0.0
11195,3.8083849210807435e-06,1,7.613333993155613e-06,1,0,0,0,1.9735348868920333,2,0.0
11196,3.8083849210807435e-06,1,7.613333993155613e-06,2,0,0,0,1.9735348868920333,3,0.0
11197,3.8083849210807435e-06,1,3.8066669965778065e-06,1,0,0,0,0.9995604515579641,2,0.0
11198,3.8083849210807435e-06,1,3.8066669965778065e-06,1,0,0,0,0.9995604515579641,2,0.0
11199,7.616769842161487e-06,2,7.613333993155613e-06,2,0,0,0,0.9995547555420015,4,0.0
11200,7.616769842161487e-06,2,0.0,0,0,0,0,0.012958790017766002,2,0.0
11201,7.616769842161487e-06,2,7.613333993155613e-06,2,0,0,0,0.9995547555420015,4,0.0
11202,3.8083849210807435e-06,1,7.613333993155613e-06,1,0,0,0,1.9735348868920333,2,0.0
11203,0.0,0,7.613333993155613e-06,2,0,0,0,77.13333993155614,2,0.0
11204,3.8083849210807435e-06,1,3.8066669965778065e-06,1,0,0,0,0.9995604515579641,2,0.0
11205,7.616769842161487e-06,2,0.0,0,0,0,0,0.012958790017766002,2,0.0
11206,0.0,0,7.613333993155613e-06,2,0,0,0,77.13333993155614,2,0.0
11207,0.0,0,7.613333993155613e-06,2,1,0,1,77.13333993155614,2,0.5
11208,3.8083849210807435e-06,1,3.8066669965778065e-06,1,0,0,0,0.9995604515579641,2,0.0
11209,3.8083849210807435e-06,1,3.8066669965778065e-06,1,0,0,0,0.9995604515579641,2,0.0
11210,3.8083849210807435e-06,1,3.8066669965778065e-06,1,0,0,0,0.9995604515579641,2,0.0
11211,7.616769842161487e-06,2,0.0,0,0,0,0,0.012958790017766002,2,0.0
11212,0.0,0,7.613333993155613e-06,2,0,0,0,77.13333993155614,2,0.0
11213,0.0,0,7.613333993155613e-06,2,0,0,0,77.13333993155614,2,0.0
11214,3.8083849210807435e-06,1,7.613333993155613e-06,2,0,0,0,1.9735348868920333,2,0.0
11215,3.8083849210807435e-06,1,3.8066669965778065e-06,1,0,0,0,0.9995604515579641,2,0.0
11216,3.8083849210807435e-06,1,3.8066669965778065e-06,1,0,0,0,0.9995604515579641,2,0.0
11217,0.0,0,1.142000098973342e-05,3,0,0,0,115.20000989733421,3,0.0
11218,3.8083849210807435e-06,1,3.8066669965778065e-06,1,0,0,0,0.9995604515579641,2,0.0
11219,7.616769842161487e-06,2,7.613333993155613e-06,2,0,0,0,0.9995547555420015,4,0.0
11220,0.0,0,1.142000098973342e-05,3,0,0,0,115.20000989733421,3,0.0
11221,3.8083849210807435e-06,1,7.613333993155613e-06,2,0,0,0,1.9735348868920333,3,0.0
11222,0.0,0,7.613333993155613e-06,2,0,0,0,77.13333993155614,2,0.0
11223,0.0,0,7.613333993155613e-06,2,0,0,0,77.13333993155614,2,0.0
11224,1.5233539684322974e-05,4,1.142000098973342e-05,3,0,0,0,0.7512943017007013,7,0.0
11225,0.0,0,7.613333993155613e-06,2,0,0,0,77.13333993155614,2,0.0
11226,3.8083849210807435e-06,1,7.613333993155613e-06,2,0,0,0,1.9735348868920333,3,0.0
11227,1.142515476324223e-05,3,1.5226667986311226e-05,2,0,0,0,1.329844874204497,5,0.0
11228,3.8083849210807435e-06,1,3.8066669965778065e-06,1,0,0,0,0.9995604515579641,2,0.0
11229,3.8083849210807435e-06,1,1.9033334982889032e-05,5,1,0,1,4.895458192894239,6,0.16666666666666666
11230,0.0,0,7.613333993155613e-06,2,0,0,0,77.13333993155614,2,0.0
11231,0.0,0,7.613333993155613e-06,2,0,0,0,77.13333993155614,2,0.0
11232,7.616769842161487e-06,2,3.8066669965778065e-06,1,0,0,0,0.5062567727798837,2,0.0
11233,3.8083849210807435e-06,1,3.8066669965778065e-06,1,0,0,0,0.9995604515579641,2,0.0
11234,1.142515476324223e-05,3,2.2840001979466837e-05,4,0,0,0,1.9904289747700885,6,0.0
11235,0.0,0,7.613333993155613e-06,2,0,0,0,77.13333993155614,2,0.0
11236,0.0,0,7.613333993155613e-06,2,0,0,0,77.13333993155614,2,0.0
11237,3.8083849210807435e-06,1,3.8066669965778065e-06,1,0,0,0,0.9995604515579641,2,0.0
11238,0.0,0,7.613333993155613e-06,2,0,0,0,77.13333993155614,2,0.0
11239,0.0,0,1.5226667986311226e-05,4,0,0,0,153.26667986311224,4,0.0
11240,3.8083849210807435e-06,1,3.8066669965778065e-06,1,0,0,0,0.9995604515579641,2,0.0
11241,3.8083849210807435e-06,1,3.8066669965778065e-06,1,0,0,0,0.9995604515579641,2,0.0
11242,3.8083849210807435e-06,1,7.613333993155613e-06,2,0,0,0,1.9735348868920333,3,0.0
11243,0.0,0,7.613333993155613e-06,2,0,0,0,77.13333993155614,2,0.0
11244,7.616769842161487e-06,2,3.8066669965778065e-06,1,0,0,0,0.5062567727798837,3,0.0
11245,0.0,0,7.613333993155613e-06,2,0,0,0,77.13333993155614,2,0.0
11246,0.0,0,7.613333993155613e-06,2,0,0,0,77.13333993155614,2,0.0
11247,7.616769842161487e-06,2,1.142000098973342e-05,2,0,0,0,1.4928527383041192,3,0.0
11248,0.0,0,7.613333993155613e-06,2,0,0,0,77.13333993155614,2,0.0
11249,3.8083849210807435e-06,1,7.613333993155613e-06,2,0,0,0,1.9735348868920333,2,0.0
11250,3.8083849210807435e-06,1,3.8066669965778065e-06,1,0,0,0,0.9995604515579641,2,0.0
11251,3.8083849210807435e-06,1,3.8066669965778065e-06,1,0,0,0,0.9995604515579641,2,0.0
11252,3.8083849210807435e-06,1,3.8066669965778065e-06,1,0,0,0,0.9995604515579641,2,0.0
11253,0.0,0,7.613333993155613e-06,2,0,0,0,77.13333993155614,2,0.0
11254,0.0,0,7.613333993155613e-06,2,0,0,0,77.13333993155614,2,0.0
11255,7.616769842161487e-06,2,0.0,0,0,0,0,0.012958790017766002,2,0.0
11256,3.8083849210807435e-06,1,3.8066669965778065e-06,1,0,0,0,0.9995604515579641,2,0.0
11257,3.8083849210807435e-06,1,7.613333993155613e-06,2,0,0,0,1.9735348868920333,3,0.0
11258,7.616769842161487e-06,2,3.8066669965778065e-06,1,2,1,1,0.5062567727798837,3,0.3333333333333333
11259,3.8083849210807435e-06,1,7.613333993155613e-06,2,0,0,0,1.9735348868920333,3,0.0
11260,3.8083849210807435e-06,1,3.8066669965778065e-06,1,1,1,0,0.9995604515579641,2,0.0
11261,3.8083849210807435e-06,1,3.8066669965778065e-06,1,0,0,0,0.9995604515579641,2,0.0
11262,3.8083849210807435e-06,1,3.8066669965778065e-06,1,0,0,0,0.9995604515579641,2,0.0
11263,7.616769842161487e-06,2,0.0,0,0,0,0,0.012958790017766002,2,0.0
11264,7.616769842161487e-06,2,5.710000494866709e-06,1,0,0,0,0.7529057641609425,2,0.0
11265,0.0,0,7.613333993155613e-06,2,0,0,0,77.13333993155614,2,0.0
11266,3.8083849210807435e-06,1,3.8066669965778065e-06,1,0,0,0,0.9995604515579641,2,0.0
11267,0.0,0,7.613333993155613e-06,2,0,0,0,77.13333993155614,2,0.0
11268,0.0,0,1.142000098973342e-05,3,0,0,0,115.20000989733421,3,0.0
11269,3.8083849210807435e-06,1,3.8066669965778065e-06,1,0,0,0,0.9995604515579641,2,0.0
11270,3.8083849210807435e-06,1,3.8066669965778065e-06,1,0,0,0,0.9995604515579641,2,0.0
11271,0.0,0,7.613333993155613e-06,2,0,0,0,77.13333993155614,2,0.0
11272,3.8083849210807435e-06,1,3.8066669965778065e-06,1,0,0,0,0.9995604515579641,2,0.0
11273,0.0,0,7.613333993155613e-06,2,0,0,0,77.13333993155614,2,0.0
11274,3.8083849210807435e-06,1,3.8066669965778065e-06,1,0,0,0,0.9995604515579641,2,0.0
11275,3.8083849210807435e-06,1,3.8066669965778065e-06,1,0,0,0,0.9995604515579641,2,0.0
11276,3.8083849210807435e-06,1,3.8066669965778065e-06,1,0,0,0,0.9995604515579641,2,0.0
11277,0.0,0,7.613333993155613e-06,2,0,0,0,77.13333993155614,2,0.0
11278,0.0,0,7.613333993155613e-06,2,0,0,0,77.13333993155614,2,0.0
11279,3.8083849210807435e-06,1,3.8066669965778065e-06,1,0,0,0,0.9995604515579641,2,0.0
11280,7.616769842161487e-06,2,1.142000098973342e-05,3,0,0,0,1.4928527383041192,4,0.0
11281,3.8083849210807435e-06,1,3.8066669965778065e-06,1,0,0,0,0.9995604515579641,2,0.0
11282,7.616769842161487e-06,2,3.8066669965778065e-06,1,0,0,0,0.5062567727798837,3,0.0
11283,1.5233539684322974e-05,3,3.8066669965778065e-06,1,0,0,0,0.2547792014763549,4,0.0
11284,7.616769842161487e-06,2,3.8066669965778065e-06,1,0,0,0,0.5062567727798837,3,0.0
11285,3.8083849210807435e-06,1,3.8066669965778065e-06,1,0,0,0,0.9995604515579641,2,0.0
11286,7.616769842161487e-06,2,0.0,0,0,0,0,0.012958790017766002,2,0.0
11287,3.8083849210807435e-06,1,3.8066669965778065e-06,1,0,0,0,0.9995604515579641,2,0.0
11288,0.0,0,7.613333993155613e-06,2,0,0,0,77.13333993155614,2,0.0
11289,7.616769842161487e-06,2,0.0,0,0,0,0,0.012958790017766002,2,0.0
11290,3.8083849210807435e-06,1,3.8066669965778065e-06,1,0,0,0,0.9995604515579641,2,0.0
11291,3.8083849210807435e-06,1,3.8066669965778065e-06,1,0,0,0,0.9995604515579641,2,0.0
11292,0.0,0,7.613333993155613e-06,2,0,0,0,77.13333993155614,2,0.0
11293,7.616769842161487e-06,2,0.0,0,0,0,0,0.012958790017766002,2,0.0
11294,3.8083849210807435e-06,1,3.8066669965778065e-06,1,0,0,0,0.9995604515579641,2,0.0
11295,7.616769842161487e-06,2,0.0,0,0,0,0,0.012958790017766002,2,0.0
11296,7.616769842161487e-06,2,0.0,0,0,0,0,0.012958790017766002,2,0.0
11297,0.0,0,7.613333993155613e-06,2,0,0,0,77.13333993155614,2,0.0
11298,3.8083849210807435e-06,1,3.8066669965778065e-06,1,0,0,0,0.9995604515579641,2,0.0
11299,3.8083849210807435e-06,1,3.8066669965778065e-06,1,0,0,0,0.9995604515579641,2,0.0
11300,3.8083849210807435e-06,1,3.8066669965778065e-06,1,0,0,0,0.9995604515579641,2,0.0
11301,0.0,0,7.613333993155613e-06,2,0,0,0,77.13333993155614,2,0.0
11302,7.616769842161487e-06,2,0.0,0,0,0,0,0.012958790017766002,2,0.0
11303,7.616769842161487e-06,2,7.613333993155613e-06,2,1,1,0,0.9995547555420015,4,0.0
11304,7.616769842161487e-06,2,0.0,0,0,0,0,0.012958790017766002,2,0.0
11305,3.8083849210807435e-06,1,3.8066669965778065e-06,1,0,0,0,0.9995604515579641,2,0.0
11306,3.8083849210807435e-06,1,3.8066669965778065e-06,1,0,0,0,0.9995604515579641,2,0.0
11307,7.616769842161487e-06,2,0.0,0,0,0,0,0.012958790017766002,2,0.0
11308,3.8083849210807435e-06,1,3.8066669965778065e-06,1,0,0,0,0.9995604515579641,2,0.0
11309,3.8083849210807435e-06,1,3.8066669965778065e-06,1,0,0,0,0.9995604515579641,2,0.0
11310,3.8083849210807435e-06,1,3.8066669965778065e-06,1,0,0,0,0.9995604515579641,2,0.0
11311,1.142515476324223e-05,3,0.0,0,0,0,0,0.00867667307331396,3,0.0
11312,3.8083849210807435e-06,1,3.8066669965778065e-06,1,0,0,0,0.9995604515579641,2,0.0
11313,3.8083849210807435e-06,1,3.8066669965778065e-06,1,0,0,0,0.9995604515579641,2,0.0
11314,0.0,0,7.613333993155613e-06,2,0,0,0,77.13333993155614,2,0.0
11315,3.8083849210807435e-06,1,3.8066669965778065e-06,1,0,0,0,0.9995604515579641,2,0.0
11316,0.0,0,1.142000098973342e-05,3,0,0,0,115.20000989733421,3,0.0
11317,7.616769842161487e-06,2,1.142000098973342e-05,3,0,0,0,1.4928527383041192,4,0.0
11318,7.616769842161487e-06,2,0.0,0,0,0,0,0.012958790017766002,2,0.0
11319,0.0,0,7.613333993155613e-06,2,0,0,0,77.13333993155614,2,0.0
11320,7.616769842161487e-06,2,3.8066669965778065e-06,1,0,0,0,0.5062567727798837,2,0.0
11321,0.0,0,7.613333993155613e-06,2,0,0,0,77.13333993155614,2,0.0
11322,0.0,0,7.613333993155613e-06,2,0,0,0,77.13333993155614,2,0.0
11323,7.616769842161487e-06,2,3.8066669965778065e-06,1,0,0,0,0.5062567727798837,3,0.0
11324,7.616769842161487e-06,2,0.0,0,0,0,0,0.012958790017766002,2,0.0
11325,3.8083849210807435e-06,1,3.8066669965778065e-06,1,0,0,0,0.9995604515579641,2,0.0
11326,0.0,0,7.613333993155613e-06,2,0,0,0,77.13333993155614,2,0.0
11327,7.616769842161487e-06,2,3.8066669965778065e-06,1,0,0,0,0.5062567727798837,3,0.0
11328,3.8083849210807435e-06,1,3.8066669965778065e-06,1,0,0,0,0.9995604515579641,2,0.0
11329,1.142515476324223e-05,3,0.0,0,0,0,0,0.00867667307331396,3,0.0
11330,7.616769842161487e-06,2,3.8066669965778065e-06,1,0,0,0,0.5062567727798837,2,0.0
11331,7.616769842161487e-06,2,0.0,0,0,0,0,0.012958790017766002,2,0.0
11332,1.142515476324223e-05,3,1.142000098973342e-05,3,0,0,0,0.9995528239217015,6,0.0
11333,3.8083849210807435e-06,1,3.8066669965778065e-06,1,0,0,0,0.9995604515579641,2,0.0
11334,3.8083849210807435e-06,1,3.8066669965778065e-06,1,0,0,0,0.9995604515579641,2,0.0
11335,7.616769842161487e-06,2,3.8066669965778065e-06,1,0,0,0,0.5062567727798837,3,0.0
11336,3.8083849210807435e-06,1,3.8066669965778065e-06,1,0,0,0,0.9995604515579641,2,0.0
11337,7.616769842161487e-06,2,3.8066669965778065e-06,1,0,0,0,0.5062567727798837,3,0.0
11338,3.8083849210807435e-06,1,1.142000098973342e-05,3,0,0,0,2.9475093222261024,4,0.0
11339,3.8083849210807435e-06,1,3.8066669965778065e-06,1,0,0,0,0.9995604515579641,2,0.0
11340,0.0,0,7.613333993155613e-06,2,0,0,0,77.13333993155614,2,0.0
11341,0.0,0,1.142000098973342e-05,3,0,0,0,115.20000989733421,3,0.0
11342,1.142515476324223e-05,3,3.8066669965778065e-06,1,0,0,0,0.3389687233561098,3,0.0
11343,7.616769842161487e-06,2,3.8066669965778065e-06,1,0,0,0,0.5062567727798837,2,0.0
11344,7.616769842161487e-06,2,0.0,0,0,0,0,0.012958790017766002,2,0.0
11345,0.0,0,7.613333993155613e-06,2,0,0,0,77.13333993155614,2,0.0
11346,3.8083849210807435e-06,1,7.613333993155613e-06,2,0,0,0,1.9735348868920333,2,0.0
11347,3.8083849210807435e-06,1,7.613333993155613e-06,2,0,0,0,1.9735348868920333,3,0.0
11348,0.0,0,7.613333993155613e-06,2,0,0,0,77.13333993155614,2,0.0
11349,0.0,0,7.613333993155613e-06,2,0,0,0,77.13333993155614,2,0.0
11350,0.0,0,7.613333993155613e-06,2,0,0,0,77.13333993155614,2,0.0
11351,3.8083849210807435e-06,1,3.8066669965778065e-06,1,0,0,0,0.9995604515579641,2,0.0
11352,7.616769842161487e-06,1,3.8066669965778065e-06,1,0,0,0,0.5062567727798837,2,0.0
11353,7.616769842161487e-06,2,0.0,0,0,0,0,0.012958790017766002,2,0.0
11354,3.8083849210807435e-06,1,7.613333993155613e-06,2,0,0,0,1.9735348868920333,3,0.0
11355,3.8083849210807435e-06,1,3.8066669965778065e-06,1,0,0,0,0.9995604515579641,2,0.0
11356,3.8083849210807435e-06,1,3.8066669965778065e-06,1,0,0,0,0.9995604515579641,2,0.0
11357,7.616769842161487e-06,2,3.8066669965778065e-06,1,0,0,0,0.5062567727798837,3,0.0
11358,3.8083849210807435e-06,1,1.142000098973342e-05,2,0,0,0,2.9475093222261024,3,0.0
11359,3.8083849210807435e-06,1,3.8066669965778065e-06,1,0,0,0,0.9995604515579641,2,0.0
11360,7.616769842161487e-06,2,0.0,0,0,0,0,0.012958790017766002,2,0.0
11361,3.8083849210807435e-06,1,3.8066669965778065e-06,1,0,0,0,0.9995604515579641,2,0.0
11362,3.8083849210807435e-06,1,3.8066669965778065e-06,1,0,0,0,0.9995604515579641,2,0.0
11363,7.616769842161487e-06,2,3.8066669965778065e-06,1,0,0,0,0.5062567727798837,3,0.0
11364,3.8083849210807435e-06,1,3.8066669965778065e-06,1,0,0,0,0.9995604515579641,2,0.0
11365,0.0,0,7.613333993155613e-06,2,0,0,0,77.13333993155614,2,0.0
11366,7.616769842161487e-06,2,0.0,0,0,0,0,0.012958790017766002,2,0.0
11367,3.8083849210807435e-06,1,3.8066669965778065e-06,1,0,0,0,0.9995604515579641,2,0.0
11368,1.9041924605403718e-05,5,3.8066669965778065e-06,1,2,2,1,0.20408956137435438,5,0.2
11369,3.8083849210807435e-06,1,3.8066669965778065e-06,1,0,0,0,0.9995604515579641,2,0.0
11370,3.8083849210807435e-06,1,3.8066669965778065e-06,1,0,0,0,0.9995604515579641,2,0.0
11371,3.8083849210807435e-06,1,3.8066669965778065e-06,1,0,0,0,0.9995604515579641,2,0.0
11372,7.616769842161487e-06,2,0.0,0,0,0,0,0.012958790017766002,2,0.0
11373,3.8083849210807435e-06,1,3.8066669965778065e-06,1,0,0,0,0.9995604515579641,2,0.0
11374,3.8083849210807435e-06,1,3.8066669965778065e-06,1,0,0,0,0.9995604515579641,2,0.0
11375,3.8083849210807435e-06,1,3.8066669965778065e-06,1,0,0,0,0.9995604515579641,2,0.0
11376,3.8083849210807435e-06,1,3.8066669965778065e-06,1,0,0,0,0.9995604515579641,2,0.0
11377,7.616769842161487e-06,2,0.0,0,0,0,0,0.012958790017766002,2,0.0
11378,7.616769842161487e-06,2,0.0,0,1,1,0,0.012958790017766002,2,0.0
11379,7.616769842161487e-06,2,7.613333993155613e-06,1,0,0,0,0.9995547555420015,2,0.0
11380,7.616769842161487e-06,2,0.0,0,0,0,0,0.012958790017766002,2,0.0
11381,7.616769842161487e-06,2,9.516667491444516e-06,2,0,0,0,1.2462037469230602,2,0.0
11382,3.8083849210807435e-06,1,3.8066669965778065e-06,1,0,0,0,0.9995604515579641,2,0.0
11383,3.8083849210807435e-06,1,3.8066669965778065e-06,1,0,0,0,0.9995604515579641,2,0.0
11384,7.616769842161487e-06,2,1.5226667986311226e-05,1,1,1,1,1.9861507210662366,2,0.5
11385,3.8083849210807435e-06,1,3.8066669965778065e-06,1,0,0,0,0.9995604515579641,2,0.0
11386,3.8083849210807435e-06,1,3.8066669965778065e-06,1,0,0,0,0.9995604515579641,2,0.0
11387,1.142515476324223e-05,3,1.3323334488022323e-05,3,0,0,0,1.1646988490630994,4,0.0
11388,7.616769842161487e-06,2,0.0,0,0,0,0,0.012958790017766002,2,0.0
11389,7.616769842161487e-06,2,0.0,0,0,0,0,0.012958790017766002,2,0.0
11390,7.616769842161487e-06,2,0.0,0,0,0,0,0.012958790017766002,2,0.0
11391,0.0,0,7.613333993155613e-06,2,0,0,0,77.13333993155614,2,0.0
11392,0.0,0,7.613333993155613e-06,2,0,0,0,77.13333993155614,2,0.0
11393,7.616769842161487e-06,2,0.0,0,0,0,0,0.012958790017766002,2,0.0
11394,0.0,0,7.613333993155613e-06,2,0,0,0,77.13333993155614,2,0.0
11395,0.0,0,7.613333993155613e-06,2,0,0,0,77.13333993155614,2,0.0
11396,0.0,0,7.613333993155613e-06,2,0,0,0,77.13333993155614,2,0.0
11397,0.0,0,7.613333993155613e-06,2,0,0,0,77.13333993155614,2,0.0
11398,7.616769842161487e-06,2,0.0,0,0,0,0,0.012958790017766002,2,0.0
11399,0.0,0,7.613333993155613e-06,2,0,0,0,77.13333993155614,2,0.0
11400,0.0,0,7.613333993155613e-06,2,0,0,0,77.13333993155614,2,0.0
11401,0.0,0,7.613333993155613e-06,2,0,0,0,77.13333993155614,2,0.0
11402,0.0,0,7.613333993155613e-06,2,0,0,0,77.13333993155614,2,0.0
11403,1.142515476324223e-05,3,3.8066669965778065e-06,1,3,3,1,0.3389687233561098,3,0.3333333333333333
11404,0.0,0,7.613333993155613e-06,2,0,0,0,77.13333993155614,2,0.0
11405,0.0,0,7.613333993155613e-06,2,0,0,0,77.13333993155614,2,0.0
11406,7.616769842161487e-06,2,0.0,0,0,0,0,0.012958790017766002,2,0.0
11407,0.0,0,1.5226667986311226e-05,4,0,0,0,153.26667986311224,4,0.0
11408,0.0,0,7.613333993155613e-06,2,0,0,0,77.13333993155614,2,0.0
11409,7.616769842161487e-06,2,0.0,0,0,0,0,0.012958790017766002,2,0.0
11410,0.0,0,7.613333993155613e-06,2,1,0,1,77.13333993155614,2,0.5
11411,0.0,0,1.142000098973342e-05,3,0,0,0,115.20000989733421,3,0.0
11412,0.0,0,7.613333993155613e-06,2,0,0,0,77.13333993155614,2,0.0
11413,0.0,0,7.613333993155613e-06,2,0,0,0,77.13333993155614,2,0.0
11414,0.0,0,1.142000098973342e-05,3,0,0,0,115.20000989733421,3,0.0
11415,0.0,0,1.142000098973342e-05,2,0,0,0,115.20000989733421,2,0.0
11416,0.0,0,7.613333993155613e-06,2,0,0,0,77.13333993155614,2,0.0
11417,0.0,0,1.5226667986311226e-05,4,0,0,0,153.26667986311224,4,0.0
11418,7.616769842161487e-06,2,3.8066669965778065e-06,1,0,0,0,0.5062567727798837,2,0.0
11419,7.616769842161487e-06,2,0.0,0,0,0,0,0.012958790017766002,2,0.0
11420,7.616769842161487e-06,2,3.8066669965778065e-06,1,0,0,0,0.5062567727798837,2,0.0
11421,7.616769842161487e-06,2,0.0,0,0,0,0,0.012958790017766002,2,0.0
11422,7.616769842161487e-06,2,0.0,0,0,0,0,0.012958790017766002,2,0.0
11423,7.616769842161487e-06,2,0.0,0,0,0,0,0.012958790017766002,2,0.0
11424,7.616769842161487e-06,2,0.0,0,0,0,0,0.012958790017766002,2,0.0
11425,0.0,0,7.613333993155613e-06,2,0,0,0,77.13333993155614,2,0.0
11426,7.616769842161487e-06,2,0.0,0,0,0,0,0.012958790017766002,2,0.0
11427,0.0,0,7.613333993155613e-06,2,0,0,0,77.13333993155614,2,0.0
11428,7.616769842161487e-06,2,0.0,0,0,0,0,0.012958790017766002,2,0.0
11429,0.0,0,7.613333993155613e-06,2,0,0,0,77.13333993155614,2,0.0
11430,7.616769842161487e-06,2,0.0,0,0,0,0,0.012958790017766002,2,0.0
11431,0.0,0,7.613333993155613e-06,2,0,0,0,77.13333993155614,2,0.0
11432,7.616769842161487e-06,2,3.8066669965778065e-06,1,0,0,0,0.5062567727798837,2,0.0
11433,7.616769842161487e-06,2,0.0,0,0,0,0,0.012958790017766002,2,0.0
11434,7.616769842161487e-06,2,0.0,0,0,0,0,0.012958790017766002,2,0.0
11435,7.616769842161487e-06,2,0.0,0,0,0,0,0.012958790017766002,2,0.0
11436,1.142515476324223e-05,3,7.613333993155613e-06,2,0,0,0,0.6692607736389057,3,0.0
11437,0.0,0,7.613333993155613e-06,2,0,0,0,77.13333993155614,2,0.0
11438,7.616769842161487e-06,2,0.0,0,0,0,0,0.012958790017766002,2,0.0
11439,1.142515476324223e-05,3,0.0,0,0,0,0,0.00867667307331396,3,0.0
11440,7.616769842161487e-06,2,7.613333993155613e-06,1,0,0,0,0.9995547555420015,2,0.0
11441,0.0,0,7.613333993155613e-06,2,0,0,0,77.13333993155614,2,0.0
11442,0.0,0,7.613333993155613e-06,2,0,0,0,77.13333993155614,2,0.0
11443,7.616769842161487e-06,2,0.0,0,0,0,0,0.012958790017766002,2,0.0
11444,3.8083849210807435e-06,1,3.8066669965778065e-06,1,0,0,0,0.9995604515579641,2,0.0
11445,7.616769842161487e-06,2,0.0,0,0,0,0,0.012958790017766002,2,0.0
11446,7.616769842161487e-06,2,0.0,0,0,0,0,0.012958790017766002,2,0.0
11447,7.616769842161487e-06,2,0.0,0,1,1,0,0.012958790017766002,2,0.0
11448,7.616769842161487e-06,2,0.0,0,2,2,0,0.012958790017766002,2,0.0
11449,0.0,0,7.613333993155613e-06,2,0,0,0,77.13333993155614,2,0.0
11450,7.616769842161487e-06,2,0.0,0,0,0,0,0.012958790017766002,2,0.0
11451,0.0,0,7.613333993155613e-06,2,0,0,0,77.13333993155614,2,0.0
11452,0.0,0,7.613333993155613e-06,2,0,0,0,77.13333993155614,2,0.0
11453,7.616769842161487e-06,2,0.0,0,0,0,0,0.012958790017766002,2,0.0
11454,1.142515476324223e-05,2,2.284000197946684e-05,1,0,0,0,1.990428974770089,2,0.0
11455,0.0,0,7.613333993155613e-06,2,0,0,0,77.13333993155614,2,0.0
11456,7.616769842161487e-06,2,0.0,0,0,0,0,0.012958790017766002,2,0.0
11457,1.142515476324223e-05,3,3.8066669965778065e-06,1,0,0,0,0.3389687233561098,3,0.0
11458,0.0,0,7.613333993155613e-06,2,0,0,0,77.13333993155614,2,0.0
11459,0.0,0,7.613333993155613e-06,2,0,0,0,77.13333993155614,2,0.0
11460,7.616769842161487e-06,2,0.0,0,0,0,0,0.012958790017766002,2,0.0
11461,7.616769842161487e-06,2,0.0,0,0,0,0,0.012958790017766002,2,0.0
11462,7.616769842161487e-06,2,0.0,0,0,0,0,0.012958790017766002,2,0.0
11463,0.0,0,7.613333993155613e-06,2,0,0,0,77.13333993155614,2,0.0
11464,7.616769842161487e-06,2,7.613333993155613e-06,1,0,0,0,0.9995547555420015,2,0.0
11465,0.0,0,7.613333993155613e-06,2,0,0,0,77.13333993155614,2,0.0
11466,0.0,0,1.142000098973342e-05,3,0,0,0,115.20000989733421,3,0.0
11467,7.616769842161487e-06,2,3.8066669965778065e-06,1,0,0,0,0.5062567727798837,2,0.0
11468,7.616769842161487e-06,2,0.0,0,0,0,0,0.012958790017766002,2,0.0
11469,0.0,0,7.613333993155613e-06,2,1,0,1,77.13333993155614,2,0.5
11470,7.616769842161487e-06,2,0.0,0,0,0,0,0.012958790017766002,2,0.0
11471,0.0,0,1.142000098973342e-05,3,0,0,0,115.20000989733421,3,0.0
11472,0.0,0,7.613333993155613e-06,2,0,0,0,77.13333993155614,2,0.0
11473,0.0,0,7.613333993155613e-06,2,0,0,0,77.13333993155614,2,0.0
11474,7.616769842161487e-06,2,0.0,0,0,0,0,0.012958790017766002,2,0.0
11475,7.616769842161487e-06,2,0.0,0,0,0,0,0.012958790017766002,2,0.0
11476,0.0,0,1.142000098973342e-05,2,0,0,0,115.20000989733421,2,0.0
11477,7.616769842161487e-06,2,9.516667491444516e-06,1,0,0,0,1.2462037469230602,2,0.0
11478,0.0,0,7.613333993155613e-06,2,0,0,0,77.13333993155614,2,0.0
11479,0.0,0,7.613333993155613e-06,2,0,0,0,77.13333993155614,2,0.0
11480,0.0,0,1.142000098973342e-05,3,0,0,0,115.20000989733421,3,0.0
11481,0.0,0,1.142000098973342e-05,3,0,0,0,115.20000989733421,3,0.0
11482,7.616769842161487e-06,2,0.0,0,0,0,0,0.012958790017766002,2,0.0
11483,0.0,0,7.613333993155613e-06,2,0,0,0,77.13333993155614,2,0.0
11484,7.616769842161487e-06,2,0.0,0,0,0,0,0.012958790017766002,2,0.0
11485,0.0,0,7.613333993155613e-06,2,0,0,0,77.13333993155614,2,0.0
11486,0.0,0,7.613333993155613e-06,2,0,0,0,77.13333993155614,2,0.0
11487,7.616769842161487e-06,2,0.0,0,0,0,0,0.012958790017766002,2,0.0
11488,7.616769842161487e-06,2,0.0,0,0,0,0,0.012958790017766002,2,0.0
11489,7.616769842161487e-06,2,0.0,0,0,0,0,0.012958790017766002,2,0.0
11490,7.616769842161487e-06,2,0.0,0,0,0,0,0.012958790017766002,2,0.0
11491,1.142515476324223e-05,2,0.0,0,0,0,0,0.00867667307331396,2,0.0
11492,0.0,0,7.613333993155613e-06,2,0,0,0,77.13333993155614,2,0.0
11493,7.616769842161487e-06,2,0.0,0,0,0,0,0.012958790017766002,2,0.0
11494,0.0,0,7.613333993155613e-06,2,0,0,0,77.13333993155614,2,0.0
11495,0.0,0,7.613333993155613e-06,2,0,0,0,77.13333993155614,2,0.0
11496,0.0,0,7.613333993155613e-06,2,0,0,0,77.13333993155614,2,0.0
11497,0.0,0,7.613333993155613e-06,2,0,0,0,77.13333993155614,2,0.0
11498,7.616769842161487e-06,2,0.0,0,0,0,0,0.012958790017766002,2,0.0
11499,7.616769842161487e-06,2,0.0,0,0,0,0,0.012958790017766002,2,0.0
11500,7.616769842161487e-06,2,0.0,0,0,0,0,0.012958790017766002,2,0.0
11501,0.0,0,1.142000098973342e-05,3,0,0,0,115.20000989733421,3,0.0
11502,0.0,0,1.5226667986311226e-05,4,0,0,0,153.26667986311224,4,0.0
11503,0.0,0,7.613333993155613e-06,2,0,0,0,77.13333993155614,2,0.0
11504,0.0,0,7.613333993155613e-06,2,0,0,0,77.13333993155614,2,0.0
11505,7.616769842161487e-06,2,0.0,0,0,0,0,0.012958790017766002,2,0.0
11506,7.616769842161487e-06,2,0.0,0,0,0,0,0.012958790017766002,2,0.0
11507,0.0,0,7.613333993155613e-06,2,0,0,0,77.13333993155614,2,0.0
11508,7.616769842161487e-06,2,0.0,0,0,0,0,0.012958790017766002,2,0.0
11509,0.0,0,7.613333993155613e-06,2,0,0,0,77.13333993155614,2,0.0
11510,0.0,0,7.613333993155613e-06,2,0,0,0,77.13333993155614,2,0.0
11511,7.616769842161487e-06,2,0.0,0,0,0,0,0.012958790017766002,2,0.0
11512,1.142515476324223e-05,2,3.8066669965778065e-06,1,0,0,0,0.3389687233561098,2,0.0
11513,7.616769842161487e-06,2,0.0,0,0,0,0,0.012958790017766002,2,0.0
11514,7.616769842161487e-06,2,3.8066669965778065e-06,1,0,0,0,0.5062567727798837,2,0.0
11515,7.616769842161487e-06,2,3.8066669965778065e-06,1,0,0,0,0.5062567727798837,2,0.0
11516,0.0,0,7.613333993155613e-06,2,0,0,0,77.13333993155614,2,0.0
11517,0.0,0,7.613333993155613e-06,2,0,0,0,77.13333993155614,2,0.0
11518,7.616769842161487e-06,2,3.8066669965778065e-06,1,0,0,0,0.5062567727798837,2,0.0
11519,0.0,0,7.613333993155613e-06,2,0,0,0,77.13333993155614,2,0.0
11520,1.142515476324223e-05,2,0.0,0,0,0,0,0.00867667307331396,2,0.0
11521,0.0,0,1.142000098973342e-05,3,0,0,0,115.20000989733421,3,0.0
11522,1.142515476324223e-05,3,0.0,0,0,0,0,0.00867667307331396,3,0.0
11523,7.616769842161487e-06,2,3.8066669965778065e-06,1,1,1,1,0.5062567727798837,2,0.5
11524,0.0,0,1.142000098973342e-05,2,0,0,0,115.20000989733421,2,0.0
11525,0.0,0,7.613333993155613e-06,2,0,0,0,77.13333993155614,2,0.0
11526,7.616769842161487e-06,2,0.0,0,0,0,0,0.012958790017766002,2,0.0
11527,7.616769842161487e-06,2,0.0,0,0,0,0,0.012958790017766002,2,0.0
11528,0.0,0,7.613333993155613e-06,2,0,0,0,77.13333993155614,2,0.0
11529,7.616769842161487e-06,2,5.710000494866709e-06,1,0,0,0,0.7529057641609425,2,0.0
11530,0.0,0,7.613333993155613e-06,2,0,0,0,77.13333993155614,2,0.0
11531,0.0,0,7.613333993155613e-06,2,0,0,0,77.13333993155614,2,0.0
11532,7.616769842161487e-06,2,0.0,0,0,0,0,0.012958790017766002,2,0.0
11533,7.616769842161487e-06,2,0.0,0,0,0,0,0.012958790017766002,2,0.0
11534,0.0,0,7.613333993155613e-06,2,0,0,0,77.13333993155614,2,0.0
11535,7.616769842161487e-06,2,9.516667491444516e-06,1,0,0,0,1.2462037469230602,2,0.0
11536,0.0,0,7.613333993155613e-06,2,0,0,0,77.13333993155614,2,0.0
11537,7.616769842161487e-06,2,0.0,0,0,0,0,0.012958790017766002,2,0.0
11538,1.142515476324223e-05,3,0.0,0,0,0,0,0.00867667307331396,3,0.0
11539,0.0,0,7.613333993155613e-06,2,0,0,0,77.13333993155614,2,0.0
11540,7.616769842161487e-06,2,0.0,0,0,0,0,0.012958790017766002,2,0.0
11541,0.0,0,7.613333993155613e-06,2,0,0,0,77.13333993155614,2,0.0
11542,0.0,0,7.613333993155613e-06,2,0,0,0,77.13333993155614,2,0.0
11543,7.616769842161487e-06,2,0.0,0,0,0,0,0.012958790017766002,2,0.0
11544,0.0,0,1.142000098973342e-05,3,0,0,0,115.20000989733421,3,0.0
11545,7.616769842161487e-06,2,3.8066669965778065e-06,1,0,0,0,0.5062567727798837,2,0.0
11546,7.616769842161487e-06,2,3.8066669965778065e-06,1,0,0,0,0.5062567727798837,2,0.0
11547,7.616769842161487e-06,2,0.0,0,0,0,0,0.012958790017766002,2,0.0
11548,7.616769842161487e-06,2,0.0,0,0,0,0,0.012958790017766002,2,0.0
11549,7.616769842161487e-06,2,0.0,0,0,0,0,0.012958790017766002,2,0.0
11550,7.616769842161487e-06,2,0.0,0,0,0,0,0.012958790017766002,2,0.0
11551,1.5233539684322974e-05,2,9.516667491444516e-06,1,1,1,1,0.6271655266446147,2,0.5
11552,1.142515476324223e-05,3,0.0,0,0,0,0,0.00867667307331396,3,0.0
11553,0.0,0,7.613333993155613e-06,2,0,0,0,77.13333993155614,2,0.0
11554,0.0,0,7.613333993155613e-06,2,0,0,0,77.13333993155614,2,0.0
11555,0.0,0,1.142000098973342e-05,3,0,0,0,115.20000989733421,3,0.0
11556,0.0,0,7.613333993155613e-06,2,0,0,0,77.13333993155614,2,0.0
11557,7.616769842161487e-06,2,0.0,0,0,0,0,0.012958790017766002,2,0.0
11558,7.616769842161487e-06,2,0.0,0,0,0,0,0.012958790017766002,2,0.0
11559,0.0,0,7.613333993155613e-06,2,0,0,0,77.13333993155614,2,0.0
11560,0.0,0,7.613333993155613e-06,2,0,0,0,77.13333993155614,2,0.0
11561,0.0,0,7.613333993155613e-06,2,0,0,0,77.13333993155614,2,0.0
11562,0.0,0,7.613333993155613e-06,2,0,0,0,77.13333993155614,2,0.0
11563,7.616769842161487e-06,2,0.0,0,0,0,0,0.012958790017766002,2,0.0
11564,7.616769842161487e-06,2,0.0,0,0,0,0,0.012958790017766002,2,0.0
11565,0.0,0,7.613333993155613e-06,2,0,0,0,77.13333993155614,2,0.0
11566,7.616769842161487e-06,2,0.0,0,0,0,0,0.012958790017766002,2,0.0
11567,7.616769842161487e-06,2,0.0,0,0,0,0,0.012958790017766002,2,0.0
11568,7.616769842161487e-06,2,0.0,0,0,0,0,0.012958790017766002,2,0.0
11569,0.0,0,7.613333993155613e-06,2,0,0,0,77.13333993155614,2,0.0
11570,0.0,0,7.613333993155613e-06,2,0,0,0,77.13333993155614,2,0.0
11571,0.0,0,7.613333993155613e-06,2,0,0,0,77.13333993155614,2,0.0
11572,7.616769842161487e-06,2,0.0,0,0,0,0,0.012958790017766002,2,0.0
11573,0.0,0,7.613333993155613e-06,2,0,0,0,77.13333993155614,2,0.0
11574,0.0,0,7.613333993155613e-06,2,1,0,1,77.13333993155614,2,0.5
11575,7.616769842161487e-06,2,0.0,0,0,0,0,0.012958790017766002,2,0.0
11576,7.616769842161487e-06,2,1.142000098973342e-05,1,0,0,0,1.4928527383041192,2,0.0
11577,0.0,0,7.613333993155613e-06,2,0,0,0,77.13333993155614,2,0.0
11578,7.616769842161487e-06,2,0.0,0,0,0,0,0.012958790017766002,2,0.0
11579,0.0,0,7.613333993155613e-06,2,0,0,0,77.13333993155614,2,0.0
11580,0.0,0,1.142000098973342e-05,3,0,0,0,115.20000989733421,3,0.0
11581,7.616769842161487e-06,2,0.0,0,0,0,0,0.012958790017766002,2,0.0
11582,7.616769842161487e-06,2,0.0,0,0,0,0,0.012958790017766002,2,0.0
11583,0.0,0,7.613333993155613e-06,2,0,0,0,77.13333993155614,2,0.0
11584,0.0,0,7.613333993155613e-06,2,0,0,0,77.13333993155614,2,0.0
11585,0.0,0,7.613333993155613e-06,2,0,0,0,77.13333993155614,2,0.0
11586,0.0,0,7.613333993155613e-06,2,0,0,0,77.13333993155614,2,0.0
11587,7.616769842161487e-06,2,3.8066669965778065e-06,1,0,0,0,0.5062567727798837,2,0.0
11588,7.616769842161487e-06,2,0.0,0,0,0,0,0.012958790017766002,2,0.0
11589,7.616769842161487e-06,2,0.0,0,0,0,0,0.012958790017766002,2,0.0
11590,0.0,0,7.613333993155613e-06,2,0,0,0,77.13333993155614,2,0.0
11591,0.0,0,7.613333993155613e-06,2,0,0,0,77.13333993155614,2,0.0
11592,0.0,0,7.613333993155613e-06,2,0,0,0,77.13333993155614,2,0.0
11593,0.0,0,7.613333993155613e-06,2,0,0,0,77.13333993155614,2,0.0
11594,7.616769842161487e-06,2,0.0,0,0,0,0,0.012958790017766002,2,0.0
11595,0.0,0,7.613333993155613e-06,2,0,0,0,77.13333993155614,2,0.0
11596,7.616769842161487e-06,2,0.0,0,0,0,0,0.012958790017766002,2,0.0
11597,7.616769842161487e-06,2,0.0,0,0,0,0,0.012958790017766002,2,0.0
11598,7.616769842161487e-06,2,0.0,0,0,0,0,0.012958790017766002,2,0.0
11599,7.616769842161487e-06,2,0.0,0,0,0,0,0.012958790017766002,2,0.0
11600,7.616769842161487e-06,2,0.0,0,0,0,0,0.012958790017766002,2,0.0
11601,7.616769842161487e-06,2,0.0,0,0,0,0,0.012958790017766002,2,0.0
11602,7.616769842161487e-06,2,0.0,0,0,0,0,0.012958790017766002,2,0.0
11603,1.142515476324223e-05,3,0.0,0,0,0,0,0.00867667307331396,3,0.0
11604,7.616769842161487e-06,2,0.0,0,0,0,0,0.012958790017766002,2,0.0
11605,0.0,0,7.613333993155613e-06,2,0,0,0,77.13333993155614,2,0.0
11606,7.616769842161487e-06,2,0.0,0,0,0,0,0.012958790017766002,2,0.0
11607,0.0,0,7.613333993155613e-06,2,0,0,0,77.13333993155614,2,0.0
11608,7.616769842161487e-06,2,5.710000494866709e-06,1,0,0,0,0.7529057641609425,2,0.0
11609,1.142515476324223e-05,3,0.0,0,0,0,0,0.00867667307331396,3,0.0
11610,1.142515476324223e-05,3,0.0,0,0,0,0,0.00867667307331396,3,0.0
11611,7.616769842161487e-06,2,0.0,0,0,0,0,0.012958790017766002,2,0.0
11612,7.616769842161487e-06,2,0.0,0,0,0,0,0.012958790017766002,2,0.0
11613,7.616769842161487e-06,2,0.0,0,0,0,0,0.012958790017766002,2,0.0
11614,0.0,0,7.613333993155613e-06,2,0,0,0,77.13333993155614,2,0.0
11615,7.616769842161487e-06,2,0.0,0,0,0,0,0.012958790017766002,2,0.0
11616,0.0,0,1.142000098973342e-05,3,0,0,0,115.20000989733421,3,0.0
11617,7.616769842161487e-06,2,1.3323334488022322e-05,1,0,0,0,1.7395017296851778,2,0.0
11618,0.0,0,1.142000098973342e-05,3,0,0,0,115.20000989733421,3,0.0
11619,7.616769842161487e-06,2,7.613333993155613e-06,1,0,0,0,0.9995547555420015,2,0.0
11620,7.616769842161487e-06,2,0.0,0,0,0,0,0.012958790017766002,2,0.0
11621,7.616769842161487e-06,2,0.0,0,0,0,0,0.012958790017766002,2,0.0
11622,7.616769842161487e-06,2,0.0,0,0,0,0,0.012958790017766002,2,0.0
11623,0.0,0,7.613333993155613e-06,2,0,0,0,77.13333993155614,2,0.0
11624,0.0,0,7.613333993155613e-06,2,0,0,0,77.13333993155614,2,0.0
11625,0.0,0,7.613333993155613e-06,2,0,0,0,77.13333993155614,2,0.0
11626,0.0,0,7.613333993155613e-06,2,0,0,0,77.13333993155614,2,0.0
11627,0.0,0,7.613333993155613e-06,2,0,0,0,77.13333993155614,2,0.0
11628,0.0,0,1.142000098973342e-05,3,0,0,0,115.20000989733421,3,0.0
11629,0.0,0,7.613333993155613e-06,2,0,0,0,77.13333993155614,2,0.0
11630,0.0,0,7.613333993155613e-06,2,0,0,0,77.13333993155614,2,0.0
11631,7.616769842161487e-06,2,0.0,0,0,0,0,0.012958790017766002,2,0.0
11632,0.0,0,7.613333993155613e-06,2,0,0,0,77.13333993155614,2,0.0
11633,7.616769842161487e-06,2,0.0,0,0,0,0,0.012958790017766002,2,0.0
11634,0.0,0,7.613333993155613e-06,2,0,0,0,77.13333993155614,2,0.0
11635,0.0,0,7.613333993155613e-06,2,0,0,0,77.13333993155614,2,0.0
11636,7.616769842161487e-06,2,0.0,0,0,0,0,0.012958790017766002,2,0.0
11637,7.616769842161487e-06,2,0.0,0,0,0,0,0.012958790017766002,2,0.0
11638,7.616769842161487e-06,2,0.0,0,0,0,0,0.012958790017766002,2,0.0
11639,7.616769842161487e-06,2,0.0,0,0,0,0,0.012958790017766002,2,0.0
11640,7.616769842161487e-06,2,0.0,0,0,0,0,0.012958790017766002,2,0.0
11641,0.0,0,7.613333993155613e-06,2,0,0,0,77.13333993155614,2,0.0
11642,0.0,0,7.613333993155613e-06,2,0,0,0,77.13333993155614,2,0.0
11643,0.0,0,7.613333993155613e-06,2,0,0,0,77.13333993155614,2,0.0
11644,0.0,0,7.613333993155613e-06,2,0,0,0,77.13333993155614,2,0.0
11645,0.0,0,7.613333993155613e-06,2,0,0,0,77.13333993155614,2,0.0
11646,0.0,0,7.613333993155613e-06,2,0,0,0,77.13333993155614,2,0.0
11647,0.0,0,7.613333993155613e-06,2,0,0,0,77.13333993155614,2,0.0
11648,7.616769842161487e-06,2,0.0,0,0,0,0,0.012958790017766002,2,0.0
11649,0.0,0,7.613333993155613e-06,2,0,0,0,77.13333993155614,2,0.0
11650,0.0,0,7.613333993155613e-06,2,0,0,0,77.13333993155614,2,0.0
11651,0.0,0,7.613333993155613e-06,2,0,0,0,77.13333993155614,2,0.0
11652,0.0,0,1.142000098973342e-05,3,0,0,0,115.20000989733421,3,0.0
11653,0.0,0,7.613333993155613e-06,2,0,0,0,77.13333993155614,2,0.0
11654,0.0,0,7.613333993155613e-06,2,0,0,0,77.13333993155614,2,0.0
11655,0.0,0,7.613333993155613e-06,2,0,0,0,77.13333993155614,2,0.0
11656,0.0,0,7.613333993155613e-06,2,0,0,0,77.13333993155614,2,0.0
11657,0.0,0,7.613333993155613e-06,2,0,0,0,77.13333993155614,2,0.0
11658,0.0,0,7.613333993155613e-06,2,0,0,0,77.13333993155614,2,0.0
11659,0.0,0,7.613333993155613e-06,2,0,0,0,77.13333993155614,2,0.0
11660,0.0,0,7.613333993155613e-06,2,0,0,0,77.13333993155614,2,0.0
11661,0.0,0,7.613333993155613e-06,2,0,0,0,77.13333993155614,2,0.0
11662,0.0,0,1.142000098973342e-05,3,0,0,0,115.20000989733421,3,0.0
11663,0.0,0,7.613333993155613e-06,2,0,0,0,77.13333993155614,2,0.0
11664,0.0,0,7.613333993155613e-06,2,0,0,0,77.13333993155614,2,0.0
11665,7.616769842161487e-06,2,0.0,0,0,0,0,0.012958790017766002,2,0.0
11666,0.0,0,7.613333993155613e-06,2,0,0,0,77.13333993155614,2,0.0
11667,0.0,0,7.613333993155613e-06,2,0,0,0,77.13333993155614,2,0.0
11668,0.0,0,7.613333993155613e-06,2,0,0,0,77.13333993155614,2,0.0
11669,0.0,0,7.613333993155613e-06,2,0,0,0,77.13333993155614,2,0.0
11670,0.0,0,7.613333993155613e-06,2,0,0,0,77.13333993155614,2,0.0
11671,7.616769842161487e-06,2,0.0,0,0,0,0,0.012958790017766002,2,0.0
11672,1.142515476324223e-05,3,0.0,0,0,0,0,0.00867667307331396,3,0.0
11673,1.142515476324223e-05,3,0.0,0,0,0,0,0.00867667307331396,3,0.0
11674,7.616769842161487e-06,2,7.613333993155613e-06,2,0,0,0,0.9995547555420015,2,0.0
11675,7.616769842161487e-06,2,0.0,0,0,0,0,0.012958790017766002,2,0.0
11676,0.0,0,7.613333993155613e-06,2,0,0,0,77.13333993155614,2,0.0
11677,7.616769842161487e-06,2,0.0,0,0,0,0,0.012958790017766002,2,0.0
11678,7.616769842161487e-06,2,0.0,0,0,0,0,0.012958790017766002,2,0.0
11679,7.616769842161487e-06,2,0.0,0,0,0,0,0.012958790017766002,2,0.0
11680,7.616769842161487e-06,2,0.0,0,0,0,0,0.012958790017766002,2,0.0
11681,7.616769842161487e-06,2,0.0,0,0,0,0,0.012958790017766002,2,0.0
11682,7.616769842161487e-06,2,0.0,0,0,0,0,0.012958790017766002,2,0.0
11683,7.616769842161487e-06,2,0.0,0,0,0,0,0.012958790017766002,2,0.0
11684,0.0,0,7.613333993155613e-06,2,0,0,0,77.13333993155614,2,0.0
11685,7.616769842161487e-06,2,0.0,0,0,0,0,0.012958790017766002,2,0.0
11686,7.616769842161487e-06,2,5.710000494866709e-06,1,0,0,0,0.7529057641609425,2,0.0
11687,7.616769842161487e-06,2,0.0,0,1,1,0,0.012958790017766002,2,0.0
11688,7.616769842161487e-06,2,3.8066669965778065e-06,1,0,0,0,0.5062567727798837,2,0.0
11689,7.616769842161487e-06,2,0.0,0,1,1,0,0.012958790017766002,2,0.0
11690,7.616769842161487e-06,2,0.0,0,0,0,0,0.012958790017766002,2,0.0
11691,0.0,0,7.613333993155613e-06,2,0,0,0,77.13333993155614,2,0.0
11692,0.0,0,7.613333993155613e-06,2,0,0,0,77.13333993155614,2,0.0
11693,0.0,0,7.613333993155613e-06,2,0,0,0,77.13333993155614,2,0.0
11694,7.616769842161487e-06,2,5.710000494866709e-06,1,0,0,0,0.7529057641609425,2,0.0
11695,7.616769842161487e-06,2,0.0,0,0,0,0,0.012958790017766002,2,0.0
11696,7.616769842161487e-06,2,0.0,0,0,0,0,0.012958790017766002,2,0.0
11697,7.616769842161487e-06,2,0.0,0,0,0,0,0.012958790017766002,2,0.0
11698,0.0,0,7.613333993155613e-06,2,0,0,0,77.13333993155614,2,0.0
11699,7.616769842161487e-06,2,0.0,0,0,0,0,0.012958790017766002,2,0.0
11700,0.0,0,7.613333993155613e-06,2,0,0,0,77.13333993155614,2,0.0
11701,0.0,0,1.142000098973342e-05,2,0,0,0,115.20000989733421,2,0.0
11702,0.0,0,7.613333993155613e-06,2,0,0,0,77.13333993155614,2,0.0
11703,0.0,0,1.9033334982889035e-05,3,0,0,0,191.33334982889036,3,0.0
11704,0.0,0,7.613333993155613e-06,2,0,0,0,77.13333993155614,2,0.0
11705,7.616769842161487e-06,2,0.0,0,0,0,0,0.012958790017766002,2,0.0
11706,0.0,0,7.613333993155613e-06,2,0,0,0,77.13333993155614,2,0.0
11707,7.616769842161487e-06,2,0.0,0,0,0,0,0.012958790017766002,2,0.0
11708,0.0,0,7.613333993155613e-06,2,0,0,0,77.13333993155614,2,0.0
11709,1.142515476324223e-05,3,0.0,0,0,0,0,0.00867667307331396,3,0.0
11710,7.616769842161487e-06,2,0.0,0,0,0,0,0.012958790017766002,2,0.0
11711,7.616769842161487e-06,2,0.0,0,0,0,0,0.012958790017766002,2,0.0
11712,7.616769842161487e-06,2,0.0,0,0,0,0,0.012958790017766002,2,0.0
11713,7.616769842161487e-06,2,0.0,0,0,0,0,0.012958790017766002,2,0.0
11714,7.616769842161487e-06,2,3.8066669965778065e-06,1,0,0,0,0.5062567727798837,2,0.0
11715,0.0,0,7.613333993155613e-06,2,0,0,0,77.13333993155614,2,0.0
11716,0.0,0,7.613333993155613e-06,2,0,0,0,77.13333993155614,2,0.0
11717,7.616769842161487e-06,2,0.0,0,0,0,0,0.012958790017766002,2,0.0
11718,7.616769842161487e-06,2,0.0,0,0,0,0,0.012958790017766002,2,0.0
11719,7.616769842161487e-06,2,0.0,0,0,0,0,0.012958790017766002,2,0.0
11720,0.0,0,7.613333993155613e-06,2,0,0,0,77.13333993155614,2,0.0
11721,7.616769842161487e-06,2,0.0,0,0,0,0,0.012958790017766002,2,0.0
11722,7.616769842161487e-06,2,0.0,0,0,0,0,0.012958790017766002,2,0.0
11723,7.616769842161487e-06,2,0.0,0,0,0,0,0.012958790017766002,2,0.0
11724,7.616769842161487e-06,2,0.0,0,0,0,0,0.012958790017766002,2,0.0
11725,7.616769842161487e-06,2,0.0,0,0,0,0,0.012958790017766002,2,0.0
11726,1.142515476324223e-05,3,0.0,0,0,0,0,0.00867667307331396,3,0.0
11727,7.616769842161487e-06,2,0.0,0,0,0,0,0.012958790017766002,2,0.0
11728,0.0,0,7.613333993155613e-06,2,0,0,0,77.13333993155614,2,0.0
11729,7.616769842161487e-06,2,0.0,0,0,0,0,0.012958790017766002,2,0.0
11730,0.0,0,7.613333993155613e-06,2,1,0,1,77.13333993155614,2,0.5
11731,7.616769842161487e-06,2,3.8066669965778065e-06,1,0,0,0,0.5062567727798837,2,0.0
11732,0.0,0,1.142000098973342e-05,3,0,0,0,115.20000989733421,3,0.0
11733,0.0,0,7.613333993155613e-06,2,0,0,0,77.13333993155614,2,0.0
11734,7.616769842161487e-06,2,0.0,0,0,0,0,0.012958790017766002,2,0.0
11735,0.0,0,7.613333993155613e-06,2,0,0,0,77.13333993155614,2,0.0
11736,7.616769842161487e-06,2,1.142000098973342e-05,2,0,0,0,1.4928527383041192,2,0.0
11737,0.0,0,7.613333993155613e-06,2,0,0,0,77.13333993155614,2,0.0
11738,7.616769842161487e-06,2,0.0,0,0,0,0,0.012958790017766002,2,0.0
11739,0.0,0,7.613333993155613e-06,2,0,0,0,77.13333993155614,2,0.0
11740,7.616769842161487e-06,2,0.0,0,0,0,0,0.012958790017766002,2,0.0
11741,0.0,0,7.613333993155613e-06,2,0,0,0,77.13333993155614,2,0.0
11742,0.0,0,7.613333993155613e-06,2,0,0,0,77.13333993155614,2,0.0
11743,0.0,0,7.613333993155613e-06,2,0,0,0,77.13333993155614,2,0.0
